"nombre_sensor,""zona"",""valor"",""latitud"",""longitud"""
"ESP32_Ultra_01,""Universidad"",""3604"",""-163933333333333"",""-715288888888889"""
"ESP32_Ultra_01,""Universidad"",""6756"",""-163933333333333"",""-715288888888889"""
"ESP32_Ultra_01,""Universidad"",""5701"",""-163933333333333"",""-715288888888889"""
"ESP32_Ultra_01,""Universidad"",""261"",""-163933333333333"",""-715288888888889"""
"ESP32_Ultra_01,""Universidad"",""3999"",""-163933333333333"",""-715288888888889"""
"ESP32_Ultra_01,""Universidad"",""7586"",""-163933333333333"",""-715288888888889"""
"ESP32_Ultra_01,""Universidad"",""2041"",""-163933333333333"",""-715288888888889"""
"ESP32_Ultra_01,""Universidad"",""1098"",""-163933333333333"",""-715288888888889"""
"ESP32_Ultra_01,""Universidad"",""6744"",""-163933333333333"",""-715288888888889"""
"ESP32_Ultra_01,""Universidad"",""7036"",""-163933333333333"",""-715288888888889"""
"ESP32_Ultra_01,""Universidad"",""7927"",""-163933333333333"",""-715288888888889"""
"ESP32_Ultra_01,""Universidad"",""6512"",""-163933333333333"",""-715288888888889"""
"ESP32_Ultra_01,""Universidad"",""547"",""-163933333333333"",""-715288888888889"""
"ESP32_Ultra_01,""Universidad"",""4141"",""-163933333333333"",""-715288888888889"""
"ESP32_Ultra_01,""Universidad"",""4207"",""-163933333333333"",""-715288888888889"""
"ESP32_Ultra_01,""Universidad"",""476"",""-163933333333333"",""-715288888888889"""
"ESP32_Ultra_01,""Universidad"",""1976"",""-163933333333333"",""-715288888888889"""
"ESP32_Ultra_01,""Universidad"",""7914"",""-163933333333333"",""-715288888888889"""
"ESP32_Ultra_01,""Universidad"",""340"",""-163933333333333"",""-715288888888889"""
"ESP32_Ultra_01,""Universidad"",""6446"",""-163933333333333"",""-715288888888889"""
"ESP32_Ultra_01,""Universidad"",""6113"",""-163933333333333"",""-715288888888889"""
"ESP32_Ultra_01,""Universidad"",""4859"",""-163933333333333"",""-715288888888889"""
"ESP32_Ultra_01,""Universidad"",""2469"",""-163933333333333"",""-715288888888889"""
"ESP32_Ultra_01,""Universidad"",""7731"",""-163933333333333"",""-715288888888889"""
"ESP32_Ultra_01,""Universidad"",""2061"",""-163933333333333"",""-715288888888889"""
"ESP32_Ultra_01,""Universidad"",""2824"",""-163933333333333"",""-715288888888889"""
"ESP32_Ultra_01,""Universidad"",""4351"",""-163933333333333"",""-715288888888889"""
"ESP32_Ultra_01,""Universidad"",""3795"",""-163933333333333"",""-715288888888889"""
"ESP32_Ultra_01,""Universidad"",""538"",""-163933333333333"",""-715288888888889"""
"ESP32_Ultra_01,""Universidad"",""4984"",""-163933333333333"",""-715288888888889"""
"ESP32_Ultra_01,""Universidad"",""6665"",""-163933333333333"",""-715288888888889"""
"ESP32_Ultra_01,""Universidad"",""3441"",""-163933333333333"",""-715288888888889"""
"ESP32_Ultra_01,""Universidad"",""5783"",""-163933333333333"",""-715288888888889"""
"ESP32_Ultra_01,""Universidad"",""332"",""-163933333333333"",""-715288888888889"""
"ESP32_Ultra_01,""Universidad"",""2275"",""-163933333333333"",""-715288888888889"""
"ESP32_Ultra_01,""Universidad"",""140"",""-163933333333333"",""-715288888888889"""
"ESP32_Ultra_01,""Universidad"",""5745"",""-163933333333333"",""-715288888888889"""
"ESP32_Ultra_01,""Universidad"",""2525"",""-163933333333333"",""-715288888888889"""
"ESP32_Ultra_01,""Universidad"",""7317"",""-163933333333333"",""-715288888888889"""
"ESP32_Ultra_01,""Universidad"",""5475"",""-163933333333333"",""-715288888888889"""
"ESP32_Ultra_01,""Universidad"",""7776"",""-163933333333333"",""-715288888888889"""
"ESP32_Ultra_01,""Universidad"",""1163"",""-163933333333333"",""-715288888888889"""
"ESP32_Ultra_01,""Universidad"",""3617"",""-163933333333333"",""-715288888888889"""
"ESP32_Ultra_01,""Universidad"",""6611"",""-163933333333333"",""-715288888888889"""
"ESP32_Ultra_01,""Universidad"",""1995"",""-163933333333333"",""-715288888888889"""
"ESP32_Ultra_01,""Universidad"",""1911"",""-163933333333333"",""-715288888888889"""
"ESP32_Ultra_01,""Universidad"",""6868"",""-163933333333333"",""-715288888888889"""
"ESP32_Ultra_01,""Universidad"",""2522"",""-163933333333333"",""-715288888888889"""
"ESP32_Ultra_01,""Universidad"",""6258"",""-163933333333333"",""-715288888888889"""
"ESP32_Ultra_01,""Universidad"",""2805"",""-163933333333333"",""-715288888888889"""
"ESP32_Ultra_01,""Universidad"",""4953"",""-163933333333333"",""-715288888888889"""
"ESP32_Ultra_01,""Universidad"",""74"",""-163933333333333"",""-715288888888889"""
"ESP32_Ultra_01,""Universidad"",""376"",""-163933333333333"",""-715288888888889"""
"ESP32_Ultra_01,""Universidad"",""4663"",""-163933333333333"",""-715288888888889"""
"ESP32_Ultra_01,""Universidad"",""135"",""-163933333333333"",""-715288888888889"""
"ESP32_Ultra_01,""Universidad"",""1543"",""-163933333333333"",""-715288888888889"""
"ESP32_Ultra_01,""Universidad"",""7324"",""-163933333333333"",""-715288888888889"""
"ESP32_Ultra_01,""Universidad"",""4499"",""-163933333333333"",""-715288888888889"""
"ESP32_Ultra_01,""Universidad"",""5963"",""-163933333333333"",""-715288888888889"""
"ESP32_Ultra_01,""Universidad"",""4226"",""-163933333333333"",""-715288888888889"""
"ESP32_Ultra_01,""Universidad"",""2868"",""-163933333333333"",""-715288888888889"""
"ESP32_Ultra_01,""Universidad"",""4678"",""-163933333333333"",""-715288888888889"""
"ESP32_Ultra_01,""Universidad"",""392"",""-163933333333333"",""-715288888888889"""
"ESP32_Ultra_01,""Universidad"",""8088"",""-163933333333333"",""-715288888888889"""
"ESP32_Ultra_01,""Universidad"",""3749"",""-163933333333333"",""-715288888888889"""
"ESP32_Ultra_01,""Universidad"",""5133"",""-163933333333333"",""-715288888888889"""
"ESP32_Ultra_01,""Universidad"",""704"",""-163933333333333"",""-715288888888889"""
"ESP32_Ultra_01,""Universidad"",""4645"",""-163933333333333"",""-715288888888889"""
"ESP32_Ultra_01,""Universidad"",""7548"",""-163933333333333"",""-715288888888889"""
"ESP32_Ultra_01,""Universidad"",""5555"",""-163933333333333"",""-715288888888889"""
"ESP32_Ultra_01,""Universidad"",""6715"",""-163933333333333"",""-715288888888889"""
"ESP32_Ultra_01,""Universidad"",""485"",""-163933333333333"",""-715288888888889"""
"ESP32_Ultra_01,""Universidad"",""4833"",""-163933333333333"",""-715288888888889"""
"ESP32_Ultra_01,""Universidad"",""2819"",""-163933333333333"",""-715288888888889"""
"ESP32_Ultra_01,""Universidad"",""5623"",""-163933333333333"",""-715288888888889"""
"ESP32_Ultra_01,""Universidad"",""251"",""-163933333333333"",""-715288888888889"""
"ESP32_Ultra_01,""Universidad"",""827"",""-163933333333333"",""-715288888888889"""
"ESP32_Ultra_01,""Universidad"",""3363"",""-163933333333333"",""-715288888888889"""
"ESP32_Ultra_01,""Universidad"",""7632"",""-163933333333333"",""-715288888888889"""
"ESP32_Ultra_01,""Universidad"",""5439"",""-163933333333333"",""-715288888888889"""
"ESP32_Ultra_01,""Universidad"",""4038"",""-163933333333333"",""-715288888888889"""
"ESP32_Ultra_01,""Universidad"",""413"",""-163933333333333"",""-715288888888889"""
"ESP32_Ultra_01,""Universidad"",""5289"",""-163933333333333"",""-715288888888889"""
"ESP32_Ultra_01,""Universidad"",""6706"",""-163933333333333"",""-715288888888889"""
"ESP32_Ultra_01,""Universidad"",""484"",""-163933333333333"",""-715288888888889"""
"ESP32_Ultra_01,""Universidad"",""2169"",""-163933333333333"",""-715288888888889"""
"ESP32_Ultra_01,""Universidad"",""3133"",""-163933333333333"",""-715288888888889"""
"ESP32_Ultra_01,""Universidad"",""6416"",""-163933333333333"",""-715288888888889"""
"ESP32_Ultra_01,""Universidad"",""634"",""-163933333333333"",""-715288888888889"""
"ESP32_Ultra_01,""Universidad"",""2144"",""-163933333333333"",""-715288888888889"""
"ESP32_Ultra_01,""Universidad"",""1954"",""-163933333333333"",""-715288888888889"""
"ESP32_Ultra_01,""Universidad"",""7973"",""-163933333333333"",""-715288888888889"""
"ESP32_Ultra_01,""Universidad"",""6897"",""-163933333333333"",""-715288888888889"""
"ESP32_Ultra_01,""Universidad"",""574"",""-163933333333333"",""-715288888888889"""
"ESP32_Ultra_01,""Universidad"",""7421"",""-163933333333333"",""-715288888888889"""
"ESP32_Ultra_01,""Universidad"",""2607"",""-163933333333333"",""-715288888888889"""
"ESP32_Ultra_01,""Universidad"",""7806"",""-163933333333333"",""-715288888888889"""
"ESP32_Ultra_01,""Universidad"",""2948"",""-163933333333333"",""-715288888888889"""
"ESP32_Ultra_01,""Universidad"",""5778"",""-163933333333333"",""-715288888888889"""
"ESP32_Ultra_01,""Universidad"",""5732"",""-163933333333333"",""-715288888888889"""
"ESP32_Ultra_01,""Universidad"",""6654"",""-163933333333333"",""-715288888888889"""
"ESP32_Ultra_01,""Universidad"",""3973"",""-163933333333333"",""-715288888888889"""
"ESP32_Ultra_01,""Universidad"",""4371"",""-163933333333333"",""-715288888888889"""
"ESP32_Ultra_01,""Universidad"",""2701"",""-163933333333333"",""-715288888888889"""
"ESP32_Ultra_01,""Universidad"",""1045"",""-163933333333333"",""-715288888888889"""
"ESP32_Ultra_01,""Universidad"",""5284"",""-163933333333333"",""-715288888888889"""
"ESP32_Ultra_01,""Universidad"",""669"",""-163933333333333"",""-715288888888889"""
"ESP32_Ultra_01,""Universidad"",""677"",""-163933333333333"",""-715288888888889"""
"ESP32_Ultra_01,""Universidad"",""4292"",""-163933333333333"",""-715288888888889"""
"ESP32_Ultra_01,""Universidad"",""735"",""-163933333333333"",""-715288888888889"""
"ESP32_Ultra_01,""Universidad"",""7118"",""-163933333333333"",""-715288888888889"""
"ESP32_Ultra_01,""Universidad"",""8017"",""-163933333333333"",""-715288888888889"""
"ESP32_Ultra_01,""Universidad"",""6355"",""-163933333333333"",""-715288888888889"""
"ESP32_Ultra_01,""Universidad"",""7311"",""-163933333333333"",""-715288888888889"""
"ESP32_Ultra_01,""Universidad"",""2735"",""-163933333333333"",""-715288888888889"""
"ESP32_Ultra_01,""Universidad"",""6544"",""-163933333333333"",""-715288888888889"""
"ESP32_Ultra_01,""Universidad"",""812"",""-163933333333333"",""-715288888888889"""
"ESP32_Ultra_01,""Universidad"",""7129"",""-163933333333333"",""-715288888888889"""
"ESP32_Ultra_01,""Universidad"",""577"",""-163933333333333"",""-715288888888889"""
"ESP32_Ultra_01,""Universidad"",""736"",""-163933333333333"",""-715288888888889"""
"ESP32_Ultra_01,""Universidad"",""7213"",""-163933333333333"",""-715288888888889"""
"ESP32_Ultra_01,""Universidad"",""6132"",""-163933333333333"",""-715288888888889"""
"ESP32_Ultra_01,""Universidad"",""6912"",""-163933333333333"",""-715288888888889"""
"ESP32_Ultra_01,""Universidad"",""4036"",""-163933333333333"",""-715288888888889"""
"ESP32_Ultra_01,""Universidad"",""6456"",""-163933333333333"",""-715288888888889"""
"ESP32_Ultra_01,""Universidad"",""3309"",""-163933333333333"",""-715288888888889"""
"ESP32_Ultra_01,""Universidad"",""965"",""-163933333333333"",""-715288888888889"""
"ESP32_Ultra_01,""Universidad"",""1661"",""-163933333333333"",""-715288888888889"""
"ESP32_Ultra_01,""Universidad"",""263"",""-163933333333333"",""-715288888888889"""
"ESP32_Ultra_01,""Universidad"",""7312"",""-163933333333333"",""-715288888888889"""
"ESP32_Ultra_01,""Universidad"",""6468"",""-163933333333333"",""-715288888888889"""
"ESP32_Ultra_01,""Universidad"",""1365"",""-163933333333333"",""-715288888888889"""
"ESP32_Ultra_01,""Universidad"",""3712"",""-163933333333333"",""-715288888888889"""
"ESP32_Ultra_01,""Universidad"",""4187"",""-163933333333333"",""-715288888888889"""
"ESP32_Ultra_01,""Universidad"",""4522"",""-163933333333333"",""-715288888888889"""
"ESP32_Ultra_01,""Universidad"",""6782"",""-163933333333333"",""-715288888888889"""
"ESP32_Ultra_01,""Universidad"",""235"",""-163933333333333"",""-715288888888889"""
"ESP32_Ultra_01,""Universidad"",""4258"",""-163933333333333"",""-715288888888889"""
"ESP32_Ultra_01,""Universidad"",""7741"",""-163933333333333"",""-715288888888889"""
"ESP32_Ultra_01,""Universidad"",""2344"",""-163933333333333"",""-715288888888889"""
"ESP32_Ultra_01,""Universidad"",""7765"",""-163933333333333"",""-715288888888889"""
"ESP32_Ultra_01,""Universidad"",""59"",""-163933333333333"",""-715288888888889"""
"ESP32_Ultra_01,""Universidad"",""6149"",""-163933333333333"",""-715288888888889"""
"ESP32_Ultra_01,""Universidad"",""1371"",""-163933333333333"",""-715288888888889"""
"ESP32_Ultra_01,""Universidad"",""1307"",""-163933333333333"",""-715288888888889"""
"ESP32_Ultra_01,""Universidad"",""4775"",""-163933333333333"",""-715288888888889"""
"ESP32_Ultra_01,""Universidad"",""796"",""-163933333333333"",""-715288888888889"""
"ESP32_Ultra_01,""Universidad"",""3418"",""-163933333333333"",""-715288888888889"""
"ESP32_Ultra_01,""Universidad"",""6284"",""-163933333333333"",""-715288888888889"""
"ESP32_Ultra_01,""Universidad"",""1736"",""-163933333333333"",""-715288888888889"""
"ESP32_Ultra_01,""Universidad"",""1804"",""-163933333333333"",""-715288888888889"""
"ESP32_Ultra_01,""Universidad"",""7915"",""-163933333333333"",""-715288888888889"""
"ESP32_Ultra_01,""Universidad"",""744"",""-163933333333333"",""-715288888888889"""
"ESP32_Ultra_01,""Universidad"",""2881"",""-163933333333333"",""-715288888888889"""
"ESP32_Ultra_01,""Universidad"",""6445"",""-163933333333333"",""-715288888888889"""
"ESP32_Ultra_01,""Universidad"",""5774"",""-163933333333333"",""-715288888888889"""
"ESP32_Ultra_01,""Universidad"",""5253"",""-163933333333333"",""-715288888888889"""
"ESP32_Ultra_01,""Universidad"",""3287"",""-163933333333333"",""-715288888888889"""
"ESP32_Ultra_01,""Universidad"",""3419"",""-163933333333333"",""-715288888888889"""
"ESP32_Ultra_01,""Universidad"",""6391"",""-163933333333333"",""-715288888888889"""
"ESP32_Ultra_01,""Universidad"",""2356"",""-163933333333333"",""-715288888888889"""
"ESP32_Ultra_01,""Universidad"",""3644"",""-163933333333333"",""-715288888888889"""
"ESP32_Ultra_01,""Universidad"",""2262"",""-163933333333333"",""-715288888888889"""
"ESP32_Ultra_01,""Universidad"",""4864"",""-163933333333333"",""-715288888888889"""
"ESP32_Ultra_01,""Universidad"",""1448"",""-163933333333333"",""-715288888888889"""
"ESP32_Ultra_01,""Universidad"",""4151"",""-163933333333333"",""-715288888888889"""
"ESP32_Ultra_01,""Universidad"",""3897"",""-163933333333333"",""-715288888888889"""
"ESP32_Ultra_01,""Universidad"",""1852"",""-163933333333333"",""-715288888888889"""
"ESP32_Ultra_01,""Universidad"",""3645"",""-163933333333333"",""-715288888888889"""
"ESP32_Ultra_01,""Universidad"",""1217"",""-163933333333333"",""-715288888888889"""
"ESP32_Ultra_01,""Universidad"",""155"",""-163933333333333"",""-715288888888889"""
"ESP32_Ultra_01,""Universidad"",""1658"",""-163933333333333"",""-715288888888889"""
"ESP32_Ultra_01,""Universidad"",""4536"",""-163933333333333"",""-715288888888889"""
"ESP32_Ultra_01,""Universidad"",""5008"",""-163933333333333"",""-715288888888889"""
"ESP32_Ultra_01,""Universidad"",""5906"",""-163933333333333"",""-715288888888889"""
"ESP32_Ultra_01,""Universidad"",""2794"",""-163933333333333"",""-715288888888889"""
"ESP32_Ultra_01,""Universidad"",""218"",""-163933333333333"",""-715288888888889"""
"ESP32_Ultra_01,""Universidad"",""5159"",""-163933333333333"",""-715288888888889"""
"ESP32_Ultra_01,""Universidad"",""4867"",""-163933333333333"",""-715288888888889"""
"ESP32_Ultra_01,""Universidad"",""3441"",""-163933333333333"",""-715288888888889"""
"ESP32_Ultra_01,""Universidad"",""3019"",""-163933333333333"",""-715288888888889"""
"ESP32_Ultra_01,""Universidad"",""6648"",""-163933333333333"",""-715288888888889"""
"ESP32_Ultra_01,""Universidad"",""5258"",""-163933333333333"",""-715288888888889"""
"ESP32_Ultra_01,""Universidad"",""365"",""-163933333333333"",""-715288888888889"""
"ESP32_Ultra_01,""Universidad"",""2152"",""-163933333333333"",""-715288888888889"""
"ESP32_Ultra_01,""Universidad"",""1485"",""-163933333333333"",""-715288888888889"""
"ESP32_Ultra_01,""Universidad"",""7554"",""-163933333333333"",""-715288888888889"""
"ESP32_Ultra_01,""Universidad"",""209"",""-163933333333333"",""-715288888888889"""
"ESP32_Ultra_01,""Universidad"",""5398"",""-163933333333333"",""-715288888888889"""
"ESP32_Ultra_01,""Universidad"",""1365"",""-163933333333333"",""-715288888888889"""
"ESP32_Ultra_01,""Universidad"",""254"",""-163933333333333"",""-715288888888889"""
"ESP32_Ultra_01,""Universidad"",""3478"",""-163933333333333"",""-715288888888889"""
"ESP32_Ultra_01,""Universidad"",""6093"",""-163933333333333"",""-715288888888889"""
"ESP32_Ultra_01,""Universidad"",""4532"",""-119972222222222"",""-770547222222222"""
"ESP32_Ultra_01,""Universidad"",""1529"",""-119972222222222"",""-770547222222222"""
"ESP32_Ultra_01,""Universidad"",""6947"",""-119972222222222"",""-770547222222222"""
"ESP32_Ultra_01,""Universidad"",""6165"",""-119972222222222"",""-770547222222222"""
"ESP32_Ultra_01,""Universidad"",""5854"",""-119972222222222"",""-770547222222222"""
"ESP32_Ultra_01,""Universidad"",""3564"",""-119972222222222"",""-770547222222222"""
"ESP32_Ultra_01,""Universidad"",""512"",""-119972222222222"",""-770547222222222"""
"ESP32_Ultra_01,""Universidad"",""2648"",""-119972222222222"",""-770547222222222"""
"ESP32_Ultra_01,""Universidad"",""2519"",""-119972222222222"",""-770547222222222"""
"ESP32_Ultra_01,""Universidad"",""4014"",""-119972222222222"",""-770547222222222"""
"ESP32_Ultra_01,""Universidad"",""5545"",""-119972222222222"",""-770547222222222"""
"ESP32_Ultra_01,""Universidad"",""5017"",""-119972222222222"",""-770547222222222"""
"ESP32_Ultra_01,""Universidad"",""878"",""-119972222222222"",""-770547222222222"""
"ESP32_Ultra_01,""Universidad"",""744"",""-119972222222222"",""-770547222222222"""
"ESP32_Ultra_01,""Universidad"",""5294"",""-119972222222222"",""-770547222222222"""
"ESP32_Ultra_01,""Universidad"",""1303"",""-119972222222222"",""-770547222222222"""
"ESP32_Ultra_01,""Universidad"",""4172"",""-119972222222222"",""-770547222222222"""
"ESP32_Ultra_01,""Universidad"",""2598"",""-119972222222222"",""-770547222222222"""
"ESP32_Ultra_01,""Universidad"",""5601"",""-119972222222222"",""-770547222222222"""
"ESP32_Ultra_01,""Universidad"",""3211"",""-119972222222222"",""-770547222222222"""
"ESP32_Ultra_01,""Universidad"",""3692"",""-119972222222222"",""-770547222222222"""
"ESP32_Ultra_01,""Universidad"",""2571"",""-119972222222222"",""-770547222222222"""
"ESP32_Ultra_01,""Universidad"",""489"",""-119972222222222"",""-770547222222222"""
"ESP32_Ultra_01,""Universidad"",""808"",""-119972222222222"",""-770547222222222"""
"ESP32_Ultra_01,""Universidad"",""2482"",""-119972222222222"",""-770547222222222"""
"ESP32_Ultra_01,""Universidad"",""3371"",""-119972222222222"",""-770547222222222"""
"ESP32_Ultra_01,""Universidad"",""941"",""-119972222222222"",""-770547222222222"""
"ESP32_Ultra_01,""Universidad"",""447"",""-119972222222222"",""-770547222222222"""
"ESP32_Ultra_01,""Universidad"",""1844"",""-119972222222222"",""-770547222222222"""
"ESP32_Ultra_01,""Universidad"",""3864"",""-119972222222222"",""-770547222222222"""
"ESP32_Ultra_01,""Universidad"",""5966"",""-119972222222222"",""-770547222222222"""
"ESP32_Ultra_01,""Universidad"",""7121"",""-119972222222222"",""-770547222222222"""
"ESP32_Ultra_01,""Universidad"",""691"",""-119972222222222"",""-770547222222222"""
"ESP32_Ultra_01,""Universidad"",""5979"",""-119972222222222"",""-770547222222222"""
"ESP32_Ultra_01,""Universidad"",""7999"",""-119972222222222"",""-770547222222222"""
"ESP32_Ultra_01,""Universidad"",""6642"",""-119972222222222"",""-770547222222222"""
"ESP32_Ultra_01,""Universidad"",""6031"",""-119972222222222"",""-770547222222222"""
"ESP32_Ultra_01,""Universidad"",""278"",""-119972222222222"",""-770547222222222"""
"ESP32_Ultra_01,""Universidad"",""2723"",""-119972222222222"",""-770547222222222"""
"ESP32_Ultra_01,""Universidad"",""1697"",""-119972222222222"",""-770547222222222"""
"ESP32_Ultra_01,""Universidad"",""7555"",""-119972222222222"",""-770547222222222"""
"ESP32_Ultra_01,""Universidad"",""7937"",""-119972222222222"",""-770547222222222"""
"ESP32_Ultra_01,""Universidad"",""675"",""-119972222222222"",""-770547222222222"""
"ESP32_Ultra_01,""Universidad"",""122"",""-119972222222222"",""-770547222222222"""
"ESP32_Ultra_01,""Universidad"",""6422"",""-119972222222222"",""-770547222222222"""
"ESP32_Ultra_01,""Universidad"",""3052"",""-119972222222222"",""-770547222222222"""
"ESP32_Ultra_01,""Universidad"",""2674"",""-119972222222222"",""-770547222222222"""
"ESP32_Ultra_01,""Universidad"",""2995"",""-119972222222222"",""-770547222222222"""
"ESP32_Ultra_01,""Universidad"",""561"",""-119972222222222"",""-770547222222222"""
"ESP32_Ultra_01,""Universidad"",""2968"",""-119972222222222"",""-770547222222222"""
"ESP32_Ultra_01,""Universidad"",""183"",""-119972222222222"",""-770547222222222"""
"ESP32_Ultra_01,""Universidad"",""4604"",""-119972222222222"",""-770547222222222"""
"ESP32_Ultra_01,""Universidad"",""562"",""-119972222222222"",""-770547222222222"""
"ESP32_Ultra_01,""Universidad"",""1422"",""-119972222222222"",""-770547222222222"""
"ESP32_Ultra_01,""Universidad"",""5447"",""-119972222222222"",""-770547222222222"""
"ESP32_Ultra_01,""Universidad"",""4469"",""-119972222222222"",""-770547222222222"""
"ESP32_Ultra_01,""Universidad"",""7284"",""-119972222222222"",""-770547222222222"""
"ESP32_Ultra_01,""Universidad"",""2299"",""-119972222222222"",""-770547222222222"""
"ESP32_Ultra_01,""Universidad"",""1678"",""-119972222222222"",""-770547222222222"""
"ESP32_Ultra_01,""Universidad"",""3388"",""-119972222222222"",""-770547222222222"""
"ESP32_Ultra_01,""Universidad"",""4764"",""-119972222222222"",""-770547222222222"""
"ESP32_Ultra_01,""Universidad"",""3269"",""-119972222222222"",""-770547222222222"""
"ESP32_Ultra_01,""Universidad"",""3886"",""-119972222222222"",""-770547222222222"""
"ESP32_Ultra_01,""Universidad"",""4099"",""-119972222222222"",""-770547222222222"""
"ESP32_Ultra_01,""Universidad"",""4149"",""-119972222222222"",""-770547222222222"""
"ESP32_Ultra_01,""Universidad"",""5194"",""-119972222222222"",""-770547222222222"""
"ESP32_Ultra_01,""Universidad"",""7707"",""-119972222222222"",""-770547222222222"""
"ESP32_Ultra_01,""Universidad"",""216"",""-119972222222222"",""-770547222222222"""
"ESP32_Ultra_01,""Universidad"",""7853"",""-119972222222222"",""-770547222222222"""
"ESP32_Ultra_01,""Universidad"",""5307"",""-119972222222222"",""-770547222222222"""
"ESP32_Ultra_01,""Universidad"",""3944"",""-119972222222222"",""-770547222222222"""
"ESP32_Ultra_01,""Universidad"",""7915"",""-119972222222222"",""-770547222222222"""
"ESP32_Ultra_01,""Universidad"",""3905"",""-119972222222222"",""-770547222222222"""
"ESP32_Ultra_01,""Universidad"",""2734"",""-119972222222222"",""-770547222222222"""
"ESP32_Ultra_01,""Universidad"",""835"",""-119972222222222"",""-770547222222222"""
"ESP32_Ultra_01,""Universidad"",""321"",""-119972222222222"",""-770547222222222"""
"ESP32_Ultra_01,""Universidad"",""1475"",""-119972222222222"",""-770547222222222"""
"ESP32_Ultra_01,""Universidad"",""6641"",""-119972222222222"",""-770547222222222"""
"ESP32_Ultra_01,""Universidad"",""314"",""-119972222222222"",""-770547222222222"""
"ESP32_Ultra_01,""Universidad"",""4803"",""-119972222222222"",""-770547222222222"""
"ESP32_Ultra_01,""Universidad"",""4278"",""-119972222222222"",""-770547222222222"""
"ESP32_Ultra_01,""Universidad"",""189"",""-119972222222222"",""-770547222222222"""
"ESP32_Ultra_01,""Universidad"",""497"",""-119972222222222"",""-770547222222222"""
"ESP32_Ultra_01,""Universidad"",""1733"",""-119972222222222"",""-770547222222222"""
"ESP32_Ultra_01,""Universidad"",""3957"",""-119972222222222"",""-770547222222222"""
"ESP32_Ultra_01,""Universidad"",""6728"",""-119972222222222"",""-770547222222222"""
"ESP32_Ultra_01,""Universidad"",""2329"",""-119972222222222"",""-770547222222222"""
"ESP32_Ultra_01,""Universidad"",""545"",""-119972222222222"",""-770547222222222"""
"ESP32_Ultra_01,""Universidad"",""7615"",""-119972222222222"",""-770547222222222"""
"ESP32_Ultra_01,""Universidad"",""4465"",""-119972222222222"",""-770547222222222"""
"ESP32_Ultra_01,""Universidad"",""3536"",""-119972222222222"",""-770547222222222"""
"ESP32_Ultra_01,""Universidad"",""589"",""-119972222222222"",""-770547222222222"""
"ESP32_Ultra_01,""Universidad"",""6794"",""-119972222222222"",""-770547222222222"""
"ESP32_Ultra_01,""Universidad"",""764"",""-119972222222222"",""-770547222222222"""
"ESP32_Ultra_01,""Universidad"",""409"",""-119972222222222"",""-770547222222222"""
"ESP32_Ultra_01,""Universidad"",""5073"",""-119972222222222"",""-770547222222222"""
"ESP32_Ultra_01,""Universidad"",""3768"",""-119972222222222"",""-770547222222222"""
"ESP32_Ultra_01,""Universidad"",""281"",""-119972222222222"",""-770547222222222"""
"ESP32_Ultra_01,""Universidad"",""4608"",""-119972222222222"",""-770547222222222"""
"ESP32_Ultra_01,""Universidad"",""7149"",""-119972222222222"",""-770547222222222"""
"ESP32_Ultra_01,""Universidad"",""5435"",""-119972222222222"",""-770547222222222"""
"ESP32_Ultra_01,""Universidad"",""793"",""-119972222222222"",""-770547222222222"""
"ESP32_Ultra_01,""Universidad"",""7156"",""-119972222222222"",""-770547222222222"""
"ESP32_Ultra_01,""Universidad"",""310"",""-119972222222222"",""-770547222222222"""
"ESP32_Ultra_01,""Universidad"",""3675"",""-119972222222222"",""-770547222222222"""
"ESP32_Ultra_01,""Universidad"",""157"",""-119972222222222"",""-770547222222222"""
"ESP32_Ultra_01,""Universidad"",""1147"",""-119972222222222"",""-770547222222222"""
"ESP32_Ultra_01,""Universidad"",""5611"",""-119972222222222"",""-770547222222222"""
"ESP32_Ultra_01,""Universidad"",""7643"",""-119972222222222"",""-770547222222222"""
"ESP32_Ultra_01,""Universidad"",""1674"",""-119972222222222"",""-770547222222222"""
"ESP32_Ultra_01,""Universidad"",""7862"",""-119972222222222"",""-770547222222222"""
"ESP32_Ultra_01,""Universidad"",""63"",""-119972222222222"",""-770547222222222"""
"ESP32_Ultra_01,""Universidad"",""5998"",""-119972222222222"",""-770547222222222"""
"ESP32_Ultra_01,""Universidad"",""802"",""-119972222222222"",""-770547222222222"""
"ESP32_Ultra_01,""Universidad"",""7024"",""-119972222222222"",""-770547222222222"""
"ESP32_Ultra_01,""Universidad"",""7471"",""-119972222222222"",""-770547222222222"""
"ESP32_Ultra_01,""Universidad"",""4558"",""-119972222222222"",""-770547222222222"""
"ESP32_Ultra_01,""Universidad"",""1735"",""-119972222222222"",""-770547222222222"""
"ESP32_Ultra_01,""Universidad"",""342"",""-119972222222222"",""-770547222222222"""
"ESP32_Ultra_01,""Universidad"",""1847"",""-119972222222222"",""-770547222222222"""
"ESP32_Ultra_01,""Universidad"",""4197"",""-119972222222222"",""-770547222222222"""
"ESP32_Ultra_01,""Universidad"",""3712"",""-119972222222222"",""-770547222222222"""
"ESP32_Ultra_01,""Universidad"",""7577"",""-119972222222222"",""-770547222222222"""
"ESP32_Ultra_01,""Universidad"",""4791"",""-119972222222222"",""-770547222222222"""
"ESP32_Ultra_01,""Universidad"",""4186"",""-119972222222222"",""-770547222222222"""
"ESP32_Ultra_01,""Universidad"",""407"",""-119972222222222"",""-770547222222222"""
"ESP32_Ultra_01,""Universidad"",""4082"",""-119972222222222"",""-770547222222222"""
"ESP32_Ultra_01,""Universidad"",""222"",""-119972222222222"",""-770547222222222"""
"ESP32_Ultra_01,""Universidad"",""233"",""-119972222222222"",""-770547222222222"""
"ESP32_Ultra_01,""Universidad"",""879"",""-119972222222222"",""-770547222222222"""
"ESP32_Ultra_01,""Universidad"",""3695"",""-119972222222222"",""-770547222222222"""
"ESP32_Ultra_01,""Universidad"",""6892"",""-119972222222222"",""-770547222222222"""
"ESP32_Ultra_01,""Universidad"",""2456"",""-119972222222222"",""-770547222222222"""
"ESP32_Ultra_01,""Universidad"",""7352"",""-119972222222222"",""-770547222222222"""
"ESP32_Ultra_01,""Universidad"",""881"",""-119972222222222"",""-770547222222222"""
"ESP32_Ultra_01,""Universidad"",""3783"",""-119972222222222"",""-770547222222222"""
"ESP32_Ultra_01,""Universidad"",""7787"",""-119972222222222"",""-770547222222222"""
"ESP32_Ultra_01,""Universidad"",""5754"",""-119972222222222"",""-770547222222222"""
"ESP32_Ultra_01,""Universidad"",""790"",""-119972222222222"",""-770547222222222"""
"ESP32_Ultra_01,""Universidad"",""381"",""-119972222222222"",""-770547222222222"""
"ESP32_Ultra_01,""Universidad"",""5957"",""-119972222222222"",""-770547222222222"""
"ESP32_Ultra_01,""Universidad"",""3332"",""-119972222222222"",""-770547222222222"""
"ESP32_Ultra_01,""Universidad"",""6055"",""-119972222222222"",""-770547222222222"""
"ESP32_Ultra_01,""Universidad"",""974"",""-119972222222222"",""-770547222222222"""
"ESP32_Ultra_01,""Universidad"",""2306"",""-119972222222222"",""-770547222222222"""
"ESP32_Ultra_01,""Universidad"",""738"",""-119972222222222"",""-770547222222222"""
"ESP32_Ultra_01,""Universidad"",""7091"",""-119972222222222"",""-770547222222222"""
"ESP32_Ultra_01,""Universidad"",""3652"",""-119972222222222"",""-770547222222222"""
"ESP32_Ultra_01,""Universidad"",""5039"",""-119972222222222"",""-770547222222222"""
"ESP32_Ultra_01,""Universidad"",""7045"",""-119972222222222"",""-770547222222222"""
"ESP32_Ultra_01,""Universidad"",""3807"",""-119972222222222"",""-770547222222222"""
"ESP32_Ultra_01,""Universidad"",""6614"",""-119972222222222"",""-770547222222222"""
"ESP32_Ultra_01,""Universidad"",""5936"",""-119972222222222"",""-770547222222222"""
"ESP32_Ultra_01,""Universidad"",""2458"",""-119972222222222"",""-770547222222222"""
"ESP32_Ultra_01,""Universidad"",""2016"",""-119972222222222"",""-770547222222222"""
"ESP32_Ultra_01,""Universidad"",""3647"",""-119972222222222"",""-770547222222222"""
"ESP32_Ultra_01,""Universidad"",""5184"",""-119972222222222"",""-770547222222222"""
"ESP32_Ultra_01,""Universidad"",""178"",""-119972222222222"",""-770547222222222"""
"ESP32_Ultra_01,""Universidad"",""7405"",""-119972222222222"",""-770547222222222"""
"ESP32_Ultra_01,""Universidad"",""3292"",""-119972222222222"",""-770547222222222"""
"ESP32_Ultra_01,""Universidad"",""2079"",""-119972222222222"",""-770547222222222"""
"ESP32_Ultra_01,""Universidad"",""7503"",""-119972222222222"",""-770547222222222"""
"ESP32_Ultra_01,""Universidad"",""4914"",""-119972222222222"",""-770547222222222"""
"ESP32_Ultra_01,""Universidad"",""6231"",""-119972222222222"",""-770547222222222"""
"ESP32_Ultra_01,""Universidad"",""1096"",""-119972222222222"",""-770547222222222"""
"ESP32_Ultra_01,""Universidad"",""7179"",""-119972222222222"",""-770547222222222"""
"ESP32_Ultra_01,""Universidad"",""2972"",""-119972222222222"",""-770547222222222"""
"ESP32_Ultra_01,""Universidad"",""4525"",""-119972222222222"",""-770547222222222"""
"ESP32_Ultra_01,""Universidad"",""5933"",""-119972222222222"",""-770547222222222"""
"ESP32_Ultra_01,""Universidad"",""6465"",""-119972222222222"",""-770547222222222"""
"ESP32_Ultra_01,""Universidad"",""1247"",""-119972222222222"",""-770547222222222"""
"ESP32_Ultra_01,""Universidad"",""3064"",""-119972222222222"",""-770547222222222"""
"ESP32_Ultra_01,""Universidad"",""128"",""-119972222222222"",""-770547222222222"""
"ESP32_Ultra_01,""Universidad"",""4488"",""-119972222222222"",""-770547222222222"""
"ESP32_Ultra_01,""Universidad"",""7204"",""-119972222222222"",""-770547222222222"""
"ESP32_Ultra_01,""Universidad"",""650"",""-119972222222222"",""-770547222222222"""
"ESP32_Ultra_01,""Universidad"",""5415"",""-904166666666667"",""-786077777777778"""
"ESP32_Ultra_01,""Universidad"",""3359"",""-904166666666667"",""-786077777777778"""
"ESP32_Ultra_01,""Universidad"",""483"",""-904166666666667"",""-786077777777778"""
"ESP32_Ultra_01,""Universidad"",""3845"",""-904166666666667"",""-786077777777778"""
"ESP32_Ultra_01,""Universidad"",""6375"",""-904166666666667"",""-786077777777778"""
"ESP32_Ultra_01,""Universidad"",""3098"",""-904166666666667"",""-786077777777778"""
"ESP32_Ultra_01,""Universidad"",""5031"",""-904166666666667"",""-786077777777778"""
"ESP32_Ultra_01,""Universidad"",""1485"",""-904166666666667"",""-786077777777778"""
"ESP32_Ultra_01,""Universidad"",""4623"",""-904166666666667"",""-786077777777778"""
"ESP32_Ultra_01,""Universidad"",""4682"",""-904166666666667"",""-786077777777778"""
"ESP32_Ultra_01,""Universidad"",""163"",""-904166666666667"",""-786077777777778"""
"ESP32_Ultra_01,""Universidad"",""532"",""-904166666666667"",""-786077777777778"""
"ESP32_Ultra_01,""Universidad"",""4949"",""-904166666666667"",""-786077777777778"""
"ESP32_Ultra_01,""Universidad"",""6508"",""-904166666666667"",""-786077777777778"""
"ESP32_Ultra_01,""Universidad"",""3455"",""-904166666666667"",""-786077777777778"""
"ESP32_Ultra_01,""Universidad"",""3899"",""-904166666666667"",""-786077777777778"""
"ESP32_Ultra_01,""Universidad"",""4551"",""-904166666666667"",""-786077777777778"""
"ESP32_Ultra_01,""Universidad"",""6807"",""-904166666666667"",""-786077777777778"""
"ESP32_Ultra_01,""Universidad"",""1029"",""-904166666666667"",""-786077777777778"""
"ESP32_Ultra_01,""Universidad"",""5957"",""-904166666666667"",""-786077777777778"""
"ESP32_Ultra_01,""Universidad"",""3628"",""-904166666666667"",""-786077777777778"""
"ESP32_Ultra_01,""Universidad"",""152"",""-904166666666667"",""-786077777777778"""
"ESP32_Ultra_01,""Universidad"",""475"",""-904166666666667"",""-786077777777778"""
"ESP32_Ultra_01,""Universidad"",""3381"",""-904166666666667"",""-786077777777778"""
"ESP32_Ultra_01,""Universidad"",""1551"",""-904166666666667"",""-786077777777778"""
"ESP32_Ultra_01,""Universidad"",""3416"",""-904166666666667"",""-786077777777778"""
"ESP32_Ultra_01,""Universidad"",""8037"",""-904166666666667"",""-786077777777778"""
"ESP32_Ultra_01,""Universidad"",""5329"",""-904166666666667"",""-786077777777778"""
"ESP32_Ultra_01,""Universidad"",""3696"",""-904166666666667"",""-786077777777778"""
"ESP32_Ultra_01,""Universidad"",""6132"",""-904166666666667"",""-786077777777778"""
"ESP32_Ultra_01,""Universidad"",""4313"",""-904166666666667"",""-786077777777778"""
"ESP32_Ultra_01,""Universidad"",""5543"",""-904166666666667"",""-786077777777778"""
"ESP32_Ultra_01,""Universidad"",""4604"",""-904166666666667"",""-786077777777778"""
"ESP32_Ultra_01,""Universidad"",""5175"",""-904166666666667"",""-786077777777778"""
"ESP32_Ultra_01,""Universidad"",""7908"",""-904166666666667"",""-786077777777778"""
"ESP32_Ultra_01,""Universidad"",""2004"",""-904166666666667"",""-786077777777778"""
"ESP32_Ultra_01,""Universidad"",""7267"",""-904166666666667"",""-786077777777778"""
"ESP32_Ultra_01,""Universidad"",""391"",""-904166666666667"",""-786077777777778"""
"ESP32_Ultra_01,""Universidad"",""2996"",""-904166666666667"",""-786077777777778"""
"ESP32_Ultra_01,""Universidad"",""1526"",""-904166666666667"",""-786077777777778"""
"ESP32_Ultra_01,""Universidad"",""3331"",""-904166666666667"",""-786077777777778"""
"ESP32_Ultra_01,""Universidad"",""6768"",""-904166666666667"",""-786077777777778"""
"ESP32_Ultra_01,""Universidad"",""555"",""-904166666666667"",""-786077777777778"""
"ESP32_Ultra_01,""Universidad"",""899"",""-904166666666667"",""-786077777777778"""
"ESP32_Ultra_01,""Universidad"",""3852"",""-904166666666667"",""-786077777777778"""
"ESP32_Ultra_01,""Universidad"",""1718"",""-904166666666667"",""-786077777777778"""
"ESP32_Ultra_01,""Universidad"",""2926"",""-904166666666667"",""-786077777777778"""
"ESP32_Ultra_01,""Universidad"",""5148"",""-904166666666667"",""-786077777777778"""
"ESP32_Ultra_01,""Universidad"",""7151"",""-904166666666667"",""-786077777777778"""
"ESP32_Ultra_01,""Universidad"",""5209"",""-904166666666667"",""-786077777777778"""
"ESP32_Ultra_01,""Universidad"",""5347"",""-904166666666667"",""-786077777777778"""
"ESP32_Ultra_01,""Universidad"",""2312"",""-904166666666667"",""-786077777777778"""
"ESP32_Ultra_01,""Universidad"",""6886"",""-904166666666667"",""-786077777777778"""
"ESP32_Ultra_01,""Universidad"",""2404"",""-904166666666667"",""-786077777777778"""
"ESP32_Ultra_01,""Universidad"",""1234"",""-904166666666667"",""-786077777777778"""
"ESP32_Ultra_01,""Universidad"",""3635"",""-904166666666667"",""-786077777777778"""
"ESP32_Ultra_01,""Universidad"",""3422"",""-904166666666667"",""-786077777777778"""
"ESP32_Ultra_01,""Universidad"",""2522"",""-904166666666667"",""-786077777777778"""
"ESP32_Ultra_01,""Universidad"",""7257"",""-904166666666667"",""-786077777777778"""
"ESP32_Ultra_01,""Universidad"",""7251"",""-904166666666667"",""-786077777777778"""
"ESP32_Ultra_01,""Universidad"",""7984"",""-904166666666667"",""-786077777777778"""
"ESP32_Ultra_01,""Universidad"",""3773"",""-904166666666667"",""-786077777777778"""
"ESP32_Ultra_01,""Universidad"",""86"",""-904166666666667"",""-786077777777778"""
"ESP32_Ultra_01,""Universidad"",""2214"",""-904166666666667"",""-786077777777778"""
"ESP32_Ultra_01,""Universidad"",""7979"",""-904166666666667"",""-786077777777778"""
"ESP32_Ultra_01,""Universidad"",""1699"",""-904166666666667"",""-786077777777778"""
"ESP32_Ultra_01,""Universidad"",""6122"",""-904166666666667"",""-786077777777778"""
"ESP32_Ultra_01,""Universidad"",""739"",""-904166666666667"",""-786077777777778"""
"ESP32_Ultra_01,""Universidad"",""1323"",""-904166666666667"",""-786077777777778"""
"ESP32_Ultra_01,""Universidad"",""3327"",""-904166666666667"",""-786077777777778"""
"ESP32_Ultra_01,""Universidad"",""6238"",""-904166666666667"",""-786077777777778"""
"ESP32_Ultra_01,""Universidad"",""7238"",""-904166666666667"",""-786077777777778"""
"ESP32_Ultra_01,""Universidad"",""8035"",""-904166666666667"",""-786077777777778"""
"ESP32_Ultra_01,""Universidad"",""5533"",""-904166666666667"",""-786077777777778"""
"ESP32_Ultra_01,""Universidad"",""551"",""-904166666666667"",""-786077777777778"""
"ESP32_Ultra_01,""Universidad"",""1299"",""-904166666666667"",""-786077777777778"""
"ESP32_Ultra_01,""Universidad"",""740"",""-904166666666667"",""-786077777777778"""
"ESP32_Ultra_01,""Universidad"",""3254"",""-904166666666667"",""-786077777777778"""
"ESP32_Ultra_01,""Universidad"",""6036"",""-904166666666667"",""-786077777777778"""
"ESP32_Ultra_01,""Universidad"",""390"",""-904166666666667"",""-786077777777778"""
"ESP32_Ultra_01,""Universidad"",""2641"",""-904166666666667"",""-786077777777778"""
"ESP32_Ultra_01,""Universidad"",""1756"",""-904166666666667"",""-786077777777778"""
"ESP32_Ultra_01,""Universidad"",""3441"",""-904166666666667"",""-786077777777778"""
"ESP32_Ultra_01,""Universidad"",""4302"",""-904166666666667"",""-786077777777778"""
"ESP32_Ultra_01,""Universidad"",""346"",""-904166666666667"",""-786077777777778"""
"ESP32_Ultra_01,""Universidad"",""6021"",""-904166666666667"",""-786077777777778"""
"ESP32_Ultra_01,""Universidad"",""615"",""-904166666666667"",""-786077777777778"""
"ESP32_Ultra_01,""Universidad"",""7994"",""-904166666666667"",""-786077777777778"""
"ESP32_Ultra_01,""Universidad"",""3205"",""-904166666666667"",""-786077777777778"""
"ESP32_Ultra_01,""Universidad"",""6656"",""-904166666666667"",""-786077777777778"""
"ESP32_Ultra_01,""Universidad"",""2166"",""-904166666666667"",""-786077777777778"""
"ESP32_Ultra_01,""Universidad"",""606"",""-904166666666667"",""-786077777777778"""
"ESP32_Ultra_01,""Universidad"",""2585"",""-904166666666667"",""-786077777777778"""
"ESP32_Ultra_01,""Universidad"",""134"",""-904166666666667"",""-786077777777778"""
"ESP32_Ultra_01,""Universidad"",""5146"",""-904166666666667"",""-786077777777778"""
"ESP32_Ultra_01,""Universidad"",""7524"",""-904166666666667"",""-786077777777778"""
"ESP32_Ultra_01,""Universidad"",""753"",""-904166666666667"",""-786077777777778"""
"ESP32_Ultra_01,""Universidad"",""2362"",""-904166666666667"",""-786077777777778"""
"ESP32_Ultra_01,""Universidad"",""5661"",""-904166666666667"",""-786077777777778"""
"ESP32_Ultra_01,""Universidad"",""7373"",""-904166666666667"",""-786077777777778"""
"ESP32_Ultra_01,""Universidad"",""1563"",""-904166666666667"",""-786077777777778"""
"ESP32_Ultra_01,""Universidad"",""3251"",""-904166666666667"",""-786077777777778"""
"ESP32_Ultra_01,""Universidad"",""719"",""-904166666666667"",""-786077777777778"""
"ESP32_Ultra_01,""Universidad"",""319"",""-904166666666667"",""-786077777777778"""
"ESP32_Ultra_01,""Universidad"",""398"",""-904166666666667"",""-786077777777778"""
"ESP32_Ultra_01,""Universidad"",""7443"",""-904166666666667"",""-786077777777778"""
"ESP32_Ultra_01,""Universidad"",""672"",""-904166666666667"",""-786077777777778"""
"ESP32_Ultra_01,""Universidad"",""3916"",""-904166666666667"",""-786077777777778"""
"ESP32_Ultra_01,""Universidad"",""4175"",""-904166666666667"",""-786077777777778"""
"ESP32_Ultra_01,""Universidad"",""5843"",""-904166666666667"",""-786077777777778"""
"ESP32_Ultra_01,""Universidad"",""4532"",""-904166666666667"",""-786077777777778"""
"ESP32_Ultra_01,""Universidad"",""2864"",""-904166666666667"",""-786077777777778"""
"ESP32_Ultra_01,""Universidad"",""7612"",""-904166666666667"",""-786077777777778"""
"ESP32_Ultra_01,""Universidad"",""5121"",""-904166666666667"",""-786077777777778"""
"ESP32_Ultra_01,""Universidad"",""3879"",""-904166666666667"",""-786077777777778"""
"ESP32_Ultra_01,""Universidad"",""6831"",""-904166666666667"",""-786077777777778"""
"ESP32_Ultra_01,""Universidad"",""3771"",""-904166666666667"",""-786077777777778"""
"ESP32_Ultra_01,""Universidad"",""3159"",""-904166666666667"",""-786077777777778"""
"ESP32_Ultra_01,""Universidad"",""402"",""-904166666666667"",""-786077777777778"""
"ESP32_Ultra_01,""Universidad"",""4541"",""-904166666666667"",""-786077777777778"""
"ESP32_Ultra_01,""Universidad"",""543"",""-904166666666667"",""-786077777777778"""
"ESP32_Ultra_01,""Universidad"",""4135"",""-904166666666667"",""-786077777777778"""
"ESP32_Ultra_01,""Universidad"",""4877"",""-904166666666667"",""-786077777777778"""
"ESP32_Ultra_01,""Universidad"",""4923"",""-904166666666667"",""-786077777777778"""
"ESP32_Ultra_01,""Universidad"",""2832"",""-904166666666667"",""-786077777777778"""
"ESP32_Ultra_01,""Universidad"",""3019"",""-904166666666667"",""-786077777777778"""
"ESP32_Ultra_01,""Universidad"",""5154"",""-904166666666667"",""-786077777777778"""
"ESP32_Ultra_01,""Universidad"",""942"",""-904166666666667"",""-786077777777778"""
"ESP32_Ultra_01,""Universidad"",""175"",""-904166666666667"",""-786077777777778"""
"ESP32_Ultra_01,""Universidad"",""7468"",""-904166666666667"",""-786077777777778"""
"ESP32_Ultra_01,""Universidad"",""709"",""-904166666666667"",""-786077777777778"""
"ESP32_Ultra_01,""Universidad"",""4105"",""-904166666666667"",""-786077777777778"""
"ESP32_Ultra_01,""Universidad"",""561"",""-904166666666667"",""-786077777777778"""
"ESP32_Ultra_01,""Universidad"",""438"",""-904166666666667"",""-786077777777778"""
"ESP32_Ultra_01,""Universidad"",""7793"",""-904166666666667"",""-786077777777778"""
"ESP32_Ultra_01,""Universidad"",""1015"",""-904166666666667"",""-786077777777778"""
"ESP32_Ultra_01,""Universidad"",""673"",""-904166666666667"",""-786077777777778"""
"ESP32_Ultra_01,""Universidad"",""5886"",""-904166666666667"",""-786077777777778"""
"ESP32_Ultra_01,""Universidad"",""6087"",""-904166666666667"",""-786077777777778"""
"ESP32_Ultra_01,""Universidad"",""5429"",""-904166666666667"",""-786077777777778"""
"ESP32_Ultra_01,""Universidad"",""2937"",""-904166666666667"",""-786077777777778"""
"ESP32_Ultra_01,""Universidad"",""3404"",""-904166666666667"",""-786077777777778"""
"ESP32_Ultra_01,""Universidad"",""2612"",""-904166666666667"",""-786077777777778"""
"ESP32_Ultra_01,""Universidad"",""5406"",""-904166666666667"",""-786077777777778"""
"ESP32_Ultra_01,""Universidad"",""201"",""-904166666666667"",""-786077777777778"""
"ESP32_Ultra_01,""Universidad"",""2698"",""-904166666666667"",""-786077777777778"""
"ESP32_Ultra_01,""Universidad"",""2533"",""-904166666666667"",""-786077777777778"""
"ESP32_Ultra_01,""Universidad"",""2773"",""-904166666666667"",""-786077777777778"""
"ESP32_Ultra_01,""Universidad"",""5234"",""-904166666666667"",""-786077777777778"""
"ESP32_Ultra_01,""Universidad"",""5018"",""-904166666666667"",""-786077777777778"""
"ESP32_Ultra_01,""Universidad"",""4775"",""-904166666666667"",""-786077777777778"""
"ESP32_Ultra_01,""Universidad"",""3472"",""-904166666666667"",""-786077777777778"""
"ESP32_Ultra_01,""Universidad"",""241"",""-904166666666667"",""-786077777777778"""
"ESP32_Ultra_01,""Universidad"",""677"",""-904166666666667"",""-786077777777778"""
"ESP32_Ultra_01,""Universidad"",""5458"",""-136288888888889"",""-728861111111111"""
"ESP32_Ultra_01,""Universidad"",""1405"",""-136288888888889"",""-728861111111111"""
"ESP32_Ultra_01,""Universidad"",""4113"",""-136288888888889"",""-728861111111111"""
"ESP32_Ultra_01,""Universidad"",""873"",""-136288888888889"",""-728861111111111"""
"ESP32_Ultra_01,""Universidad"",""6072"",""-136288888888889"",""-728861111111111"""
"ESP32_Ultra_01,""Universidad"",""435"",""-136288888888889"",""-728861111111111"""
"ESP32_Ultra_01,""Universidad"",""495"",""-136288888888889"",""-728861111111111"""
"ESP32_Ultra_01,""Universidad"",""7491"",""-136288888888889"",""-728861111111111"""
"ESP32_Ultra_01,""Universidad"",""91"",""-136288888888889"",""-728861111111111"""
"ESP32_Ultra_01,""Universidad"",""6843"",""-136288888888889"",""-728861111111111"""
"ESP32_Ultra_01,""Universidad"",""7314"",""-136288888888889"",""-728861111111111"""
"ESP32_Ultra_01,""Universidad"",""3456"",""-136288888888889"",""-728861111111111"""
"ESP32_Ultra_01,""Universidad"",""6291"",""-136288888888889"",""-728861111111111"""
"ESP32_Ultra_01,""Universidad"",""6799"",""-136288888888889"",""-728861111111111"""
"ESP32_Ultra_01,""Universidad"",""44"",""-136288888888889"",""-728861111111111"""
"ESP32_Ultra_01,""Universidad"",""1728"",""-136288888888889"",""-728861111111111"""
"ESP32_Ultra_01,""Universidad"",""1116"",""-136288888888889"",""-728861111111111"""
"ESP32_Ultra_01,""Universidad"",""6396"",""-136288888888889"",""-728861111111111"""
"ESP32_Ultra_01,""Universidad"",""4497"",""-136288888888889"",""-728861111111111"""
"ESP32_Ultra_01,""Universidad"",""3558"",""-136288888888889"",""-728861111111111"""
"ESP32_Ultra_01,""Universidad"",""1321"",""-136288888888889"",""-728861111111111"""
"ESP32_Ultra_01,""Universidad"",""1562"",""-136288888888889"",""-728861111111111"""
"ESP32_Ultra_01,""Universidad"",""735"",""-136288888888889"",""-728861111111111"""
"ESP32_Ultra_01,""Universidad"",""7975"",""-136288888888889"",""-728861111111111"""
"ESP32_Ultra_01,""Universidad"",""3826"",""-136288888888889"",""-728861111111111"""
"ESP32_Ultra_01,""Universidad"",""7765"",""-136288888888889"",""-728861111111111"""
"ESP32_Ultra_01,""Universidad"",""4394"",""-136288888888889"",""-728861111111111"""
"ESP32_Ultra_01,""Universidad"",""5076"",""-136288888888889"",""-728861111111111"""
"ESP32_Ultra_01,""Universidad"",""2297"",""-136288888888889"",""-728861111111111"""
"ESP32_Ultra_01,""Universidad"",""523"",""-136288888888889"",""-728861111111111"""
"ESP32_Ultra_01,""Universidad"",""709"",""-136288888888889"",""-728861111111111"""
"ESP32_Ultra_01,""Universidad"",""3252"",""-136288888888889"",""-728861111111111"""
"ESP32_Ultra_01,""Universidad"",""7467"",""-136288888888889"",""-728861111111111"""
"ESP32_Ultra_01,""Universidad"",""5908"",""-136288888888889"",""-728861111111111"""
"ESP32_Ultra_01,""Universidad"",""3308"",""-136288888888889"",""-728861111111111"""
"ESP32_Ultra_01,""Universidad"",""6752"",""-136288888888889"",""-728861111111111"""
"ESP32_Ultra_01,""Universidad"",""4511"",""-136288888888889"",""-728861111111111"""
"ESP32_Ultra_01,""Universidad"",""6724"",""-136288888888889"",""-728861111111111"""
"ESP32_Ultra_01,""Universidad"",""4094"",""-136288888888889"",""-728861111111111"""
"ESP32_Ultra_01,""Universidad"",""4055"",""-136288888888889"",""-728861111111111"""
"ESP32_Ultra_01,""Universidad"",""7858"",""-136288888888889"",""-728861111111111"""
"ESP32_Ultra_01,""Universidad"",""3154"",""-136288888888889"",""-728861111111111"""
"ESP32_Ultra_01,""Universidad"",""3288"",""-136288888888889"",""-728861111111111"""
"ESP32_Ultra_01,""Universidad"",""7761"",""-136288888888889"",""-728861111111111"""
"ESP32_Ultra_01,""Universidad"",""442"",""-136288888888889"",""-728861111111111"""
"ESP32_Ultra_01,""Universidad"",""7392"",""-136288888888889"",""-728861111111111"""
"ESP32_Ultra_01,""Universidad"",""2891"",""-136288888888889"",""-728861111111111"""
"ESP32_Ultra_01,""Universidad"",""2294"",""-136288888888889"",""-728861111111111"""
"ESP32_Ultra_01,""Universidad"",""223"",""-136288888888889"",""-728861111111111"""
"ESP32_Ultra_01,""Universidad"",""7399"",""-136288888888889"",""-728861111111111"""
"ESP32_Ultra_01,""Universidad"",""1236"",""-136288888888889"",""-728861111111111"""
"ESP32_Ultra_01,""Universidad"",""5521"",""-136288888888889"",""-728861111111111"""
"ESP32_Ultra_01,""Universidad"",""7642"",""-136288888888889"",""-728861111111111"""
"ESP32_Ultra_01,""Universidad"",""3324"",""-136288888888889"",""-728861111111111"""
"ESP32_Ultra_01,""Universidad"",""793"",""-136288888888889"",""-728861111111111"""
"ESP32_Ultra_01,""Universidad"",""7162"",""-136288888888889"",""-728861111111111"""
"ESP32_Ultra_01,""Universidad"",""6946"",""-136288888888889"",""-728861111111111"""
"ESP32_Ultra_01,""Universidad"",""3563"",""-136288888888889"",""-728861111111111"""
"ESP32_Ultra_01,""Universidad"",""6251"",""-136288888888889"",""-728861111111111"""
"ESP32_Ultra_01,""Universidad"",""5966"",""-136288888888889"",""-728861111111111"""
"ESP32_Ultra_01,""Universidad"",""692"",""-136288888888889"",""-728861111111111"""
"ESP32_Ultra_01,""Universidad"",""6518"",""-136288888888889"",""-728861111111111"""
"ESP32_Ultra_01,""Universidad"",""7238"",""-136288888888889"",""-728861111111111"""
"ESP32_Ultra_01,""Universidad"",""208"",""-136288888888889"",""-728861111111111"""
"ESP32_Ultra_01,""Universidad"",""7847"",""-136288888888889"",""-728861111111111"""
"ESP32_Ultra_01,""Universidad"",""3261"",""-136288888888889"",""-728861111111111"""
"ESP32_Ultra_01,""Universidad"",""6578"",""-136288888888889"",""-728861111111111"""
"ESP32_Ultra_01,""Universidad"",""3131"",""-136288888888889"",""-728861111111111"""
"ESP32_Ultra_01,""Universidad"",""4348"",""-136288888888889"",""-728861111111111"""
"ESP32_Ultra_01,""Universidad"",""485"",""-136288888888889"",""-728861111111111"""
"ESP32_Ultra_01,""Universidad"",""294"",""-136288888888889"",""-728861111111111"""
"ESP32_Ultra_01,""Universidad"",""3838"",""-136288888888889"",""-728861111111111"""
"ESP32_Ultra_01,""Universidad"",""8044"",""-136288888888889"",""-728861111111111"""
"ESP32_Ultra_01,""Universidad"",""1366"",""-136288888888889"",""-728861111111111"""
"ESP32_Ultra_01,""Universidad"",""95"",""-136288888888889"",""-728861111111111"""
"ESP32_Ultra_01,""Universidad"",""7049"",""-136288888888889"",""-728861111111111"""
"ESP32_Ultra_01,""Universidad"",""1224"",""-136288888888889"",""-728861111111111"""
"ESP32_Ultra_01,""Universidad"",""3534"",""-136288888888889"",""-728861111111111"""
"ESP32_Ultra_01,""Universidad"",""5617"",""-136288888888889"",""-728861111111111"""
"ESP32_Ultra_01,""Universidad"",""249"",""-136288888888889"",""-728861111111111"""
"ESP32_Ultra_01,""Universidad"",""2748"",""-136288888888889"",""-728861111111111"""
"ESP32_Ultra_01,""Universidad"",""841"",""-136288888888889"",""-728861111111111"""
"ESP32_Ultra_01,""Universidad"",""484"",""-136288888888889"",""-728861111111111"""
"ESP32_Ultra_01,""Universidad"",""1887"",""-136288888888889"",""-728861111111111"""
"ESP32_Ultra_01,""Universidad"",""597"",""-136288888888889"",""-728861111111111"""
"ESP32_Ultra_01,""Universidad"",""7399"",""-136288888888889"",""-728861111111111"""
"ESP32_Ultra_01,""Universidad"",""208"",""-136288888888889"",""-728861111111111"""
"ESP32_Ultra_01,""Universidad"",""1232"",""-136288888888889"",""-728861111111111"""
"ESP32_Ultra_01,""Universidad"",""6979"",""-136288888888889"",""-728861111111111"""
"ESP32_Ultra_01,""Universidad"",""613"",""-136288888888889"",""-728861111111111"""
"ESP32_Ultra_01,""Universidad"",""2947"",""-136288888888889"",""-728861111111111"""
"ESP32_Ultra_01,""Universidad"",""3809"",""-136288888888889"",""-728861111111111"""
"ESP32_Ultra_01,""Universidad"",""7941"",""-136288888888889"",""-728861111111111"""
"ESP32_Ultra_01,""Universidad"",""7421"",""-136288888888889"",""-728861111111111"""
"ESP32_Ultra_01,""Universidad"",""2764"",""-136288888888889"",""-728861111111111"""
"ESP32_Ultra_01,""Universidad"",""6421"",""-136288888888889"",""-728861111111111"""
"ESP32_Ultra_01,""Universidad"",""4824"",""-136288888888889"",""-728861111111111"""
"ESP32_Ultra_01,""Universidad"",""1287"",""-136288888888889"",""-728861111111111"""
"ESP32_Ultra_01,""Universidad"",""4819"",""-136288888888889"",""-728861111111111"""
"ESP32_Ultra_01,""Universidad"",""5635"",""-136288888888889"",""-728861111111111"""
"ESP32_Ultra_01,""Universidad"",""128"",""-136288888888889"",""-728861111111111"""
"ESP32_Ultra_01,""Universidad"",""6331"",""-136288888888889"",""-728861111111111"""
"ESP32_Ultra_01,""Universidad"",""2452"",""-136288888888889"",""-728861111111111"""
"ESP32_Ultra_01,""Universidad"",""6527"",""-136288888888889"",""-728861111111111"""
"ESP32_Ultra_01,""Universidad"",""8028"",""-136288888888889"",""-728861111111111"""
"ESP32_Ultra_01,""Universidad"",""6436"",""-136288888888889"",""-728861111111111"""
"ESP32_Ultra_01,""Universidad"",""3626"",""-136288888888889"",""-728861111111111"""
"ESP32_Ultra_01,""Universidad"",""4849"",""-136288888888889"",""-728861111111111"""
"ESP32_Ultra_01,""Universidad"",""8003"",""-136288888888889"",""-728861111111111"""
"ESP32_Ultra_01,""Universidad"",""1887"",""-136288888888889"",""-728861111111111"""
"ESP32_Ultra_01,""Universidad"",""4695"",""-136288888888889"",""-728861111111111"""
"ESP32_Ultra_01,""Universidad"",""5116"",""-136288888888889"",""-728861111111111"""
"ESP32_Ultra_01,""Universidad"",""3527"",""-136288888888889"",""-728861111111111"""
"ESP32_Ultra_01,""Universidad"",""5888"",""-136288888888889"",""-728861111111111"""
"ESP32_Ultra_01,""Universidad"",""683"",""-136288888888889"",""-728861111111111"""
"ESP32_Ultra_01,""Universidad"",""363"",""-136288888888889"",""-728861111111111"""
"ESP32_Ultra_01,""Universidad"",""3284"",""-136288888888889"",""-728861111111111"""
"ESP32_Ultra_01,""Universidad"",""6689"",""-136288888888889"",""-728861111111111"""
"ESP32_Ultra_01,""Universidad"",""505"",""-136288888888889"",""-728861111111111"""
"ESP32_Ultra_01,""Universidad"",""1557"",""-136288888888889"",""-728861111111111"""
"ESP32_Ultra_01,""Universidad"",""5384"",""-136288888888889"",""-728861111111111"""
"ESP32_Ultra_01,""Universidad"",""4328"",""-136288888888889"",""-728861111111111"""
"ESP32_Ultra_01,""Universidad"",""5251"",""-136288888888889"",""-728861111111111"""
"ESP32_Ultra_01,""Universidad"",""7162"",""-136288888888889"",""-728861111111111"""
"ESP32_Ultra_01,""Universidad"",""1997"",""-136288888888889"",""-728861111111111"""
"ESP32_Ultra_01,""Universidad"",""4079"",""-136288888888889"",""-728861111111111"""
"ESP32_Ultra_01,""Universidad"",""5937"",""-136288888888889"",""-728861111111111"""
"ESP32_Ultra_01,""Universidad"",""353"",""-136288888888889"",""-728861111111111"""
"ESP32_Ultra_01,""Universidad"",""1454"",""-136288888888889"",""-728861111111111"""
"ESP32_Ultra_01,""Universidad"",""1828"",""-136288888888889"",""-728861111111111"""
"ESP32_Ultra_01,""Universidad"",""1546"",""-136288888888889"",""-728861111111111"""
"ESP32_Ultra_01,""Universidad"",""3259"",""-136288888888889"",""-728861111111111"""
"ESP32_Ultra_01,""Universidad"",""8088"",""-136288888888889"",""-728861111111111"""
"ESP32_Ultra_01,""Universidad"",""1913"",""-136288888888889"",""-728861111111111"""
"ESP32_Ultra_01,""Universidad"",""1859"",""-136288888888889"",""-728861111111111"""
"ESP32_Ultra_01,""Universidad"",""5404"",""-136288888888889"",""-728861111111111"""
"ESP32_Ultra_01,""Universidad"",""6232"",""-136288888888889"",""-728861111111111"""
"ESP32_Ultra_01,""Universidad"",""2859"",""-136288888888889"",""-728861111111111"""
"ESP32_Ultra_01,""Universidad"",""821"",""-136288888888889"",""-728861111111111"""
"ESP32_Ultra_01,""Universidad"",""907"",""-136288888888889"",""-728861111111111"""
"ESP32_Ultra_01,""Universidad"",""94"",""-136288888888889"",""-728861111111111"""
"ESP32_Ultra_01,""Universidad"",""477"",""-136288888888889"",""-728861111111111"""
"ESP32_Ultra_01,""Universidad"",""8021"",""-136288888888889"",""-728861111111111"""
"ESP32_Ultra_01,""Universidad"",""2044"",""-136288888888889"",""-728861111111111"""
"ESP32_Ultra_01,""Universidad"",""221"",""-136288888888889"",""-728861111111111"""
"ESP32_Ultra_01,""Universidad"",""858"",""-136288888888889"",""-728861111111111"""
"ESP32_Ultra_01,""Universidad"",""7519"",""-136288888888889"",""-728861111111111"""
"ESP32_Ultra_01,""Universidad"",""491"",""-136288888888889"",""-728861111111111"""
"ESP32_Ultra_01,""Universidad"",""308"",""-136288888888889"",""-728861111111111"""
"ESP32_Ultra_01,""Universidad"",""1512"",""-136288888888889"",""-728861111111111"""
"ESP32_Ultra_01,""Universidad"",""6247"",""-136288888888889"",""-728861111111111"""
"ESP32_Ultra_01,""Universidad"",""4379"",""-136288888888889"",""-728861111111111"""
"ESP32_Ultra_01,""Universidad"",""6939"",""-136288888888889"",""-728861111111111"""
"ESP32_Ultra_01,""Universidad"",""6608"",""-110566666666667"",""-753275"""
"ESP32_Ultra_01,""Universidad"",""1451"",""-110566666666667"",""-753275"""
"ESP32_Ultra_01,""Universidad"",""301"",""-110566666666667"",""-753275"""
"ESP32_Ultra_01,""Universidad"",""776"",""-110566666666667"",""-753275"""
"ESP32_Ultra_01,""Universidad"",""7241"",""-110566666666667"",""-753275"""
"ESP32_Ultra_01,""Universidad"",""4255"",""-110566666666667"",""-753275"""
"ESP32_Ultra_01,""Universidad"",""262"",""-110566666666667"",""-753275"""
"ESP32_Ultra_01,""Universidad"",""99"",""-110566666666667"",""-753275"""
"ESP32_Ultra_01,""Universidad"",""3834"",""-110566666666667"",""-753275"""
"ESP32_Ultra_01,""Universidad"",""4285"",""-110566666666667"",""-753275"""
"ESP32_Ultra_01,""Universidad"",""689"",""-110566666666667"",""-753275"""
"ESP32_Ultra_01,""Universidad"",""8013"",""-110566666666667"",""-753275"""
"ESP32_Ultra_01,""Universidad"",""1249"",""-110566666666667"",""-753275"""
"ESP32_Ultra_01,""Universidad"",""7849"",""-110566666666667"",""-753275"""
"ESP32_Ultra_01,""Universidad"",""7967"",""-110566666666667"",""-753275"""
"ESP32_Ultra_01,""Universidad"",""2417"",""-110566666666667"",""-753275"""
"ESP32_Ultra_01,""Universidad"",""5968"",""-110566666666667"",""-753275"""
"ESP32_Ultra_01,""Universidad"",""173"",""-110566666666667"",""-753275"""
"ESP32_Ultra_01,""Universidad"",""2195"",""-110566666666667"",""-753275"""
"ESP32_Ultra_01,""Universidad"",""252"",""-110566666666667"",""-753275"""
"ESP32_Ultra_01,""Universidad"",""3705"",""-110566666666667"",""-753275"""
"ESP32_Ultra_01,""Universidad"",""2359"",""-110566666666667"",""-753275"""
"ESP32_Ultra_01,""Universidad"",""615"",""-110566666666667"",""-753275"""
"ESP32_Ultra_01,""Universidad"",""7904"",""-110566666666667"",""-753275"""
"ESP32_Ultra_01,""Universidad"",""2657"",""-110566666666667"",""-753275"""
"ESP32_Ultra_01,""Universidad"",""3796"",""-110566666666667"",""-753275"""
"ESP32_Ultra_01,""Universidad"",""3252"",""-110566666666667"",""-753275"""
"ESP32_Ultra_01,""Universidad"",""7094"",""-110566666666667"",""-753275"""
"ESP32_Ultra_01,""Universidad"",""7895"",""-110566666666667"",""-753275"""
"ESP32_Ultra_01,""Universidad"",""8064"",""-110566666666667"",""-753275"""
"ESP32_Ultra_01,""Universidad"",""6045"",""-110566666666667"",""-753275"""
"ESP32_Ultra_01,""Universidad"",""6912"",""-110566666666667"",""-753275"""
"ESP32_Ultra_01,""Universidad"",""3539"",""-110566666666667"",""-753275"""
"ESP32_Ultra_01,""Universidad"",""1344"",""-110566666666667"",""-753275"""
"ESP32_Ultra_01,""Universidad"",""601"",""-110566666666667"",""-753275"""
"ESP32_Ultra_01,""Universidad"",""3846"",""-110566666666667"",""-753275"""
"ESP32_Ultra_01,""Universidad"",""165"",""-110566666666667"",""-753275"""
"ESP32_Ultra_01,""Universidad"",""1597"",""-110566666666667"",""-753275"""
"ESP32_Ultra_01,""Universidad"",""5207"",""-110566666666667"",""-753275"""
"ESP32_Ultra_01,""Universidad"",""5801"",""-110566666666667"",""-753275"""
"ESP32_Ultra_01,""Universidad"",""2878"",""-110566666666667"",""-753275"""
"ESP32_Ultra_01,""Universidad"",""7466"",""-110566666666667"",""-753275"""
"ESP32_Ultra_01,""Universidad"",""3886"",""-110566666666667"",""-753275"""
"ESP32_Ultra_01,""Universidad"",""2349"",""-110566666666667"",""-753275"""
"ESP32_Ultra_01,""Universidad"",""375"",""-110566666666667"",""-753275"""
"ESP32_Ultra_01,""Universidad"",""368"",""-110566666666667"",""-753275"""
"ESP32_Ultra_01,""Universidad"",""3243"",""-110566666666667"",""-753275"""
"ESP32_Ultra_01,""Universidad"",""1602"",""-110566666666667"",""-753275"""
"ESP32_Ultra_01,""Universidad"",""2696"",""-110566666666667"",""-753275"""
"ESP32_Ultra_01,""Universidad"",""4599"",""-110566666666667"",""-753275"""
"ESP32_Ultra_01,""Universidad"",""4692"",""-110566666666667"",""-753275"""
"ESP32_Ultra_01,""Universidad"",""4089"",""-110566666666667"",""-753275"""
"ESP32_Ultra_01,""Universidad"",""4746"",""-110566666666667"",""-753275"""
"ESP32_Ultra_01,""Universidad"",""7234"",""-110566666666667"",""-753275"""
"ESP32_Ultra_01,""Universidad"",""6542"",""-110566666666667"",""-753275"""
"ESP32_Ultra_01,""Universidad"",""927"",""-110566666666667"",""-753275"""
"ESP32_Ultra_01,""Universidad"",""2297"",""-110566666666667"",""-753275"""
"ESP32_Ultra_01,""Universidad"",""4323"",""-110566666666667"",""-753275"""
"ESP32_Ultra_01,""Universidad"",""740"",""-110566666666667"",""-753275"""
"ESP32_Ultra_01,""Universidad"",""6728"",""-110566666666667"",""-753275"""
"ESP32_Ultra_01,""Universidad"",""5151"",""-110566666666667"",""-753275"""
"ESP32_Ultra_01,""Universidad"",""3729"",""-110566666666667"",""-753275"""
"ESP32_Ultra_01,""Universidad"",""7508"",""-110566666666667"",""-753275"""
"ESP32_Ultra_01,""Universidad"",""3264"",""-110566666666667"",""-753275"""
"ESP32_Ultra_01,""Universidad"",""8018"",""-110566666666667"",""-753275"""
"ESP32_Ultra_01,""Universidad"",""7738"",""-110566666666667"",""-753275"""
"ESP32_Ultra_01,""Universidad"",""7937"",""-110566666666667"",""-753275"""
"ESP32_Ultra_01,""Universidad"",""601"",""-110566666666667"",""-753275"""
"ESP32_Ultra_01,""Universidad"",""866"",""-110566666666667"",""-753275"""
"ESP32_Ultra_01,""Universidad"",""4501"",""-110566666666667"",""-753275"""
"ESP32_Ultra_01,""Universidad"",""4669"",""-110566666666667"",""-753275"""
"ESP32_Ultra_01,""Universidad"",""3735"",""-110566666666667"",""-753275"""
"ESP32_Ultra_01,""Universidad"",""4478"",""-110566666666667"",""-753275"""
"ESP32_Ultra_01,""Universidad"",""5217"",""-110566666666667"",""-753275"""
"ESP32_Ultra_01,""Universidad"",""5979"",""-110566666666667"",""-753275"""
"ESP32_Ultra_01,""Universidad"",""5792"",""-110566666666667"",""-753275"""
"ESP32_Ultra_01,""Universidad"",""149"",""-110566666666667"",""-753275"""
"ESP32_Ultra_01,""Universidad"",""7704"",""-110566666666667"",""-753275"""
"ESP32_Ultra_01,""Universidad"",""1237"",""-110566666666667"",""-753275"""
"ESP32_Ultra_01,""Universidad"",""7508"",""-110566666666667"",""-753275"""
"ESP32_Ultra_01,""Universidad"",""2735"",""-110566666666667"",""-753275"""
"ESP32_Ultra_01,""Universidad"",""6668"",""-110566666666667"",""-753275"""
"ESP32_Ultra_01,""Universidad"",""7861"",""-110566666666667"",""-753275"""
"ESP32_Ultra_01,""Universidad"",""707"",""-110566666666667"",""-753275"""
"ESP32_Ultra_01,""Universidad"",""6223"",""-110566666666667"",""-753275"""
"ESP32_Ultra_01,""Universidad"",""6432"",""-110566666666667"",""-753275"""
"ESP32_Ultra_01,""Universidad"",""5461"",""-110566666666667"",""-753275"""
"ESP32_Ultra_01,""Universidad"",""5882"",""-110566666666667"",""-753275"""
"ESP32_Ultra_01,""Universidad"",""4231"",""-110566666666667"",""-753275"""
"ESP32_Ultra_01,""Universidad"",""463"",""-110566666666667"",""-753275"""
"ESP32_Ultra_01,""Universidad"",""4624"",""-110566666666667"",""-753275"""
"ESP32_Ultra_01,""Universidad"",""5278"",""-110566666666667"",""-753275"""
"ESP32_Ultra_01,""Universidad"",""2219"",""-110566666666667"",""-753275"""
"ESP32_Ultra_01,""Universidad"",""693"",""-110566666666667"",""-753275"""
"ESP32_Ultra_01,""Universidad"",""286"",""-110566666666667"",""-753275"""
"ESP32_Ultra_01,""Universidad"",""168"",""-110566666666667"",""-753275"""
"ESP32_Ultra_01,""Universidad"",""4267"",""-110566666666667"",""-753275"""
"ESP32_Ultra_01,""Universidad"",""7415"",""-110566666666667"",""-753275"""
"ESP32_Ultra_01,""Universidad"",""1349"",""-110566666666667"",""-753275"""
"ESP32_Ultra_01,""Universidad"",""586"",""-110566666666667"",""-753275"""
"ESP32_Ultra_01,""Universidad"",""4759"",""-110566666666667"",""-753275"""
"ESP32_Ultra_01,""Universidad"",""6833"",""-110566666666667"",""-753275"""
"ESP32_Ultra_01,""Universidad"",""423"",""-110566666666667"",""-753275"""
"ESP32_Ultra_01,""Universidad"",""7113"",""-110566666666667"",""-753275"""
"ESP32_Ultra_01,""Universidad"",""1092"",""-110566666666667"",""-753275"""
"ESP32_Ultra_01,""Universidad"",""6893"",""-110566666666667"",""-753275"""
"ESP32_Ultra_01,""Universidad"",""7941"",""-110566666666667"",""-753275"""
"ESP32_Ultra_01,""Universidad"",""2833"",""-110566666666667"",""-753275"""
"ESP32_Ultra_01,""Universidad"",""1522"",""-110566666666667"",""-753275"""
"ESP32_Ultra_01,""Universidad"",""1881"",""-110566666666667"",""-753275"""
"ESP32_Ultra_01,""Universidad"",""1719"",""-110566666666667"",""-753275"""
"ESP32_Ultra_01,""Universidad"",""7468"",""-110566666666667"",""-753275"""
"ESP32_Ultra_01,""Universidad"",""5419"",""-110566666666667"",""-753275"""
"ESP32_Ultra_01,""Universidad"",""5731"",""-110566666666667"",""-753275"""
"ESP32_Ultra_01,""Universidad"",""6973"",""-110566666666667"",""-753275"""
"ESP32_Ultra_01,""Universidad"",""6858"",""-110566666666667"",""-753275"""
"ESP32_Ultra_01,""Universidad"",""1617"",""-110566666666667"",""-753275"""
"ESP32_Ultra_01,""Universidad"",""6934"",""-110566666666667"",""-753275"""
"ESP32_Ultra_01,""Universidad"",""5729"",""-110566666666667"",""-753275"""
"ESP32_Ultra_01,""Universidad"",""2952"",""-110566666666667"",""-753275"""
"ESP32_Ultra_01,""Universidad"",""4208"",""-110566666666667"",""-753275"""
"ESP32_Ultra_01,""Universidad"",""1932"",""-110566666666667"",""-753275"""
"ESP32_Ultra_01,""Universidad"",""5073"",""-110566666666667"",""-753275"""
"ESP32_Ultra_01,""Universidad"",""4607"",""-110566666666667"",""-753275"""
"ESP32_Ultra_01,""Universidad"",""2662"",""-110566666666667"",""-753275"""
"ESP32_Ultra_01,""Universidad"",""7528"",""-110566666666667"",""-753275"""
"ESP32_Ultra_01,""Universidad"",""4542"",""-110566666666667"",""-753275"""
"ESP32_Ultra_01,""Universidad"",""1744"",""-110566666666667"",""-753275"""
"ESP32_Ultra_01,""Universidad"",""7398"",""-110566666666667"",""-753275"""
"ESP32_Ultra_01,""Universidad"",""3187"",""-110566666666667"",""-753275"""
"ESP32_Ultra_01,""Universidad"",""4021"",""-110566666666667"",""-753275"""
"ESP32_Ultra_01,""Universidad"",""638"",""-110566666666667"",""-753275"""
"ESP32_Ultra_01,""Universidad"",""6978"",""-110566666666667"",""-753275"""
"ESP32_Ultra_01,""Universidad"",""203"",""-110566666666667"",""-753275"""
"ESP32_Ultra_01,""Universidad"",""7269"",""-110566666666667"",""-753275"""
"ESP32_Ultra_02,""Terminal terrestre"",""4057"",""-106633333333333"",""-762530555555555"""
"ESP32_Ultra_02,""Terminal terrestre"",""2749"",""-106633333333333"",""-762530555555555"""
"ESP32_Ultra_02,""Terminal terrestre"",""478"",""-106633333333333"",""-762530555555555"""
"ESP32_Ultra_02,""Terminal terrestre"",""346"",""-106633333333333"",""-762530555555555"""
"ESP32_Ultra_02,""Terminal terrestre"",""7821"",""-106633333333333"",""-762530555555555"""
"ESP32_Ultra_02,""Terminal terrestre"",""5301"",""-106633333333333"",""-762530555555555"""
"ESP32_Ultra_02,""Terminal terrestre"",""1442"",""-106633333333333"",""-762530555555555"""
"ESP32_Ultra_02,""Terminal terrestre"",""133"",""-106633333333333"",""-762530555555555"""
"ESP32_Ultra_02,""Terminal terrestre"",""7019"",""-106633333333333"",""-762530555555555"""
"ESP32_Ultra_02,""Terminal terrestre"",""6481"",""-106633333333333"",""-762530555555555"""
"ESP32_Ultra_02,""Terminal terrestre"",""6452"",""-106633333333333"",""-762530555555555"""
"ESP32_Ultra_02,""Terminal terrestre"",""1225"",""-106633333333333"",""-762530555555555"""
"ESP32_Ultra_02,""Terminal terrestre"",""976"",""-106633333333333"",""-762530555555555"""
"ESP32_Ultra_02,""Terminal terrestre"",""7656"",""-106633333333333"",""-762530555555555"""
"ESP32_Ultra_02,""Terminal terrestre"",""3248"",""-106633333333333"",""-762530555555555"""
"ESP32_Ultra_02,""Terminal terrestre"",""40"",""-106633333333333"",""-762530555555555"""
"ESP32_Ultra_02,""Terminal terrestre"",""1375"",""-106633333333333"",""-762530555555555"""
"ESP32_Ultra_02,""Terminal terrestre"",""3955"",""-106633333333333"",""-762530555555555"""
"ESP32_Ultra_02,""Terminal terrestre"",""7602"",""-106633333333333"",""-762530555555555"""
"ESP32_Ultra_02,""Terminal terrestre"",""3402"",""-106633333333333"",""-762530555555555"""
"ESP32_Ultra_02,""Terminal terrestre"",""4289"",""-106633333333333"",""-762530555555555"""
"ESP32_Ultra_02,""Terminal terrestre"",""1623"",""-106633333333333"",""-762530555555555"""
"ESP32_Ultra_02,""Terminal terrestre"",""2767"",""-106633333333333"",""-762530555555555"""
"ESP32_Ultra_02,""Terminal terrestre"",""1808"",""-106633333333333"",""-762530555555555"""
"ESP32_Ultra_02,""Terminal terrestre"",""6172"",""-106633333333333"",""-762530555555555"""
"ESP32_Ultra_02,""Terminal terrestre"",""7174"",""-106633333333333"",""-762530555555555"""
"ESP32_Ultra_02,""Terminal terrestre"",""4019"",""-106633333333333"",""-762530555555555"""
"ESP32_Ultra_02,""Terminal terrestre"",""697"",""-106633333333333"",""-762530555555555"""
"ESP32_Ultra_02,""Terminal terrestre"",""3693"",""-106633333333333"",""-762530555555555"""
"ESP32_Ultra_02,""Terminal terrestre"",""2627"",""-106633333333333"",""-762530555555555"""
"ESP32_Ultra_02,""Terminal terrestre"",""6623"",""-106633333333333"",""-762530555555555"""
"ESP32_Ultra_02,""Terminal terrestre"",""658"",""-106633333333333"",""-762530555555555"""
"ESP32_Ultra_02,""Terminal terrestre"",""2181"",""-106633333333333"",""-762530555555555"""
"ESP32_Ultra_02,""Terminal terrestre"",""6446"",""-106633333333333"",""-762530555555555"""
"ESP32_Ultra_02,""Terminal terrestre"",""588"",""-106633333333333"",""-762530555555555"""
"ESP32_Ultra_02,""Terminal terrestre"",""4864"",""-106633333333333"",""-762530555555555"""
"ESP32_Ultra_02,""Terminal terrestre"",""802"",""-106633333333333"",""-762530555555555"""
"ESP32_Ultra_02,""Terminal terrestre"",""151"",""-106633333333333"",""-762530555555555"""
"ESP32_Ultra_02,""Terminal terrestre"",""4366"",""-106633333333333"",""-762530555555555"""
"ESP32_Ultra_02,""Terminal terrestre"",""7445"",""-106633333333333"",""-762530555555555"""
"ESP32_Ultra_02,""Terminal terrestre"",""3454"",""-106633333333333"",""-762530555555555"""
"ESP32_Ultra_02,""Terminal terrestre"",""2706"",""-106633333333333"",""-762530555555555"""
"ESP32_Ultra_02,""Terminal terrestre"",""6483"",""-106633333333333"",""-762530555555555"""
"ESP32_Ultra_02,""Terminal terrestre"",""5685"",""-106633333333333"",""-762530555555555"""
"ESP32_Ultra_02,""Terminal terrestre"",""281"",""-106633333333333"",""-762530555555555"""
"ESP32_Ultra_02,""Terminal terrestre"",""1499"",""-106633333333333"",""-762530555555555"""
"ESP32_Ultra_02,""Terminal terrestre"",""752"",""-106633333333333"",""-762530555555555"""
"ESP32_Ultra_02,""Terminal terrestre"",""3621"",""-106633333333333"",""-762530555555555"""
"ESP32_Ultra_02,""Terminal terrestre"",""6792"",""-106633333333333"",""-762530555555555"""
"ESP32_Ultra_02,""Terminal terrestre"",""2065"",""-106633333333333"",""-762530555555555"""
"ESP32_Ultra_02,""Terminal terrestre"",""4695"",""-106633333333333"",""-762530555555555"""
"ESP32_Ultra_02,""Terminal terrestre"",""7996"",""-106633333333333"",""-762530555555555"""
"ESP32_Ultra_02,""Terminal terrestre"",""2726"",""-106633333333333"",""-762530555555555"""
"ESP32_Ultra_02,""Terminal terrestre"",""323"",""-106633333333333"",""-762530555555555"""
"ESP32_Ultra_02,""Terminal terrestre"",""5802"",""-106633333333333"",""-762530555555555"""
"ESP32_Ultra_02,""Terminal terrestre"",""6909"",""-106633333333333"",""-762530555555555"""
"ESP32_Ultra_02,""Terminal terrestre"",""6497"",""-106633333333333"",""-762530555555555"""
"ESP32_Ultra_02,""Terminal terrestre"",""624"",""-106633333333333"",""-762530555555555"""
"ESP32_Ultra_02,""Terminal terrestre"",""4827"",""-106633333333333"",""-762530555555555"""
"ESP32_Ultra_02,""Terminal terrestre"",""2003"",""-106633333333333"",""-762530555555555"""
"ESP32_Ultra_02,""Terminal terrestre"",""6884"",""-106633333333333"",""-762530555555555"""
"ESP32_Ultra_02,""Terminal terrestre"",""2757"",""-106633333333333"",""-762530555555555"""
"ESP32_Ultra_02,""Terminal terrestre"",""5914"",""-106633333333333"",""-762530555555555"""
"ESP32_Ultra_02,""Terminal terrestre"",""3966"",""-106633333333333"",""-762530555555555"""
"ESP32_Ultra_02,""Terminal terrestre"",""4463"",""-106633333333333"",""-762530555555555"""
"ESP32_Ultra_02,""Terminal terrestre"",""7617"",""-106633333333333"",""-762530555555555"""
"ESP32_Ultra_02,""Terminal terrestre"",""3531"",""-106633333333333"",""-762530555555555"""
"ESP32_Ultra_02,""Terminal terrestre"",""1079"",""-106633333333333"",""-762530555555555"""
"ESP32_Ultra_02,""Terminal terrestre"",""663"",""-106633333333333"",""-762530555555555"""
"ESP32_Ultra_02,""Terminal terrestre"",""3623"",""-106633333333333"",""-762530555555555"""
"ESP32_Ultra_02,""Terminal terrestre"",""1824"",""-106633333333333"",""-762530555555555"""
"ESP32_Ultra_02,""Terminal terrestre"",""7426"",""-106633333333333"",""-762530555555555"""
"ESP32_Ultra_02,""Terminal terrestre"",""4447"",""-106633333333333"",""-762530555555555"""
"ESP32_Ultra_02,""Terminal terrestre"",""2171"",""-106633333333333"",""-762530555555555"""
"ESP32_Ultra_02,""Terminal terrestre"",""1492"",""-106633333333333"",""-762530555555555"""
"ESP32_Ultra_02,""Terminal terrestre"",""6697"",""-106633333333333"",""-762530555555555"""
"ESP32_Ultra_02,""Terminal terrestre"",""6972"",""-106633333333333"",""-762530555555555"""
"ESP32_Ultra_02,""Terminal terrestre"",""664"",""-106633333333333"",""-762530555555555"""
"ESP32_Ultra_02,""Terminal terrestre"",""3714"",""-106633333333333"",""-762530555555555"""
"ESP32_Ultra_02,""Terminal terrestre"",""4688"",""-106633333333333"",""-762530555555555"""
"ESP32_Ultra_02,""Terminal terrestre"",""8081"",""-106633333333333"",""-762530555555555"""
"ESP32_Ultra_02,""Terminal terrestre"",""7863"",""-106633333333333"",""-762530555555555"""
"ESP32_Ultra_02,""Terminal terrestre"",""7323"",""-106633333333333"",""-762530555555555"""
"ESP32_Ultra_02,""Terminal terrestre"",""1434"",""-106633333333333"",""-762530555555555"""
"ESP32_Ultra_02,""Terminal terrestre"",""7185"",""-106633333333333"",""-762530555555555"""
"ESP32_Ultra_02,""Terminal terrestre"",""3862"",""-622944444444445"",""-778727777777777"""
"ESP32_Ultra_02,""Terminal terrestre"",""6273"",""-622944444444445"",""-778727777777777"""
"ESP32_Ultra_02,""Terminal terrestre"",""5393"",""-622944444444445"",""-778727777777777"""
"ESP32_Ultra_02,""Terminal terrestre"",""3098"",""-622944444444445"",""-778727777777777"""
"ESP32_Ultra_02,""Terminal terrestre"",""6731"",""-622944444444445"",""-778727777777777"""
"ESP32_Ultra_02,""Terminal terrestre"",""534"",""-622944444444445"",""-778727777777777"""
"ESP32_Ultra_02,""Terminal terrestre"",""1053"",""-622944444444445"",""-778727777777777"""
"ESP32_Ultra_02,""Terminal terrestre"",""4682"",""-622944444444445"",""-778727777777777"""
"ESP32_Ultra_02,""Terminal terrestre"",""4629"",""-622944444444445"",""-778727777777777"""
"ESP32_Ultra_02,""Terminal terrestre"",""758"",""-622944444444445"",""-778727777777777"""
"ESP32_Ultra_02,""Terminal terrestre"",""1107"",""-622944444444445"",""-778727777777777"""
"ESP32_Ultra_02,""Terminal terrestre"",""446"",""-622944444444445"",""-778727777777777"""
"ESP32_Ultra_02,""Terminal terrestre"",""261"",""-622944444444445"",""-778727777777777"""
"ESP32_Ultra_02,""Terminal terrestre"",""3733"",""-622944444444445"",""-778727777777777"""
"ESP32_Ultra_02,""Terminal terrestre"",""5177"",""-622944444444445"",""-778727777777777"""
"ESP32_Ultra_02,""Terminal terrestre"",""2856"",""-622944444444445"",""-778727777777777"""
"ESP32_Ultra_02,""Terminal terrestre"",""2053"",""-622944444444445"",""-778727777777777"""
"ESP32_Ultra_02,""Terminal terrestre"",""478"",""-622944444444445"",""-778727777777777"""
"ESP32_Ultra_02,""Terminal terrestre"",""1131"",""-622944444444445"",""-778727777777777"""
"ESP32_Ultra_02,""Terminal terrestre"",""1688"",""-622944444444445"",""-778727777777777"""
"ESP32_Ultra_02,""Terminal terrestre"",""3126"",""-622944444444445"",""-778727777777777"""
"ESP32_Ultra_02,""Terminal terrestre"",""5781"",""-622944444444445"",""-778727777777777"""
"ESP32_Ultra_02,""Terminal terrestre"",""790"",""-622944444444445"",""-778727777777777"""
"ESP32_Ultra_02,""Terminal terrestre"",""3305"",""-622944444444445"",""-778727777777777"""
"ESP32_Ultra_02,""Terminal terrestre"",""5583"",""-622944444444445"",""-778727777777777"""
"ESP32_Ultra_02,""Terminal terrestre"",""6396"",""-622944444444445"",""-778727777777777"""
"ESP32_Ultra_02,""Terminal terrestre"",""188"",""-622944444444445"",""-778727777777777"""
"ESP32_Ultra_02,""Terminal terrestre"",""5349"",""-622944444444445"",""-778727777777777"""
"ESP32_Ultra_02,""Terminal terrestre"",""2702"",""-622944444444445"",""-778727777777777"""
"ESP32_Ultra_02,""Terminal terrestre"",""7681"",""-622944444444445"",""-778727777777777"""
"ESP32_Ultra_02,""Terminal terrestre"",""4718"",""-622944444444445"",""-778727777777777"""
"ESP32_Ultra_02,""Terminal terrestre"",""3533"",""-622944444444445"",""-778727777777777"""
"ESP32_Ultra_02,""Terminal terrestre"",""204"",""-622944444444445"",""-778727777777777"""
"ESP32_Ultra_02,""Terminal terrestre"",""6465"",""-622944444444445"",""-778727777777777"""
"ESP32_Ultra_02,""Terminal terrestre"",""7354"",""-622944444444445"",""-778727777777777"""
"ESP32_Ultra_02,""Terminal terrestre"",""6518"",""-622944444444445"",""-778727777777777"""
"ESP32_Ultra_02,""Terminal terrestre"",""224"",""-622944444444445"",""-778727777777777"""
"ESP32_Ultra_02,""Terminal terrestre"",""868"",""-622944444444445"",""-778727777777777"""
"ESP32_Ultra_02,""Terminal terrestre"",""3407"",""-622944444444445"",""-778727777777777"""
"ESP32_Ultra_02,""Terminal terrestre"",""7098"",""-622944444444445"",""-778727777777777"""
"ESP32_Ultra_02,""Terminal terrestre"",""2384"",""-622944444444445"",""-778727777777777"""
"ESP32_Ultra_02,""Terminal terrestre"",""2198"",""-622944444444445"",""-778727777777777"""
"ESP32_Ultra_02,""Terminal terrestre"",""1344"",""-622944444444445"",""-778727777777777"""
"ESP32_Ultra_02,""Terminal terrestre"",""2083"",""-622944444444445"",""-778727777777777"""
"ESP32_Ultra_02,""Terminal terrestre"",""293"",""-622944444444445"",""-778727777777777"""
"ESP32_Ultra_02,""Terminal terrestre"",""6885"",""-622944444444445"",""-778727777777777"""
"ESP32_Ultra_02,""Terminal terrestre"",""3099"",""-622944444444445"",""-778727777777777"""
"ESP32_Ultra_02,""Terminal terrestre"",""5311"",""-622944444444445"",""-778727777777777"""
"ESP32_Ultra_02,""Terminal terrestre"",""222"",""-622944444444445"",""-778727777777777"""
"ESP32_Ultra_02,""Terminal terrestre"",""290"",""-622944444444445"",""-778727777777777"""
"ESP32_Ultra_02,""Terminal terrestre"",""6232"",""-622944444444445"",""-778727777777777"""
"ESP32_Ultra_02,""Terminal terrestre"",""6547"",""-622944444444445"",""-778727777777777"""
"ESP32_Ultra_02,""Terminal terrestre"",""611"",""-622944444444445"",""-778727777777777"""
"ESP32_Ultra_02,""Terminal terrestre"",""4166"",""-622944444444445"",""-778727777777777"""
"ESP32_Ultra_02,""Terminal terrestre"",""5532"",""-622944444444445"",""-778727777777777"""
"ESP32_Ultra_02,""Terminal terrestre"",""5063"",""-622944444444445"",""-778727777777777"""
"ESP32_Ultra_02,""Terminal terrestre"",""964"",""-622944444444445"",""-778727777777777"""
"ESP32_Ultra_02,""Terminal terrestre"",""1919"",""-622944444444445"",""-778727777777777"""
"ESP32_Ultra_02,""Terminal terrestre"",""211"",""-622944444444445"",""-778727777777777"""
"ESP32_Ultra_02,""Terminal terrestre"",""6492"",""-622944444444445"",""-778727777777777"""
"ESP32_Ultra_02,""Terminal terrestre"",""7193"",""-622944444444445"",""-778727777777777"""
"ESP32_Ultra_02,""Terminal terrestre"",""6596"",""-622944444444445"",""-778727777777777"""
"ESP32_Ultra_02,""Terminal terrestre"",""5989"",""-622944444444445"",""-778727777777777"""
"ESP32_Ultra_02,""Terminal terrestre"",""1889"",""-622944444444445"",""-778727777777777"""
"ESP32_Ultra_02,""Terminal terrestre"",""983"",""-622944444444445"",""-778727777777777"""
"ESP32_Ultra_02,""Terminal terrestre"",""1371"",""-622944444444445"",""-778727777777777"""
"ESP32_Ultra_02,""Terminal terrestre"",""214"",""-622944444444445"",""-778727777777777"""
"ESP32_Ultra_02,""Terminal terrestre"",""6972"",""-622944444444445"",""-778727777777777"""
"ESP32_Ultra_02,""Terminal terrestre"",""7092"",""-622944444444445"",""-778727777777777"""
"ESP32_Ultra_02,""Terminal terrestre"",""127"",""-622944444444445"",""-778727777777777"""
"ESP32_Ultra_02,""Terminal terrestre"",""489"",""-622944444444445"",""-778727777777777"""
"ESP32_Ultra_02,""Terminal terrestre"",""486"",""-622944444444445"",""-778727777777777"""
"ESP32_Ultra_02,""Terminal terrestre"",""4271"",""-622944444444445"",""-778727777777777"""
"ESP32_Ultra_02,""Terminal terrestre"",""2831"",""-622944444444445"",""-778727777777777"""
"ESP32_Ultra_02,""Terminal terrestre"",""667"",""-622944444444445"",""-778727777777777"""
"ESP32_Ultra_02,""Terminal terrestre"",""614"",""-622944444444445"",""-778727777777777"""
"ESP32_Ultra_02,""Terminal terrestre"",""5878"",""-622944444444445"",""-778727777777777"""
"ESP32_Ultra_02,""Terminal terrestre"",""7414"",""-622944444444445"",""-778727777777777"""
"ESP32_Ultra_02,""Terminal terrestre"",""6502"",""-622944444444445"",""-778727777777777"""
"ESP32_Ultra_02,""Terminal terrestre"",""2652"",""-622944444444445"",""-778727777777777"""
"ESP32_Ultra_02,""Terminal terrestre"",""5062"",""-622944444444445"",""-778727777777777"""
"ESP32_Ultra_02,""Terminal terrestre"",""2599"",""-622944444444445"",""-778727777777777"""
"ESP32_Ultra_02,""Terminal terrestre"",""7763"",""-622944444444445"",""-778727777777777"""
"ESP32_Ultra_02,""Terminal terrestre"",""819"",""-622944444444445"",""-778727777777777"""
"ESP32_Ultra_02,""Terminal terrestre"",""655"",""-622944444444445"",""-778727777777777"""
"ESP32_Ultra_02,""Terminal terrestre"",""1187"",""-622944444444445"",""-778727777777777"""
"ESP32_Ultra_02,""Terminal terrestre"",""6498"",""-622944444444445"",""-778727777777777"""
"ESP32_Ultra_02,""Terminal terrestre"",""2832"",""-622944444444445"",""-778727777777777"""
"ESP32_Ultra_02,""Terminal terrestre"",""144"",""-622944444444445"",""-778727777777777"""
"ESP32_Ultra_02,""Terminal terrestre"",""618"",""-622944444444445"",""-778727777777777"""
"ESP32_Ultra_02,""Terminal terrestre"",""5328"",""-622944444444445"",""-778727777777777"""
"ESP32_Ultra_02,""Terminal terrestre"",""788"",""-622944444444445"",""-778727777777777"""
"ESP32_Ultra_02,""Terminal terrestre"",""2499"",""-622944444444445"",""-778727777777777"""
"ESP32_Ultra_02,""Terminal terrestre"",""7395"",""-622944444444445"",""-778727777777777"""
"ESP32_Ultra_02,""Terminal terrestre"",""3896"",""-622944444444445"",""-778727777777777"""
"ESP32_Ultra_02,""Terminal terrestre"",""4163"",""-622944444444445"",""-778727777777777"""
"ESP32_Ultra_02,""Terminal terrestre"",""3614"",""-622944444444445"",""-778727777777777"""
"ESP32_Ultra_02,""Terminal terrestre"",""2292"",""-622944444444445"",""-778727777777777"""
"ESP32_Ultra_02,""Terminal terrestre"",""5659"",""-622944444444445"",""-778727777777777"""
"ESP32_Ultra_02,""Terminal terrestre"",""545"",""-622944444444445"",""-778727777777777"""
"ESP32_Ultra_02,""Terminal terrestre"",""4864"",""-622944444444445"",""-778727777777777"""
"ESP32_Ultra_02,""Terminal terrestre"",""1902"",""-622944444444445"",""-778727777777777"""
"ESP32_Ultra_02,""Terminal terrestre"",""1462"",""-622944444444445"",""-778727777777777"""
"ESP32_Ultra_02,""Terminal terrestre"",""3875"",""-622944444444445"",""-778727777777777"""
"ESP32_Ultra_02,""Terminal terrestre"",""2969"",""-622944444444445"",""-778727777777777"""
"ESP32_Ultra_02,""Terminal terrestre"",""2322"",""-622944444444445"",""-778727777777777"""
"ESP32_Ultra_02,""Terminal terrestre"",""726"",""-622944444444445"",""-778727777777777"""
"ESP32_Ultra_02,""Terminal terrestre"",""3972"",""-622944444444445"",""-778727777777777"""
"ESP32_Ultra_02,""Terminal terrestre"",""2454"",""-622944444444445"",""-778727777777777"""
"ESP32_Ultra_02,""Terminal terrestre"",""6995"",""-622944444444445"",""-778727777777777"""
"ESP32_Ultra_02,""Terminal terrestre"",""5308"",""-622944444444445"",""-778727777777777"""
"ESP32_Ultra_02,""Terminal terrestre"",""7552"",""-622944444444445"",""-778727777777777"""
"ESP32_Ultra_02,""Terminal terrestre"",""5269"",""-622944444444445"",""-778727777777777"""
"ESP32_Ultra_02,""Terminal terrestre"",""131"",""-622944444444445"",""-778727777777777"""
"ESP32_Ultra_02,""Terminal terrestre"",""7528"",""-622944444444445"",""-778727777777777"""
"ESP32_Ultra_02,""Terminal terrestre"",""302"",""-622944444444445"",""-778727777777777"""
"ESP32_Ultra_02,""Terminal terrestre"",""4963"",""-622944444444445"",""-778727777777777"""
"ESP32_Ultra_02,""Terminal terrestre"",""6252"",""-622944444444445"",""-778727777777777"""
"ESP32_Ultra_02,""Terminal terrestre"",""723"",""-622944444444445"",""-778727777777777"""
"ESP32_Ultra_02,""Terminal terrestre"",""3376"",""-125936111111111"",""-691766666666667"""
"ESP32_Ultra_02,""Terminal terrestre"",""758"",""-125936111111111"",""-691766666666667"""
"ESP32_Ultra_02,""Terminal terrestre"",""5173"",""-125936111111111"",""-691766666666667"""
"ESP32_Ultra_02,""Terminal terrestre"",""964"",""-125936111111111"",""-691766666666667"""
"ESP32_Ultra_02,""Terminal terrestre"",""7094"",""-125936111111111"",""-691766666666667"""
"ESP32_Ultra_02,""Terminal terrestre"",""6904"",""-125936111111111"",""-691766666666667"""
"ESP32_Ultra_02,""Terminal terrestre"",""2383"",""-125936111111111"",""-691766666666667"""
"ESP32_Ultra_02,""Terminal terrestre"",""679"",""-125936111111111"",""-691766666666667"""
"ESP32_Ultra_02,""Terminal terrestre"",""968"",""-125936111111111"",""-691766666666667"""
"ESP32_Ultra_02,""Terminal terrestre"",""5178"",""-125936111111111"",""-691766666666667"""
"ESP32_Ultra_02,""Terminal terrestre"",""3402"",""-125936111111111"",""-691766666666667"""
"ESP32_Ultra_02,""Terminal terrestre"",""6189"",""-125936111111111"",""-691766666666667"""
"ESP32_Ultra_02,""Terminal terrestre"",""732"",""-125936111111111"",""-691766666666667"""
"ESP32_Ultra_02,""Terminal terrestre"",""5864"",""-125936111111111"",""-691766666666667"""
"ESP32_Ultra_02,""Terminal terrestre"",""5706"",""-125936111111111"",""-691766666666667"""
"ESP32_Ultra_02,""Terminal terrestre"",""4864"",""-125936111111111"",""-691766666666667"""
"ESP32_Ultra_02,""Terminal terrestre"",""3247"",""-125936111111111"",""-691766666666667"""
"ESP32_Ultra_02,""Terminal terrestre"",""5685"",""-125936111111111"",""-691766666666667"""
"ESP32_Ultra_02,""Terminal terrestre"",""2881"",""-125936111111111"",""-691766666666667"""
"ESP32_Ultra_02,""Terminal terrestre"",""272"",""-125936111111111"",""-691766666666667"""
"ESP32_Ultra_02,""Terminal terrestre"",""1439"",""-125936111111111"",""-691766666666667"""
"ESP32_Ultra_02,""Terminal terrestre"",""590"",""-125936111111111"",""-691766666666667"""
"ESP32_Ultra_02,""Terminal terrestre"",""5763"",""-125936111111111"",""-691766666666667"""
"ESP32_Ultra_02,""Terminal terrestre"",""954"",""-125936111111111"",""-691766666666667"""
"ESP32_Ultra_02,""Terminal terrestre"",""3079"",""-125936111111111"",""-691766666666667"""
"ESP32_Ultra_02,""Terminal terrestre"",""2849"",""-125936111111111"",""-691766666666667"""
"ESP32_Ultra_02,""Terminal terrestre"",""1518"",""-125936111111111"",""-691766666666667"""
"ESP32_Ultra_02,""Terminal terrestre"",""720"",""-125936111111111"",""-691766666666667"""
"ESP32_Ultra_02,""Terminal terrestre"",""7529"",""-125936111111111"",""-691766666666667"""
"ESP32_Ultra_02,""Terminal terrestre"",""7512"",""-125936111111111"",""-691766666666667"""
"ESP32_Ultra_02,""Terminal terrestre"",""5452"",""-125936111111111"",""-691766666666667"""
"ESP32_Ultra_02,""Terminal terrestre"",""380"",""-125936111111111"",""-691766666666667"""
"ESP32_Ultra_02,""Terminal terrestre"",""4282"",""-125936111111111"",""-691766666666667"""
"ESP32_Ultra_02,""Terminal terrestre"",""1828"",""-125936111111111"",""-691766666666667"""
"ESP32_Ultra_02,""Terminal terrestre"",""1233"",""-125936111111111"",""-691766666666667"""
"ESP32_Ultra_02,""Terminal terrestre"",""1134"",""-125936111111111"",""-691766666666667"""
"ESP32_Ultra_02,""Terminal terrestre"",""3321"",""-125936111111111"",""-691766666666667"""
"ESP32_Ultra_02,""Terminal terrestre"",""5623"",""-125936111111111"",""-691766666666667"""
"ESP32_Ultra_02,""Terminal terrestre"",""7954"",""-125936111111111"",""-691766666666667"""
"ESP32_Ultra_02,""Terminal terrestre"",""599"",""-125936111111111"",""-691766666666667"""
"ESP32_Ultra_02,""Terminal terrestre"",""7316"",""-125936111111111"",""-691766666666667"""
"ESP32_Ultra_02,""Terminal terrestre"",""7468"",""-125936111111111"",""-691766666666667"""
"ESP32_Ultra_02,""Terminal terrestre"",""5998"",""-125936111111111"",""-691766666666667"""
"ESP32_Ultra_02,""Terminal terrestre"",""3677"",""-125936111111111"",""-691766666666667"""
"ESP32_Ultra_02,""Terminal terrestre"",""843"",""-125936111111111"",""-691766666666667"""
"ESP32_Ultra_02,""Terminal terrestre"",""3497"",""-125936111111111"",""-691766666666667"""
"ESP32_Ultra_02,""Terminal terrestre"",""4124"",""-125936111111111"",""-691766666666667"""
"ESP32_Ultra_02,""Terminal terrestre"",""786"",""-125936111111111"",""-691766666666667"""
"ESP32_Ultra_02,""Terminal terrestre"",""752"",""-125936111111111"",""-691766666666667"""
"ESP32_Ultra_02,""Terminal terrestre"",""428"",""-125936111111111"",""-691766666666667"""
"ESP32_Ultra_02,""Terminal terrestre"",""748"",""-125936111111111"",""-691766666666667"""
"ESP32_Ultra_02,""Terminal terrestre"",""3186"",""-125936111111111"",""-691766666666667"""
"ESP32_Ultra_02,""Terminal terrestre"",""156"",""-125936111111111"",""-691766666666667"""
"ESP32_Ultra_02,""Terminal terrestre"",""693"",""-125936111111111"",""-691766666666667"""
"ESP32_Ultra_02,""Terminal terrestre"",""4839"",""-125936111111111"",""-691766666666667"""
"ESP32_Ultra_02,""Terminal terrestre"",""5359"",""-125936111111111"",""-691766666666667"""
"ESP32_Ultra_02,""Terminal terrestre"",""6788"",""-125936111111111"",""-691766666666667"""
"ESP32_Ultra_02,""Terminal terrestre"",""6177"",""-125936111111111"",""-691766666666667"""
"ESP32_Ultra_02,""Terminal terrestre"",""3255"",""-125936111111111"",""-691766666666667"""
"ESP32_Ultra_02,""Terminal terrestre"",""706"",""-125936111111111"",""-691766666666667"""
"ESP32_Ultra_02,""Terminal terrestre"",""5493"",""-125936111111111"",""-691766666666667"""
"ESP32_Ultra_02,""Terminal terrestre"",""4305"",""-125936111111111"",""-691766666666667"""
"ESP32_Ultra_02,""Terminal terrestre"",""1064"",""-125936111111111"",""-691766666666667"""
"ESP32_Ultra_02,""Terminal terrestre"",""6615"",""-125936111111111"",""-691766666666667"""
"ESP32_Ultra_02,""Terminal terrestre"",""6104"",""-125936111111111"",""-691766666666667"""
"ESP32_Ultra_02,""Terminal terrestre"",""2455"",""-125936111111111"",""-691766666666667"""
"ESP32_Ultra_02,""Terminal terrestre"",""7208"",""-125936111111111"",""-691766666666667"""
"ESP32_Ultra_02,""Terminal terrestre"",""6194"",""-125936111111111"",""-691766666666667"""
"ESP32_Ultra_02,""Terminal terrestre"",""5887"",""-125936111111111"",""-691766666666667"""
"ESP32_Ultra_02,""Terminal terrestre"",""6839"",""-125936111111111"",""-691766666666667"""
"ESP32_Ultra_02,""Terminal terrestre"",""6312"",""-125936111111111"",""-691766666666667"""
"ESP32_Ultra_02,""Terminal terrestre"",""928"",""-125936111111111"",""-691766666666667"""
"ESP32_Ultra_02,""Terminal terrestre"",""2581"",""-125936111111111"",""-691766666666667"""
"ESP32_Ultra_02,""Terminal terrestre"",""3579"",""-125936111111111"",""-691766666666667"""
"ESP32_Ultra_02,""Terminal terrestre"",""576"",""-125936111111111"",""-691766666666667"""
"ESP32_Ultra_02,""Terminal terrestre"",""4495"",""-125936111111111"",""-691766666666667"""
"ESP32_Ultra_02,""Terminal terrestre"",""2224"",""-125936111111111"",""-691766666666667"""
"ESP32_Ultra_02,""Terminal terrestre"",""1617"",""-125936111111111"",""-691766666666667"""
"ESP32_Ultra_02,""Terminal terrestre"",""5844"",""-125936111111111"",""-691766666666667"""
"ESP32_Ultra_02,""Terminal terrestre"",""6593"",""-125936111111111"",""-691766666666667"""
"ESP32_Ultra_02,""Terminal terrestre"",""698"",""-125936111111111"",""-691766666666667"""
"ESP32_Ultra_02,""Terminal terrestre"",""3969"",""-125936111111111"",""-691766666666667"""
"ESP32_Ultra_02,""Terminal terrestre"",""716"",""-125936111111111"",""-691766666666667"""
"ESP32_Ultra_02,""Terminal terrestre"",""3823"",""-125936111111111"",""-691766666666667"""
"ESP32_Ultra_02,""Terminal terrestre"",""2205"",""-125936111111111"",""-691766666666667"""
"ESP32_Ultra_02,""Terminal terrestre"",""4616"",""-125936111111111"",""-691766666666667"""
"ESP32_Ultra_02,""Terminal terrestre"",""611"",""-125936111111111"",""-691766666666667"""
"ESP32_Ultra_02,""Terminal terrestre"",""3554"",""-125936111111111"",""-691766666666667"""
"ESP32_Ultra_02,""Terminal terrestre"",""7715"",""-125936111111111"",""-691766666666667"""
"ESP32_Ultra_02,""Terminal terrestre"",""279"",""-125936111111111"",""-691766666666667"""
"ESP32_Ultra_02,""Terminal terrestre"",""5827"",""-125936111111111"",""-691766666666667"""
"ESP32_Ultra_02,""Terminal terrestre"",""7415"",""-125936111111111"",""-691766666666667"""
"ESP32_Ultra_02,""Terminal terrestre"",""4253"",""-125936111111111"",""-691766666666667"""
"ESP32_Ultra_02,""Terminal terrestre"",""149"",""-125936111111111"",""-691766666666667"""
"ESP32_Ultra_02,""Terminal terrestre"",""5809"",""-125936111111111"",""-691766666666667"""
"ESP32_Ultra_02,""Terminal terrestre"",""8069"",""-125936111111111"",""-691766666666667"""
"ESP32_Ultra_02,""Terminal terrestre"",""217"",""-125936111111111"",""-691766666666667"""
"ESP32_Ultra_02,""Terminal terrestre"",""3563"",""-125936111111111"",""-691766666666667"""
"ESP32_Ultra_02,""Terminal terrestre"",""2384"",""-125936111111111"",""-691766666666667"""
"ESP32_Ultra_02,""Terminal terrestre"",""1067"",""-125936111111111"",""-691766666666667"""
"ESP32_Ultra_02,""Terminal terrestre"",""4201"",""-125936111111111"",""-691766666666667"""
"ESP32_Ultra_02,""Terminal terrestre"",""1161"",""-125936111111111"",""-691766666666667"""
"ESP32_Ultra_02,""Terminal terrestre"",""4533"",""-125936111111111"",""-691766666666667"""
"ESP32_Ultra_02,""Terminal terrestre"",""471"",""-125936111111111"",""-691766666666667"""
"ESP32_Ultra_02,""Terminal terrestre"",""2538"",""-125936111111111"",""-691766666666667"""
"ESP32_Ultra_02,""Terminal terrestre"",""7104"",""-125936111111111"",""-691766666666667"""
"ESP32_Ultra_02,""Terminal terrestre"",""1417"",""-125936111111111"",""-691766666666667"""
"ESP32_Ultra_02,""Terminal terrestre"",""5927"",""-125936111111111"",""-691766666666667"""
"ESP32_Ultra_02,""Terminal terrestre"",""1687"",""-125936111111111"",""-691766666666667"""
"ESP32_Ultra_02,""Terminal terrestre"",""4343"",""-125936111111111"",""-691766666666667"""
"ESP32_Ultra_02,""Terminal terrestre"",""4735"",""-125936111111111"",""-691766666666667"""
"ESP32_Ultra_02,""Terminal terrestre"",""4539"",""-125936111111111"",""-691766666666667"""
"ESP32_Ultra_02,""Terminal terrestre"",""7132"",""-125936111111111"",""-691766666666667"""
"ESP32_Ultra_02,""Terminal terrestre"",""2597"",""-125936111111111"",""-691766666666667"""
"ESP32_Ultra_02,""Terminal terrestre"",""4572"",""-125936111111111"",""-691766666666667"""
"ESP32_Ultra_02,""Terminal terrestre"",""3651"",""-125936111111111"",""-691766666666667"""
"ESP32_Ultra_02,""Terminal terrestre"",""2866"",""-125936111111111"",""-691766666666667"""
"ESP32_Ultra_02,""Terminal terrestre"",""4028"",""-125936111111111"",""-691766666666667"""
"ESP32_Ultra_02,""Terminal terrestre"",""7096"",""-125936111111111"",""-691766666666667"""
"ESP32_Ultra_02,""Terminal terrestre"",""5427"",""-125936111111111"",""-691766666666667"""
"ESP32_Ultra_02,""Terminal terrestre"",""6731"",""-125936111111111"",""-691766666666667"""
"ESP32_Ultra_02,""Terminal terrestre"",""1925"",""-125936111111111"",""-691766666666667"""
"ESP32_Ultra_02,""Terminal terrestre"",""7648"",""-125936111111111"",""-691766666666667"""
"ESP32_Ultra_02,""Terminal terrestre"",""1776"",""-125936111111111"",""-691766666666667"""
"ESP32_Ultra_02,""Terminal terrestre"",""5786"",""-125936111111111"",""-691766666666667"""
"ESP32_Ultra_02,""Terminal terrestre"",""2407"",""-125936111111111"",""-691766666666667"""
"ESP32_Ultra_02,""Terminal terrestre"",""4497"",""-125936111111111"",""-691766666666667"""
"ESP32_Ultra_02,""Terminal terrestre"",""246"",""-158402777777778"",""-700280555555555"""
"ESP32_Ultra_02,""Terminal terrestre"",""944"",""-158402777777778"",""-700280555555555"""
"ESP32_Ultra_02,""Terminal terrestre"",""4804"",""-158402777777778"",""-700280555555555"""
"ESP32_Ultra_02,""Terminal terrestre"",""148"",""-158402777777778"",""-700280555555555"""
"ESP32_Ultra_02,""Terminal terrestre"",""7493"",""-158402777777778"",""-700280555555555"""
"ESP32_Ultra_02,""Terminal terrestre"",""4751"",""-158402777777778"",""-700280555555555"""
"ESP32_Ultra_02,""Terminal terrestre"",""7556"",""-158402777777778"",""-700280555555555"""
"ESP32_Ultra_02,""Terminal terrestre"",""6358"",""-158402777777778"",""-700280555555555"""
"ESP32_Ultra_02,""Terminal terrestre"",""6457"",""-158402777777778"",""-700280555555555"""
"ESP32_Ultra_02,""Terminal terrestre"",""766"",""-158402777777778"",""-700280555555555"""
"ESP32_Ultra_02,""Terminal terrestre"",""6311"",""-158402777777778"",""-700280555555555"""
"ESP32_Ultra_02,""Terminal terrestre"",""170"",""-158402777777778"",""-700280555555555"""
"ESP32_Ultra_02,""Terminal terrestre"",""7378"",""-158402777777778"",""-700280555555555"""
"ESP32_Ultra_02,""Terminal terrestre"",""407"",""-158402777777778"",""-700280555555555"""
"ESP32_Ultra_02,""Terminal terrestre"",""6353"",""-158402777777778"",""-700280555555555"""
"ESP32_Ultra_02,""Terminal terrestre"",""7028"",""-158402777777778"",""-700280555555555"""
"ESP32_Ultra_02,""Terminal terrestre"",""13"",""-158402777777778"",""-700280555555555"""
"ESP32_Ultra_02,""Terminal terrestre"",""417"",""-158402777777778"",""-700280555555555"""
"ESP32_Ultra_02,""Terminal terrestre"",""4021"",""-158402777777778"",""-700280555555555"""
"ESP32_Ultra_02,""Terminal terrestre"",""1124"",""-158402777777778"",""-700280555555555"""
"ESP32_Ultra_02,""Terminal terrestre"",""1265"",""-158402777777778"",""-700280555555555"""
"ESP32_Ultra_02,""Terminal terrestre"",""5644"",""-158402777777778"",""-700280555555555"""
"ESP32_Ultra_02,""Terminal terrestre"",""1498"",""-158402777777778"",""-700280555555555"""
"ESP32_Ultra_02,""Terminal terrestre"",""4163"",""-158402777777778"",""-700280555555555"""
"ESP32_Ultra_02,""Terminal terrestre"",""6046"",""-158402777777778"",""-700280555555555"""
"ESP32_Ultra_02,""Terminal terrestre"",""304"",""-158402777777778"",""-700280555555555"""
"ESP32_Ultra_02,""Terminal terrestre"",""7924"",""-158402777777778"",""-700280555555555"""
"ESP32_Ultra_02,""Terminal terrestre"",""6276"",""-158402777777778"",""-700280555555555"""
"ESP32_Ultra_02,""Terminal terrestre"",""1768"",""-158402777777778"",""-700280555555555"""
"ESP32_Ultra_02,""Terminal terrestre"",""7624"",""-158402777777778"",""-700280555555555"""
"ESP32_Ultra_02,""Terminal terrestre"",""1082"",""-158402777777778"",""-700280555555555"""
"ESP32_Ultra_02,""Terminal terrestre"",""7483"",""-158402777777778"",""-700280555555555"""
"ESP32_Ultra_02,""Terminal terrestre"",""571"",""-158402777777778"",""-700280555555555"""
"ESP32_Ultra_02,""Terminal terrestre"",""5322"",""-158402777777778"",""-700280555555555"""
"ESP32_Ultra_02,""Terminal terrestre"",""8027"",""-158402777777778"",""-700280555555555"""
"ESP32_Ultra_02,""Terminal terrestre"",""1092"",""-158402777777778"",""-700280555555555"""
"ESP32_Ultra_02,""Terminal terrestre"",""6913"",""-158402777777778"",""-700280555555555"""
"ESP32_Ultra_02,""Terminal terrestre"",""4734"",""-158402777777778"",""-700280555555555"""
"ESP32_Ultra_02,""Terminal terrestre"",""157"",""-158402777777778"",""-700280555555555"""
"ESP32_Ultra_02,""Terminal terrestre"",""7886"",""-158402777777778"",""-700280555555555"""
"ESP32_Ultra_02,""Terminal terrestre"",""763"",""-158402777777778"",""-700280555555555"""
"ESP32_Ultra_02,""Terminal terrestre"",""5314"",""-158402777777778"",""-700280555555555"""
"ESP32_Ultra_02,""Terminal terrestre"",""7897"",""-158402777777778"",""-700280555555555"""
"ESP32_Ultra_02,""Terminal terrestre"",""7942"",""-158402777777778"",""-700280555555555"""
"ESP32_Ultra_02,""Terminal terrestre"",""2482"",""-158402777777778"",""-700280555555555"""
"ESP32_Ultra_02,""Terminal terrestre"",""1473"",""-158402777777778"",""-700280555555555"""
"ESP32_Ultra_02,""Terminal terrestre"",""1676"",""-158402777777778"",""-700280555555555"""
"ESP32_Ultra_02,""Terminal terrestre"",""208"",""-158402777777778"",""-700280555555555"""
"ESP32_Ultra_02,""Terminal terrestre"",""1176"",""-158402777777778"",""-700280555555555"""
"ESP32_Ultra_02,""Terminal terrestre"",""6713"",""-158402777777778"",""-700280555555555"""
"ESP32_Ultra_02,""Terminal terrestre"",""3958"",""-158402777777778"",""-700280555555555"""
"ESP32_Ultra_02,""Terminal terrestre"",""289"",""-158402777777778"",""-700280555555555"""
"ESP32_Ultra_02,""Terminal terrestre"",""2641"",""-158402777777778"",""-700280555555555"""
"ESP32_Ultra_02,""Terminal terrestre"",""1531"",""-158402777777778"",""-700280555555555"""
"ESP32_Ultra_02,""Terminal terrestre"",""718"",""-158402777777778"",""-700280555555555"""
"ESP32_Ultra_02,""Terminal terrestre"",""560"",""-158402777777778"",""-700280555555555"""
"ESP32_Ultra_02,""Terminal terrestre"",""7903"",""-158402777777778"",""-700280555555555"""
"ESP32_Ultra_02,""Terminal terrestre"",""1606"",""-158402777777778"",""-700280555555555"""
"ESP32_Ultra_02,""Terminal terrestre"",""6288"",""-158402777777778"",""-700280555555555"""
"ESP32_Ultra_02,""Terminal terrestre"",""6215"",""-158402777777778"",""-700280555555555"""
"ESP32_Ultra_02,""Terminal terrestre"",""6849"",""-158402777777778"",""-700280555555555"""
"ESP32_Ultra_02,""Terminal terrestre"",""1066"",""-158402777777778"",""-700280555555555"""
"ESP32_Ultra_02,""Terminal terrestre"",""354"",""-158402777777778"",""-700280555555555"""
"ESP32_Ultra_02,""Terminal terrestre"",""4075"",""-158402777777778"",""-700280555555555"""
"ESP32_Ultra_02,""Terminal terrestre"",""7446"",""-158402777777778"",""-700280555555555"""
"ESP32_Ultra_02,""Terminal terrestre"",""38"",""-158402777777778"",""-700280555555555"""
"ESP32_Ultra_02,""Terminal terrestre"",""4545"",""-158402777777778"",""-700280555555555"""
"ESP32_Ultra_02,""Terminal terrestre"",""1421"",""-158402777777778"",""-700280555555555"""
"ESP32_Ultra_02,""Terminal terrestre"",""461"",""-158402777777778"",""-700280555555555"""
"ESP32_Ultra_02,""Terminal terrestre"",""2785"",""-158402777777778"",""-700280555555555"""
"ESP32_Ultra_02,""Terminal terrestre"",""5933"",""-158402777777778"",""-700280555555555"""
"ESP32_Ultra_02,""Terminal terrestre"",""5417"",""-158402777777778"",""-700280555555555"""
"ESP32_Ultra_02,""Terminal terrestre"",""1953"",""-158402777777778"",""-700280555555555"""
"ESP32_Ultra_02,""Terminal terrestre"",""765"",""-158402777777778"",""-700280555555555"""
"ESP32_Ultra_02,""Terminal terrestre"",""2372"",""-158402777777778"",""-700280555555555"""
"ESP32_Ultra_02,""Terminal terrestre"",""3318"",""-158402777777778"",""-700280555555555"""
"ESP32_Ultra_02,""Terminal terrestre"",""1344"",""-158402777777778"",""-700280555555555"""
"ESP32_Ultra_02,""Terminal terrestre"",""1889"",""-158402777777778"",""-700280555555555"""
"ESP32_Ultra_02,""Terminal terrestre"",""7474"",""-158402777777778"",""-700280555555555"""
"ESP32_Ultra_02,""Terminal terrestre"",""3922"",""-158402777777778"",""-700280555555555"""
"ESP32_Ultra_02,""Terminal terrestre"",""1898"",""-158402777777778"",""-700280555555555"""
"ESP32_Ultra_02,""Terminal terrestre"",""7645"",""-158402777777778"",""-700280555555555"""
"ESP32_Ultra_02,""Terminal terrestre"",""2312"",""-158402777777778"",""-700280555555555"""
"ESP32_Ultra_02,""Terminal terrestre"",""329"",""-158402777777778"",""-700280555555555"""
"ESP32_Ultra_02,""Terminal terrestre"",""5688"",""-158402777777778"",""-700280555555555"""
"ESP32_Ultra_02,""Terminal terrestre"",""2803"",""-158402777777778"",""-700280555555555"""
"ESP32_Ultra_02,""Terminal terrestre"",""7764"",""-158402777777778"",""-700280555555555"""
"ESP32_Ultra_02,""Terminal terrestre"",""6144"",""-158402777777778"",""-700280555555555"""
"ESP32_Ultra_02,""Terminal terrestre"",""291"",""-158402777777778"",""-700280555555555"""
"ESP32_Ultra_02,""Terminal terrestre"",""605"",""-158402777777778"",""-700280555555555"""
"ESP32_Ultra_02,""Terminal terrestre"",""2806"",""-158402777777778"",""-700280555555555"""
"ESP32_Ultra_02,""Terminal terrestre"",""235"",""-158402777777778"",""-700280555555555"""
"ESP32_Ultra_02,""Terminal terrestre"",""5586"",""-158402777777778"",""-700280555555555"""
"ESP32_Ultra_02,""Terminal terrestre"",""6245"",""-158402777777778"",""-700280555555555"""
"ESP32_Ultra_02,""Terminal terrestre"",""5123"",""-158402777777778"",""-700280555555555"""
"ESP32_Ultra_02,""Terminal terrestre"",""7986"",""-158402777777778"",""-700280555555555"""
"ESP32_Ultra_02,""Terminal terrestre"",""689"",""-158402777777778"",""-700280555555555"""
"ESP32_Ultra_02,""Terminal terrestre"",""4968"",""-158402777777778"",""-700280555555555"""
"ESP32_Ultra_02,""Terminal terrestre"",""1537"",""-158402777777778"",""-700280555555555"""
"ESP32_Ultra_02,""Terminal terrestre"",""1792"",""-158402777777778"",""-700280555555555"""
"ESP32_Ultra_02,""Terminal terrestre"",""1335"",""-158402777777778"",""-700280555555555"""
"ESP32_Ultra_02,""Terminal terrestre"",""1408"",""-158402777777778"",""-700280555555555"""
"ESP32_Ultra_02,""Terminal terrestre"",""5728"",""-158402777777778"",""-700280555555555"""
"ESP32_Ultra_02,""Terminal terrestre"",""1408"",""-158402777777778"",""-700280555555555"""
"ESP32_Ultra_02,""Terminal terrestre"",""4818"",""-158402777777778"",""-700280555555555"""
"ESP32_Ultra_02,""Terminal terrestre"",""7016"",""-158402777777778"",""-700280555555555"""
"ESP32_Ultra_02,""Terminal terrestre"",""2654"",""-158402777777778"",""-700280555555555"""
"ESP32_Ultra_02,""Terminal terrestre"",""3974"",""-158402777777778"",""-700280555555555"""
"ESP32_Ultra_02,""Terminal terrestre"",""1135"",""-158402777777778"",""-700280555555555"""
"ESP32_Ultra_02,""Terminal terrestre"",""5887"",""-158402777777778"",""-700280555555555"""
"ESP32_Ultra_02,""Terminal terrestre"",""1676"",""-158402777777778"",""-700280555555555"""
"ESP32_Ultra_02,""Terminal terrestre"",""446"",""-158402777777778"",""-700280555555555"""
"ESP32_Ultra_02,""Terminal terrestre"",""4814"",""-158402777777778"",""-700280555555555"""
"ESP32_Ultra_02,""Terminal terrestre"",""75"",""-158402777777778"",""-700280555555555"""
"ESP32_Ultra_02,""Terminal terrestre"",""4019"",""-158402777777778"",""-700280555555555"""
"ESP32_Ultra_02,""Terminal terrestre"",""247"",""-158402777777778"",""-700280555555555"""
"ESP32_Ultra_02,""Terminal terrestre"",""2004"",""-158402777777778"",""-700280555555555"""
"ESP32_Ultra_02,""Terminal terrestre"",""3017"",""-158402777777778"",""-700280555555555"""
"ESP32_Ultra_02,""Terminal terrestre"",""2405"",""-158402777777778"",""-700280555555555"""
"ESP32_Ultra_02,""Terminal terrestre"",""6159"",""-158402777777778"",""-700280555555555"""
"ESP32_Ultra_02,""Terminal terrestre"",""5139"",""-158402777777778"",""-700280555555555"""
"ESP32_Ultra_02,""Terminal terrestre"",""6397"",""-158402777777778"",""-700280555555555"""
"ESP32_Ultra_02,""Terminal terrestre"",""5166"",""-158402777777778"",""-700280555555555"""
"ESP32_Ultra_02,""Terminal terrestre"",""7903"",""-158402777777778"",""-700280555555555"""
"ESP32_Ultra_02,""Terminal terrestre"",""2508"",""-158402777777778"",""-700280555555555"""
"ESP32_Ultra_02,""Terminal terrestre"",""1516"",""-158402777777778"",""-700280555555555"""
"ESP32_Ultra_02,""Terminal terrestre"",""1869"",""-158402777777778"",""-700280555555555"""
"ESP32_Ultra_02,""Terminal terrestre"",""535"",""-158402777777778"",""-700280555555555"""
"ESP32_Ultra_02,""Terminal terrestre"",""7531"",""-158402777777778"",""-700280555555555"""
"ESP32_Ultra_02,""Terminal terrestre"",""4721"",""-158402777777778"",""-700280555555555"""
"ESP32_Ultra_02,""Terminal terrestre"",""5856"",""-158402777777778"",""-700280555555555"""
"ESP32_Ultra_02,""Terminal terrestre"",""1537"",""-158402777777778"",""-700280555555555"""
"ESP32_Ultra_02,""Terminal terrestre"",""5949"",""-158402777777778"",""-700280555555555"""
"ESP32_Ultra_02,""Terminal terrestre"",""7752"",""-158402777777778"",""-700280555555555"""
"ESP32_Ultra_02,""Terminal terrestre"",""2827"",""-158402777777778"",""-700280555555555"""
"ESP32_Ultra_02,""Terminal terrestre"",""457"",""-158402777777778"",""-700280555555555"""
"ESP32_Ultra_02,""Terminal terrestre"",""7044"",""-158402777777778"",""-700280555555555"""
"ESP32_Ultra_02,""Terminal terrestre"",""5917"",""-158402777777778"",""-700280555555555"""
"ESP32_Ultra_02,""Terminal terrestre"",""3854"",""-158402777777778"",""-700280555555555"""
"ESP32_Ultra_02,""Terminal terrestre"",""7393"",""-158402777777778"",""-700280555555555"""
"ESP32_Ultra_02,""Terminal terrestre"",""7138"",""-158402777777778"",""-700280555555555"""
"ESP32_Ultra_02,""Terminal terrestre"",""3745"",""-158402777777778"",""-700280555555555"""
"ESP32_Ultra_02,""Terminal terrestre"",""2414"",""-158402777777778"",""-700280555555555"""
"ESP32_Ultra_02,""Terminal terrestre"",""633"",""-158402777777778"",""-700280555555555"""
"ESP32_Ultra_02,""Terminal terrestre"",""2911"",""-158402777777778"",""-700280555555555"""
"ESP32_Ultra_02,""Terminal terrestre"",""363"",""-158402777777778"",""-700280555555555"""
"ESP32_Ultra_02,""Terminal terrestre"",""678"",""-158402777777778"",""-700280555555555"""
"ESP32_Ultra_02,""Terminal terrestre"",""4947"",""-158402777777778"",""-700280555555555"""
"ESP32_Ultra_02,""Terminal terrestre"",""6133"",""-158402777777778"",""-700280555555555"""
"ESP32_Ultra_02,""Terminal terrestre"",""3069"",""-158402777777778"",""-700280555555555"""
"ESP32_Ultra_02,""Terminal terrestre"",""6342"",""-676694444444444"",""-798505555555555"""
"ESP32_Ultra_02,""Terminal terrestre"",""3778"",""-676694444444444"",""-798505555555555"""
"ESP32_Ultra_02,""Terminal terrestre"",""6246"",""-676694444444444"",""-798505555555555"""
"ESP32_Ultra_02,""Terminal terrestre"",""979"",""-676694444444444"",""-798505555555555"""
"ESP32_Ultra_02,""Terminal terrestre"",""1439"",""-676694444444444"",""-798505555555555"""
"ESP32_Ultra_02,""Terminal terrestre"",""6883"",""-676694444444444"",""-798505555555555"""
"ESP32_Ultra_02,""Terminal terrestre"",""218"",""-676694444444444"",""-798505555555555"""
"ESP32_Ultra_02,""Terminal terrestre"",""3741"",""-676694444444444"",""-798505555555555"""
"ESP32_Ultra_02,""Terminal terrestre"",""851"",""-676694444444444"",""-798505555555555"""
"ESP32_Ultra_02,""Terminal terrestre"",""1583"",""-676694444444444"",""-798505555555555"""
"ESP32_Ultra_02,""Terminal terrestre"",""7931"",""-676694444444444"",""-798505555555555"""
"ESP32_Ultra_02,""Terminal terrestre"",""3775"",""-676694444444444"",""-798505555555555"""
"ESP32_Ultra_02,""Terminal terrestre"",""5192"",""-676694444444444"",""-798505555555555"""
"ESP32_Ultra_02,""Terminal terrestre"",""4682"",""-676694444444444"",""-798505555555555"""
"ESP32_Ultra_02,""Terminal terrestre"",""6947"",""-676694444444444"",""-798505555555555"""
"ESP32_Ultra_02,""Terminal terrestre"",""3087"",""-676694444444444"",""-798505555555555"""
"ESP32_Ultra_02,""Terminal terrestre"",""1344"",""-676694444444444"",""-798505555555555"""
"ESP32_Ultra_02,""Terminal terrestre"",""2835"",""-676694444444444"",""-798505555555555"""
"ESP32_Ultra_02,""Terminal terrestre"",""4096"",""-676694444444444"",""-798505555555555"""
"ESP32_Ultra_02,""Terminal terrestre"",""5473"",""-676694444444444"",""-798505555555555"""
"ESP32_Ultra_02,""Terminal terrestre"",""2014"",""-676694444444444"",""-798505555555555"""
"ESP32_Ultra_02,""Terminal terrestre"",""6917"",""-676694444444444"",""-798505555555555"""
"ESP32_Ultra_02,""Terminal terrestre"",""6613"",""-676694444444444"",""-798505555555555"""
"ESP32_Ultra_02,""Terminal terrestre"",""7313"",""-676694444444444"",""-798505555555555"""
"ESP32_Ultra_02,""Terminal terrestre"",""2146"",""-676694444444444"",""-798505555555555"""
"ESP32_Ultra_02,""Terminal terrestre"",""692"",""-676694444444444"",""-798505555555555"""
"ESP32_Ultra_02,""Terminal terrestre"",""1218"",""-676694444444444"",""-798505555555555"""
"ESP32_Ultra_02,""Terminal terrestre"",""2547"",""-676694444444444"",""-798505555555555"""
"ESP32_Ultra_02,""Terminal terrestre"",""2849"",""-676694444444444"",""-798505555555555"""
"ESP32_Ultra_02,""Terminal terrestre"",""3373"",""-676694444444444"",""-798505555555555"""
"ESP32_Ultra_02,""Terminal terrestre"",""3388"",""-676694444444444"",""-798505555555555"""
"ESP32_Ultra_02,""Terminal terrestre"",""1864"",""-676694444444444"",""-798505555555555"""
"ESP32_Ultra_02,""Terminal terrestre"",""1457"",""-676694444444444"",""-798505555555555"""
"ESP32_Ultra_02,""Terminal terrestre"",""6649"",""-676694444444444"",""-798505555555555"""
"ESP32_Ultra_02,""Terminal terrestre"",""859"",""-676694444444444"",""-798505555555555"""
"ESP32_Ultra_02,""Terminal terrestre"",""1835"",""-676694444444444"",""-798505555555555"""
"ESP32_Ultra_02,""Terminal terrestre"",""4789"",""-676694444444444"",""-798505555555555"""
"ESP32_Ultra_02,""Terminal terrestre"",""1678"",""-676694444444444"",""-798505555555555"""
"ESP32_Ultra_02,""Terminal terrestre"",""5536"",""-676694444444444"",""-798505555555555"""
"ESP32_Ultra_02,""Terminal terrestre"",""4618"",""-676694444444444"",""-798505555555555"""
"ESP32_Ultra_02,""Terminal terrestre"",""5762"",""-676694444444444"",""-798505555555555"""
"ESP32_Ultra_02,""Terminal terrestre"",""3585"",""-676694444444444"",""-798505555555555"""
"ESP32_Ultra_02,""Terminal terrestre"",""1942"",""-676694444444444"",""-798505555555555"""
"ESP32_Ultra_02,""Terminal terrestre"",""6182"",""-676694444444444"",""-798505555555555"""
"ESP32_Ultra_02,""Terminal terrestre"",""246"",""-676694444444444"",""-798505555555555"""
"ESP32_Ultra_02,""Terminal terrestre"",""1818"",""-676694444444444"",""-798505555555555"""
"ESP32_Ultra_02,""Terminal terrestre"",""154"",""-676694444444444"",""-798505555555555"""
"ESP32_Ultra_02,""Terminal terrestre"",""4672"",""-676694444444444"",""-798505555555555"""
"ESP32_Ultra_02,""Terminal terrestre"",""5925"",""-676694444444444"",""-798505555555555"""
"ESP32_Ultra_02,""Terminal terrestre"",""3637"",""-676694444444444"",""-798505555555555"""
"ESP32_Ultra_02,""Terminal terrestre"",""4354"",""-676694444444444"",""-798505555555555"""
"ESP32_Ultra_02,""Terminal terrestre"",""6331"",""-676694444444444"",""-798505555555555"""
"ESP32_Ultra_02,""Terminal terrestre"",""337"",""-676694444444444"",""-798505555555555"""
"ESP32_Ultra_02,""Terminal terrestre"",""3681"",""-676694444444444"",""-798505555555555"""
"ESP32_Ultra_02,""Terminal terrestre"",""3625"",""-676694444444444"",""-798505555555555"""
"ESP32_Ultra_02,""Terminal terrestre"",""7971"",""-676694444444444"",""-798505555555555"""
"ESP32_Ultra_02,""Terminal terrestre"",""5792"",""-676694444444444"",""-798505555555555"""
"ESP32_Ultra_02,""Terminal terrestre"",""939"",""-676694444444444"",""-798505555555555"""
"ESP32_Ultra_02,""Terminal terrestre"",""4929"",""-676694444444444"",""-798505555555555"""
"ESP32_Ultra_02,""Terminal terrestre"",""2392"",""-676694444444444"",""-798505555555555"""
"ESP32_Ultra_02,""Terminal terrestre"",""279"",""-676694444444444"",""-798505555555555"""
"ESP32_Ultra_02,""Terminal terrestre"",""7514"",""-676694444444444"",""-798505555555555"""
"ESP32_Ultra_02,""Terminal terrestre"",""133"",""-676694444444444"",""-798505555555555"""
"ESP32_Ultra_02,""Terminal terrestre"",""2925"",""-676694444444444"",""-798505555555555"""
"ESP32_Ultra_02,""Terminal terrestre"",""2207"",""-676694444444444"",""-798505555555555"""
"ESP32_Ultra_02,""Terminal terrestre"",""2219"",""-676694444444444"",""-798505555555555"""
"ESP32_Ultra_02,""Terminal terrestre"",""3042"",""-676694444444444"",""-798505555555555"""
"ESP32_Ultra_02,""Terminal terrestre"",""4276"",""-676694444444444"",""-798505555555555"""
"ESP32_Ultra_02,""Terminal terrestre"",""3804"",""-676694444444444"",""-798505555555555"""
"ESP32_Ultra_02,""Terminal terrestre"",""3325"",""-676694444444444"",""-798505555555555"""
"ESP32_Ultra_02,""Terminal terrestre"",""526"",""-676694444444444"",""-798505555555555"""
"ESP32_Ultra_02,""Terminal terrestre"",""6071"",""-676694444444444"",""-798505555555555"""
"ESP32_Ultra_02,""Terminal terrestre"",""4237"",""-676694444444444"",""-798505555555555"""
"ESP32_Ultra_02,""Terminal terrestre"",""3487"",""-676694444444444"",""-798505555555555"""
"ESP32_Ultra_02,""Terminal terrestre"",""4705"",""-676694444444444"",""-798505555555555"""
"ESP32_Ultra_02,""Terminal terrestre"",""862"",""-676694444444444"",""-798505555555555"""
"ESP32_Ultra_02,""Terminal terrestre"",""685"",""-676694444444444"",""-798505555555555"""
"ESP32_Ultra_02,""Terminal terrestre"",""1515"",""-676694444444444"",""-798505555555555"""
"ESP32_Ultra_02,""Terminal terrestre"",""3769"",""-676694444444444"",""-798505555555555"""
"ESP32_Ultra_02,""Terminal terrestre"",""18"",""-676694444444444"",""-798505555555555"""
"ESP32_Ultra_02,""Terminal terrestre"",""1404"",""-676694444444444"",""-798505555555555"""
"ESP32_Ultra_02,""Terminal terrestre"",""5493"",""-676694444444444"",""-798505555555555"""
"ESP32_Ultra_02,""Terminal terrestre"",""2043"",""-676694444444444"",""-798505555555555"""
"ESP32_Ultra_02,""Terminal terrestre"",""604"",""-676694444444444"",""-798505555555555"""
"ESP32_Ultra_02,""Terminal terrestre"",""4495"",""-676694444444444"",""-798505555555555"""
"ESP32_Ultra_02,""Terminal terrestre"",""1398"",""-676694444444444"",""-798505555555555"""
"ESP32_Ultra_02,""Terminal terrestre"",""4985"",""-676694444444444"",""-798505555555555"""
"ESP32_Ultra_02,""Terminal terrestre"",""6423"",""-676694444444444"",""-798505555555555"""
"ESP32_Ultra_02,""Terminal terrestre"",""667"",""-676694444444444"",""-798505555555555"""
"ESP32_Ultra_02,""Terminal terrestre"",""5288"",""-676694444444444"",""-798505555555555"""
"ESP32_Ultra_02,""Terminal terrestre"",""5788"",""-676694444444444"",""-798505555555555"""
"ESP32_Ultra_02,""Terminal terrestre"",""5352"",""-676694444444444"",""-798505555555555"""
"ESP32_Ultra_02,""Terminal terrestre"",""2951"",""-676694444444444"",""-798505555555555"""
"ESP32_Ultra_02,""Terminal terrestre"",""2687"",""-676694444444444"",""-798505555555555"""
"ESP32_Ultra_02,""Terminal terrestre"",""7279"",""-676694444444444"",""-798505555555555"""
"ESP32_Ultra_02,""Terminal terrestre"",""216"",""-676694444444444"",""-798505555555555"""
"ESP32_Ultra_02,""Terminal terrestre"",""8085"",""-676694444444444"",""-798505555555555"""
"ESP32_Ultra_02,""Terminal terrestre"",""5848"",""-676694444444444"",""-798505555555555"""
"ESP32_Ultra_02,""Terminal terrestre"",""497"",""-676694444444444"",""-798505555555555"""
"ESP32_Ultra_02,""Terminal terrestre"",""613"",""-676694444444444"",""-798505555555555"""
"ESP32_Ultra_02,""Terminal terrestre"",""323"",""-676694444444444"",""-798505555555555"""
"ESP32_Ultra_02,""Terminal terrestre"",""3635"",""-676694444444444"",""-798505555555555"""
"ESP32_Ultra_02,""Terminal terrestre"",""7235"",""-676694444444444"",""-798505555555555"""
"ESP32_Ultra_02,""Terminal terrestre"",""409"",""-676694444444444"",""-798505555555555"""
"ESP32_Ultra_02,""Terminal terrestre"",""4092"",""-676694444444444"",""-798505555555555"""
"ESP32_Ultra_02,""Terminal terrestre"",""3873"",""-676694444444444"",""-798505555555555"""
"ESP32_Ultra_02,""Terminal terrestre"",""3946"",""-676694444444444"",""-798505555555555"""
"ESP32_Ultra_02,""Terminal terrestre"",""8071"",""-676694444444444"",""-798505555555555"""
"ESP32_Ultra_02,""Terminal terrestre"",""691"",""-676694444444444"",""-798505555555555"""
"ESP32_Ultra_02,""Terminal terrestre"",""5076"",""-676694444444444"",""-798505555555555"""
"ESP32_Ultra_02,""Terminal terrestre"",""2332"",""-676694444444444"",""-798505555555555"""
"ESP32_Ultra_02,""Terminal terrestre"",""3714"",""-676694444444444"",""-798505555555555"""
"ESP32_Ultra_02,""Terminal terrestre"",""6779"",""-676694444444444"",""-798505555555555"""
"ESP32_Ultra_02,""Terminal terrestre"",""771"",""-676694444444444"",""-798505555555555"""
"ESP32_Ultra_02,""Terminal terrestre"",""5023"",""-676694444444444"",""-798505555555555"""
"ESP32_Ultra_02,""Terminal terrestre"",""838"",""-676694444444444"",""-798505555555555"""
"ESP32_Ultra_02,""Terminal terrestre"",""5835"",""-676694444444444"",""-798505555555555"""
"ESP32_Ultra_02,""Terminal terrestre"",""2114"",""-676694444444444"",""-798505555555555"""
"ESP32_Ultra_02,""Terminal terrestre"",""343"",""-676694444444444"",""-798505555555555"""
"ESP32_Ultra_02,""Terminal terrestre"",""230"",""-676694444444444"",""-798505555555555"""
"ESP32_Ultra_02,""Terminal terrestre"",""3607"",""-676694444444444"",""-798505555555555"""
"ESP32_Ultra_02,""Terminal terrestre"",""7029"",""-676694444444444"",""-798505555555555"""
"ESP32_Ultra_02,""Terminal terrestre"",""384"",""-676694444444444"",""-798505555555555"""
"ESP32_Ultra_02,""Terminal terrestre"",""395"",""-676694444444444"",""-798505555555555"""
"ESP32_Ultra_02,""Terminal terrestre"",""2191"",""-676694444444444"",""-798505555555555"""
"ESP32_Ultra_02,""Terminal terrestre"",""4831"",""-676694444444444"",""-798505555555555"""
"ESP32_Ultra_02,""Terminal terrestre"",""5076"",""-676694444444444"",""-798505555555555"""
"ESP32_Ultra_02,""Terminal terrestre"",""3714"",""-676694444444444"",""-798505555555555"""
"ESP32_Ultra_02,""Terminal terrestre"",""1773"",""-676694444444444"",""-798505555555555"""
"ESP32_Ultra_02,""Terminal terrestre"",""4295"",""-676694444444444"",""-798505555555555"""
"ESP32_Ultra_02,""Terminal terrestre"",""2353"",""-676694444444444"",""-798505555555555"""
"ESP32_Ultra_02,""Terminal terrestre"",""6974"",""-676694444444444"",""-798505555555555"""
"ESP32_Ultra_02,""Terminal terrestre"",""1024"",""-676694444444444"",""-798505555555555"""
"ESP32_Ultra_02,""Terminal terrestre"",""1599"",""-676694444444444"",""-798505555555555"""
"ESP32_Ultra_02,""Terminal terrestre"",""5532"",""-676694444444444"",""-798505555555555"""
"ESP32_Ultra_02,""Terminal terrestre"",""687"",""-676694444444444"",""-798505555555555"""
"ESP32_Ultra_02,""Terminal terrestre"",""7898"",""-676694444444444"",""-798505555555555"""
"ESP32_Ultra_02,""Terminal terrestre"",""5026"",""-676694444444444"",""-798505555555555"""
"ESP32_Ultra_02,""Terminal terrestre"",""1154"",""-676694444444444"",""-798505555555555"""
"ESP32_Ultra_02,""Terminal terrestre"",""665"",""-676694444444444"",""-798505555555555"""
"ESP32_Ultra_02,""Terminal terrestre"",""5348"",""-676694444444444"",""-798505555555555"""
"ESP32_Ultra_02,""Terminal terrestre"",""1557"",""-676694444444444"",""-798505555555555"""
"ESP32_Ultra_02,""Terminal terrestre"",""501"",""-676694444444444"",""-798505555555555"""
"ESP32_Ultra_02,""Terminal terrestre"",""1941"",""-676694444444444"",""-798505555555555"""
"ESP32_Ultra_02,""Terminal terrestre"",""484"",""-676694444444444"",""-798505555555555"""
"ESP32_Ultra_02,""Terminal terrestre"",""3143"",""-676694444444444"",""-798505555555555"""
"ESP32_Ultra_02,""Terminal terrestre"",""2016"",""-676694444444444"",""-798505555555555"""
"ESP32_Ultra_02,""Terminal terrestre"",""6723"",""-676694444444444"",""-798505555555555"""
"ESP32_Ultra_02,""Terminal terrestre"",""682"",""-676694444444444"",""-798505555555555"""
"ESP32_Ultra_02,""Terminal terrestre"",""5566"",""-676694444444444"",""-798505555555555"""
"ESP32_Ultra_02,""Terminal terrestre"",""133"",""-676694444444444"",""-798505555555555"""
"ESP32_Ultra_02,""Terminal terrestre"",""2695"",""-676694444444444"",""-798505555555555"""
"ESP32_Ultra_02,""Terminal terrestre"",""2406"",""-676694444444444"",""-798505555555555"""
"ESP32_Ultra_02,""Terminal terrestre"",""7093"",""-676694444444444"",""-798505555555555"""
"ESP32_Ultra_02,""Terminal terrestre"",""2856"",""-676694444444444"",""-798505555555555"""
"ESP32_Ultra_02,""Terminal terrestre"",""6065"",""-676694444444444"",""-798505555555555"""
"ESP32_Ultra_02,""Terminal terrestre"",""3939"",""-676694444444444"",""-798505555555555"""
"ESP32_Ultra_02,""Terminal terrestre"",""6836"",""-676694444444444"",""-798505555555555"""
"ESP32_Ultra_02,""Terminal terrestre"",""7688"",""-676694444444444"",""-798505555555555"""
"ESP32_Ultra_02,""Terminal terrestre"",""381"",""-676694444444444"",""-798505555555555"""
"ESP32_Ultra_02,""Terminal terrestre"",""368"",""-676694444444444"",""-798505555555555"""
"ESP32_Ultra_02,""Terminal terrestre"",""5017"",""-676694444444444"",""-798505555555555"""
"ESP32_Ultra_02,""Terminal terrestre"",""6699"",""-676694444444444"",""-798505555555555"""
"ESP32_Ultra_02,""Terminal terrestre"",""3711"",""-676694444444444"",""-798505555555555"""
"ESP32_Ultra_02,""Terminal terrestre"",""1433"",""-676694444444444"",""-798505555555555"""
"ESP32_Ultra_02,""Terminal terrestre"",""4331"",""-676694444444444"",""-798505555555555"""
"ESP32_Ultra_02,""Terminal terrestre"",""6111"",""-676694444444444"",""-798505555555555"""
"ESP32_Ultra_02,""Terminal terrestre"",""4919"",""-676694444444444"",""-798505555555555"""
"ESP32_Ultra_02,""Terminal terrestre"",""1287"",""-676694444444444"",""-798505555555555"""
"ESP32_Ultra_02,""Terminal terrestre"",""492"",""-676694444444444"",""-798505555555555"""
"ESP32_Ultra_02,""Terminal terrestre"",""3751"",""-676694444444444"",""-798505555555555"""
"ESP32_Ultra_02,""Terminal terrestre"",""7534"",""-676694444444444"",""-798505555555555"""
"ESP32_Ultra_02,""Terminal terrestre"",""321"",""-676694444444444"",""-798505555555555"""
"ESP32_Ultra_02,""Terminal terrestre"",""7918"",""-676694444444444"",""-798505555555555"""
"ESP32_Ultra_02,""Terminal terrestre"",""3816"",""-676694444444444"",""-798505555555555"""
"ESP32_Ultra_02,""Terminal terrestre"",""7545"",""-676694444444444"",""-798505555555555"""
"ESP32_Ultra_02,""Terminal terrestre"",""4347"",""-676694444444444"",""-798505555555555"""
"ESP32_Ultra_02,""Terminal terrestre"",""1541"",""-676694444444444"",""-798505555555555"""
"ESP32_Ultra_02,""Terminal terrestre"",""5011"",""-676694444444444"",""-798505555555555"""
"ESP32_Ultra_02,""Terminal terrestre"",""3521"",""-676694444444444"",""-798505555555555"""
"ESP32_Ultra_02,""Terminal terrestre"",""6425"",""-676694444444444"",""-798505555555555"""
"ESP32_Ultra_02,""Terminal terrestre"",""4828"",""-676694444444444"",""-798505555555555"""
"ESP32_Ultra_02,""Terminal terrestre"",""8064"",""-676694444444444"",""-798505555555555"""
"ESP32_Ultra_03,""Municipalidad"",""5697"",""-120502777777778"",""-752213888888889"""
"ESP32_Ultra_03,""Municipalidad"",""5478"",""-120502777777778"",""-752213888888889"""
"ESP32_Ultra_03,""Municipalidad"",""2361"",""-120502777777778"",""-752213888888889"""
"ESP32_Ultra_03,""Municipalidad"",""1712"",""-120502777777778"",""-752213888888889"""
"ESP32_Ultra_03,""Municipalidad"",""6693"",""-120502777777778"",""-752213888888889"""
"ESP32_Ultra_03,""Municipalidad"",""7423"",""-120502777777778"",""-752213888888889"""
"ESP32_Ultra_03,""Municipalidad"",""5841"",""-120502777777778"",""-752213888888889"""
"ESP32_Ultra_03,""Municipalidad"",""7701"",""-120502777777778"",""-752213888888889"""
"ESP32_Ultra_03,""Municipalidad"",""1064"",""-120502777777778"",""-752213888888889"""
"ESP32_Ultra_03,""Municipalidad"",""6899"",""-120502777777778"",""-752213888888889"""
"ESP32_Ultra_03,""Municipalidad"",""5197"",""-120502777777778"",""-752213888888889"""
"ESP32_Ultra_03,""Municipalidad"",""458"",""-120502777777778"",""-752213888888889"""
"ESP32_Ultra_03,""Municipalidad"",""4799"",""-120502777777778"",""-752213888888889"""
"ESP32_Ultra_03,""Municipalidad"",""6897"",""-120502777777778"",""-752213888888889"""
"ESP32_Ultra_03,""Municipalidad"",""3916"",""-120502777777778"",""-752213888888889"""
"ESP32_Ultra_03,""Municipalidad"",""6921"",""-120502777777778"",""-752213888888889"""
"ESP32_Ultra_03,""Municipalidad"",""219"",""-120502777777778"",""-752213888888889"""
"ESP32_Ultra_03,""Municipalidad"",""6464"",""-120502777777778"",""-752213888888889"""
"ESP32_Ultra_03,""Municipalidad"",""7967"",""-120502777777778"",""-752213888888889"""
"ESP32_Ultra_03,""Municipalidad"",""7949"",""-120502777777778"",""-752213888888889"""
"ESP32_Ultra_03,""Municipalidad"",""1776"",""-120502777777778"",""-752213888888889"""
"ESP32_Ultra_03,""Municipalidad"",""2138"",""-120502777777778"",""-752213888888889"""
"ESP32_Ultra_03,""Municipalidad"",""3462"",""-120502777777778"",""-752213888888889"""
"ESP32_Ultra_03,""Municipalidad"",""1459"",""-120502777777778"",""-752213888888889"""
"ESP32_Ultra_03,""Municipalidad"",""1291"",""-120502777777778"",""-752213888888889"""
"ESP32_Ultra_03,""Municipalidad"",""668"",""-120502777777778"",""-752213888888889"""
"ESP32_Ultra_03,""Municipalidad"",""4646"",""-120502777777778"",""-752213888888889"""
"ESP32_Ultra_03,""Municipalidad"",""3801"",""-120502777777778"",""-752213888888889"""
"ESP32_Ultra_03,""Municipalidad"",""537"",""-120502777777778"",""-752213888888889"""
"ESP32_Ultra_03,""Municipalidad"",""4539"",""-120502777777778"",""-752213888888889"""
"ESP32_Ultra_03,""Municipalidad"",""396"",""-120502777777778"",""-752213888888889"""
"ESP32_Ultra_03,""Municipalidad"",""774"",""-120502777777778"",""-752213888888889"""
"ESP32_Ultra_03,""Municipalidad"",""1351"",""-120502777777778"",""-752213888888889"""
"ESP32_Ultra_03,""Municipalidad"",""2137"",""-120502777777778"",""-752213888888889"""
"ESP32_Ultra_03,""Municipalidad"",""6303"",""-120502777777778"",""-752213888888889"""
"ESP32_Ultra_03,""Municipalidad"",""6343"",""-120502777777778"",""-752213888888889"""
"ESP32_Ultra_03,""Municipalidad"",""5498"",""-120502777777778"",""-752213888888889"""
"ESP32_Ultra_03,""Municipalidad"",""7555"",""-120502777777778"",""-752213888888889"""
"ESP32_Ultra_03,""Municipalidad"",""1745"",""-120502777777778"",""-752213888888889"""
"ESP32_Ultra_03,""Municipalidad"",""579"",""-120502777777778"",""-752213888888889"""
"ESP32_Ultra_03,""Municipalidad"",""267"",""-120502777777778"",""-752213888888889"""
"ESP32_Ultra_03,""Municipalidad"",""362"",""-120502777777778"",""-752213888888889"""
"ESP32_Ultra_03,""Municipalidad"",""5253"",""-120502777777778"",""-752213888888889"""
"ESP32_Ultra_03,""Municipalidad"",""7939"",""-120502777777778"",""-752213888888889"""
"ESP32_Ultra_03,""Municipalidad"",""457"",""-120502777777778"",""-752213888888889"""
"ESP32_Ultra_03,""Municipalidad"",""3666"",""-120502777777778"",""-752213888888889"""
"ESP32_Ultra_03,""Municipalidad"",""4258"",""-120502777777778"",""-752213888888889"""
"ESP32_Ultra_03,""Municipalidad"",""3449"",""-120502777777778"",""-752213888888889"""
"ESP32_Ultra_03,""Municipalidad"",""2672"",""-120502777777778"",""-752213888888889"""
"ESP32_Ultra_03,""Municipalidad"",""3056"",""-120502777777778"",""-752213888888889"""
"ESP32_Ultra_03,""Municipalidad"",""7867"",""-120502777777778"",""-752213888888889"""
"ESP32_Ultra_03,""Municipalidad"",""5764"",""-120502777777778"",""-752213888888889"""
"ESP32_Ultra_03,""Municipalidad"",""8003"",""-120502777777778"",""-752213888888889"""
"ESP32_Ultra_03,""Municipalidad"",""1317"",""-120502777777778"",""-752213888888889"""
"ESP32_Ultra_03,""Municipalidad"",""6741"",""-120502777777778"",""-752213888888889"""
"ESP32_Ultra_03,""Municipalidad"",""532"",""-120502777777778"",""-752213888888889"""
"ESP32_Ultra_03,""Municipalidad"",""4792"",""-120502777777778"",""-752213888888889"""
"ESP32_Ultra_03,""Municipalidad"",""269"",""-120502777777778"",""-752213888888889"""
"ESP32_Ultra_03,""Municipalidad"",""2816"",""-120502777777778"",""-752213888888889"""
"ESP32_Ultra_03,""Municipalidad"",""6621"",""-120502777777778"",""-752213888888889"""
"ESP32_Ultra_03,""Municipalidad"",""3175"",""-120502777777778"",""-752213888888889"""
"ESP32_Ultra_03,""Municipalidad"",""6518"",""-120502777777778"",""-752213888888889"""
"ESP32_Ultra_03,""Municipalidad"",""2211"",""-120502777777778"",""-752213888888889"""
"ESP32_Ultra_03,""Municipalidad"",""731"",""-120502777777778"",""-752213888888889"""
"ESP32_Ultra_03,""Municipalidad"",""7113"",""-120502777777778"",""-752213888888889"""
"ESP32_Ultra_03,""Municipalidad"",""2394"",""-120502777777778"",""-752213888888889"""
"ESP32_Ultra_03,""Municipalidad"",""6011"",""-120502777777778"",""-752213888888889"""
"ESP32_Ultra_03,""Municipalidad"",""2023"",""-120502777777778"",""-752213888888889"""
"ESP32_Ultra_03,""Municipalidad"",""3786"",""-120502777777778"",""-752213888888889"""
"ESP32_Ultra_03,""Municipalidad"",""7998"",""-120502777777778"",""-752213888888889"""
"ESP32_Ultra_03,""Municipalidad"",""7608"",""-120502777777778"",""-752213888888889"""
"ESP32_Ultra_03,""Municipalidad"",""5387"",""-120502777777778"",""-752213888888889"""
"ESP32_Ultra_03,""Municipalidad"",""395"",""-120502777777778"",""-752213888888889"""
"ESP32_Ultra_03,""Municipalidad"",""577"",""-120502777777778"",""-752213888888889"""
"ESP32_Ultra_03,""Municipalidad"",""8085"",""-120502777777778"",""-752213888888889"""
"ESP32_Ultra_03,""Municipalidad"",""913"",""-120502777777778"",""-752213888888889"""
"ESP32_Ultra_03,""Municipalidad"",""2102"",""-120502777777778"",""-752213888888889"""
"ESP32_Ultra_03,""Municipalidad"",""7186"",""-120502777777778"",""-752213888888889"""
"ESP32_Ultra_03,""Municipalidad"",""5272"",""-120502777777778"",""-752213888888889"""
"ESP32_Ultra_03,""Municipalidad"",""1608"",""-120502777777778"",""-752213888888889"""
"ESP32_Ultra_03,""Municipalidad"",""7594"",""-120502777777778"",""-752213888888889"""
"ESP32_Ultra_03,""Municipalidad"",""44"",""-120502777777778"",""-752213888888889"""
"ESP32_Ultra_03,""Municipalidad"",""703"",""-120502777777778"",""-752213888888889"""
"ESP32_Ultra_03,""Municipalidad"",""155"",""-120502777777778"",""-752213888888889"""
"ESP32_Ultra_03,""Municipalidad"",""6148"",""-120502777777778"",""-752213888888889"""
"ESP32_Ultra_03,""Municipalidad"",""4081"",""-120502777777778"",""-752213888888889"""
"ESP32_Ultra_03,""Municipalidad"",""3939"",""-120502777777778"",""-752213888888889"""
"ESP32_Ultra_03,""Municipalidad"",""331"",""-120502777777778"",""-752213888888889"""
"ESP32_Ultra_03,""Municipalidad"",""4333"",""-120502777777778"",""-752213888888889"""
"ESP32_Ultra_03,""Municipalidad"",""5511"",""-120502777777778"",""-752213888888889"""
"ESP32_Ultra_03,""Municipalidad"",""7181"",""-120502777777778"",""-752213888888889"""
"ESP32_Ultra_03,""Municipalidad"",""1915"",""-120502777777778"",""-752213888888889"""
"ESP32_Ultra_03,""Municipalidad"",""4922"",""-120502777777778"",""-752213888888889"""
"ESP32_Ultra_03,""Municipalidad"",""5655"",""-120502777777778"",""-752213888888889"""
"ESP32_Ultra_03,""Municipalidad"",""1483"",""-120502777777778"",""-752213888888889"""
"ESP32_Ultra_03,""Municipalidad"",""3513"",""-120502777777778"",""-752213888888889"""
"ESP32_Ultra_03,""Municipalidad"",""4002"",""-120502777777778"",""-752213888888889"""
"ESP32_Ultra_03,""Municipalidad"",""5896"",""-120502777777778"",""-752213888888889"""
"ESP32_Ultra_03,""Municipalidad"",""6462"",""-120502777777778"",""-752213888888889"""
"ESP32_Ultra_03,""Municipalidad"",""3636"",""-120502777777778"",""-752213888888889"""
"ESP32_Ultra_03,""Municipalidad"",""1803"",""-120502777777778"",""-752213888888889"""
"ESP32_Ultra_03,""Municipalidad"",""5684"",""-120502777777778"",""-752213888888889"""
"ESP32_Ultra_03,""Municipalidad"",""1886"",""-120502777777778"",""-752213888888889"""
"ESP32_Ultra_03,""Municipalidad"",""2708"",""-120502777777778"",""-752213888888889"""
"ESP32_Ultra_03,""Municipalidad"",""1873"",""-120502777777778"",""-752213888888889"""
"ESP32_Ultra_03,""Municipalidad"",""3275"",""-120502777777778"",""-752213888888889"""
"ESP32_Ultra_03,""Municipalidad"",""255"",""-120502777777778"",""-752213888888889"""
"ESP32_Ultra_03,""Municipalidad"",""4254"",""-120502777777778"",""-752213888888889"""
"ESP32_Ultra_03,""Municipalidad"",""4462"",""-120502777777778"",""-752213888888889"""
"ESP32_Ultra_03,""Municipalidad"",""5384"",""-120502777777778"",""-752213888888889"""
"ESP32_Ultra_03,""Municipalidad"",""816"",""-120502777777778"",""-752213888888889"""
"ESP32_Ultra_03,""Municipalidad"",""3635"",""-120502777777778"",""-752213888888889"""
"ESP32_Ultra_03,""Municipalidad"",""1987"",""-120502777777778"",""-752213888888889"""
"ESP32_Ultra_03,""Municipalidad"",""3139"",""-120502777777778"",""-752213888888889"""
"ESP32_Ultra_03,""Municipalidad"",""6668"",""-120502777777778"",""-752213888888889"""
"ESP32_Ultra_03,""Municipalidad"",""6125"",""-120502777777778"",""-752213888888889"""
"ESP32_Ultra_03,""Municipalidad"",""1198"",""-120502777777778"",""-752213888888889"""
"ESP32_Ultra_03,""Municipalidad"",""1868"",""-120502777777778"",""-752213888888889"""
"ESP32_Ultra_03,""Municipalidad"",""475"",""-120502777777778"",""-752213888888889"""
"ESP32_Ultra_03,""Municipalidad"",""3697"",""-120502777777778"",""-752213888888889"""
"ESP32_Ultra_03,""Municipalidad"",""1734"",""-120502777777778"",""-752213888888889"""
"ESP32_Ultra_03,""Municipalidad"",""2424"",""-120502777777778"",""-752213888888889"""
"ESP32_Ultra_03,""Municipalidad"",""4261"",""-120502777777778"",""-752213888888889"""
"ESP32_Ultra_03,""Municipalidad"",""6754"",""-120502777777778"",""-752213888888889"""
"ESP32_Ultra_03,""Municipalidad"",""2168"",""-120502777777778"",""-752213888888889"""
"ESP32_Ultra_03,""Municipalidad"",""6299"",""-120502777777778"",""-752213888888889"""
"ESP32_Ultra_03,""Municipalidad"",""5284"",""-120502777777778"",""-752213888888889"""
"ESP32_Ultra_03,""Municipalidad"",""407"",""-120502777777778"",""-752213888888889"""
"ESP32_Ultra_03,""Municipalidad"",""8008"",""-120502777777778"",""-752213888888889"""
"ESP32_Ultra_03,""Municipalidad"",""4053"",""-120502777777778"",""-752213888888889"""
"ESP32_Ultra_03,""Municipalidad"",""2953"",""-120502777777778"",""-752213888888889"""
"ESP32_Ultra_03,""Municipalidad"",""2311"",""-120502777777778"",""-752213888888889"""
"ESP32_Ultra_03,""Municipalidad"",""7931"",""-120502777777778"",""-752213888888889"""
"ESP32_Ultra_03,""Municipalidad"",""7877"",""-120502777777778"",""-752213888888889"""
"ESP32_Ultra_03,""Municipalidad"",""7007"",""-120502777777778"",""-752213888888889"""
"ESP32_Ultra_03,""Municipalidad"",""254"",""-120502777777778"",""-752213888888889"""
"ESP32_Ultra_03,""Municipalidad"",""5501"",""-120502777777778"",""-752213888888889"""
"ESP32_Ultra_03,""Municipalidad"",""6583"",""-120502777777778"",""-752213888888889"""
"ESP32_Ultra_03,""Municipalidad"",""2642"",""-120502777777778"",""-752213888888889"""
"ESP32_Ultra_03,""Municipalidad"",""7422"",""-120502777777778"",""-752213888888889"""
"ESP32_Ultra_03,""Municipalidad"",""7734"",""-120502777777778"",""-752213888888889"""
"ESP32_Ultra_03,""Municipalidad"",""1566"",""-120502777777778"",""-752213888888889"""
"ESP32_Ultra_03,""Municipalidad"",""5348"",""-120502777777778"",""-752213888888889"""
"ESP32_Ultra_03,""Municipalidad"",""1209"",""-120502777777778"",""-752213888888889"""
"ESP32_Ultra_03,""Municipalidad"",""630"",""-120502777777778"",""-752213888888889"""
"ESP32_Ultra_03,""Municipalidad"",""1727"",""-120502777777778"",""-752213888888889"""
"ESP32_Ultra_03,""Municipalidad"",""3208"",""-120502777777778"",""-752213888888889"""
"ESP32_Ultra_03,""Municipalidad"",""7621"",""-120502777777778"",""-752213888888889"""
"ESP32_Ultra_03,""Municipalidad"",""2702"",""-120502777777778"",""-752213888888889"""
"ESP32_Ultra_03,""Municipalidad"",""194"",""-120502777777778"",""-752213888888889"""
"ESP32_Ultra_03,""Municipalidad"",""3072"",""-120502777777778"",""-752213888888889"""
"ESP32_Ultra_03,""Municipalidad"",""2656"",""-120502777777778"",""-752213888888889"""
"ESP32_Ultra_03,""Municipalidad"",""2687"",""-120502777777778"",""-752213888888889"""
"ESP32_Ultra_03,""Municipalidad"",""6719"",""-120502777777778"",""-752213888888889"""
"ESP32_Ultra_03,""Municipalidad"",""5107"",""-120502777777778"",""-752213888888889"""
"ESP32_Ultra_03,""Municipalidad"",""6793"",""-120502777777778"",""-752213888888889"""
"ESP32_Ultra_03,""Municipalidad"",""493"",""-120502777777778"",""-752213888888889"""
"ESP32_Ultra_03,""Municipalidad"",""1626"",""-120502777777778"",""-752213888888889"""
"ESP32_Ultra_03,""Municipalidad"",""4403"",""-120502777777778"",""-752213888888889"""
"ESP32_Ultra_03,""Municipalidad"",""3671"",""-120502777777778"",""-752213888888889"""
"ESP32_Ultra_03,""Municipalidad"",""167"",""-120502777777778"",""-752213888888889"""
"ESP32_Ultra_03,""Municipalidad"",""128"",""-120502777777778"",""-752213888888889"""
"ESP32_Ultra_03,""Municipalidad"",""4664"",""-120502777777778"",""-752213888888889"""
"ESP32_Ultra_03,""Municipalidad"",""3656"",""-120502777777778"",""-752213888888889"""
"ESP32_Ultra_03,""Municipalidad"",""2468"",""-120502777777778"",""-752213888888889"""
"ESP32_Ultra_03,""Municipalidad"",""768"",""-120502777777778"",""-752213888888889"""
"ESP32_Ultra_03,""Municipalidad"",""5588"",""-120502777777778"",""-752213888888889"""
"ESP32_Ultra_03,""Municipalidad"",""6217"",""-118772222222222"",""-771277777777777"""
"ESP32_Ultra_03,""Municipalidad"",""6562"",""-118772222222222"",""-771277777777777"""
"ESP32_Ultra_03,""Municipalidad"",""3289"",""-118772222222222"",""-771277777777777"""
"ESP32_Ultra_03,""Municipalidad"",""545"",""-118772222222222"",""-771277777777777"""
"ESP32_Ultra_03,""Municipalidad"",""4831"",""-118772222222222"",""-771277777777777"""
"ESP32_Ultra_03,""Municipalidad"",""5658"",""-118772222222222"",""-771277777777777"""
"ESP32_Ultra_03,""Municipalidad"",""698"",""-118772222222222"",""-771277777777777"""
"ESP32_Ultra_03,""Municipalidad"",""3645"",""-118772222222222"",""-771277777777777"""
"ESP32_Ultra_03,""Municipalidad"",""2526"",""-118772222222222"",""-771277777777777"""
"ESP32_Ultra_03,""Municipalidad"",""4727"",""-118772222222222"",""-771277777777777"""
"ESP32_Ultra_03,""Municipalidad"",""5697"",""-118772222222222"",""-771277777777777"""
"ESP32_Ultra_03,""Municipalidad"",""318"",""-118772222222222"",""-771277777777777"""
"ESP32_Ultra_03,""Municipalidad"",""584"",""-118772222222222"",""-771277777777777"""
"ESP32_Ultra_03,""Municipalidad"",""4206"",""-118772222222222"",""-771277777777777"""
"ESP32_Ultra_03,""Municipalidad"",""406"",""-118772222222222"",""-771277777777777"""
"ESP32_Ultra_03,""Municipalidad"",""7769"",""-118772222222222"",""-771277777777777"""
"ESP32_Ultra_03,""Municipalidad"",""2658"",""-118772222222222"",""-771277777777777"""
"ESP32_Ultra_03,""Municipalidad"",""4908"",""-118772222222222"",""-771277777777777"""
"ESP32_Ultra_03,""Municipalidad"",""1811"",""-118772222222222"",""-771277777777777"""
"ESP32_Ultra_03,""Municipalidad"",""2138"",""-118772222222222"",""-771277777777777"""
"ESP32_Ultra_03,""Municipalidad"",""1398"",""-118772222222222"",""-771277777777777"""
"ESP32_Ultra_03,""Municipalidad"",""3312"",""-118772222222222"",""-771277777777777"""
"ESP32_Ultra_03,""Municipalidad"",""4359"",""-118772222222222"",""-771277777777777"""
"ESP32_Ultra_03,""Municipalidad"",""851"",""-118772222222222"",""-771277777777777"""
"ESP32_Ultra_03,""Municipalidad"",""544"",""-118772222222222"",""-771277777777777"""
"ESP32_Ultra_03,""Municipalidad"",""5344"",""-118772222222222"",""-771277777777777"""
"ESP32_Ultra_03,""Municipalidad"",""1347"",""-118772222222222"",""-771277777777777"""
"ESP32_Ultra_03,""Municipalidad"",""349"",""-118772222222222"",""-771277777777777"""
"ESP32_Ultra_03,""Municipalidad"",""5059"",""-118772222222222"",""-771277777777777"""
"ESP32_Ultra_03,""Municipalidad"",""610"",""-118772222222222"",""-771277777777777"""
"ESP32_Ultra_03,""Municipalidad"",""3823"",""-118772222222222"",""-771277777777777"""
"ESP32_Ultra_03,""Municipalidad"",""5883"",""-118772222222222"",""-771277777777777"""
"ESP32_Ultra_03,""Municipalidad"",""3221"",""-118772222222222"",""-771277777777777"""
"ESP32_Ultra_03,""Municipalidad"",""2541"",""-118772222222222"",""-771277777777777"""
"ESP32_Ultra_03,""Municipalidad"",""7088"",""-118772222222222"",""-771277777777777"""
"ESP32_Ultra_03,""Municipalidad"",""311"",""-118772222222222"",""-771277777777777"""
"ESP32_Ultra_03,""Municipalidad"",""4268"",""-118772222222222"",""-771277777777777"""
"ESP32_Ultra_03,""Municipalidad"",""3815"",""-118772222222222"",""-771277777777777"""
"ESP32_Ultra_03,""Municipalidad"",""1295"",""-118772222222222"",""-771277777777777"""
"ESP32_Ultra_03,""Municipalidad"",""986"",""-118772222222222"",""-771277777777777"""
"ESP32_Ultra_03,""Municipalidad"",""6074"",""-118772222222222"",""-771277777777777"""
"ESP32_Ultra_03,""Municipalidad"",""3081"",""-118772222222222"",""-771277777777777"""
"ESP32_Ultra_03,""Municipalidad"",""1625"",""-118772222222222"",""-771277777777777"""
"ESP32_Ultra_03,""Municipalidad"",""1059"",""-118772222222222"",""-771277777777777"""
"ESP32_Ultra_03,""Municipalidad"",""202"",""-118772222222222"",""-771277777777777"""
"ESP32_Ultra_03,""Municipalidad"",""4128"",""-118772222222222"",""-771277777777777"""
"ESP32_Ultra_03,""Municipalidad"",""4357"",""-118772222222222"",""-771277777777777"""
"ESP32_Ultra_03,""Municipalidad"",""3915"",""-118772222222222"",""-771277777777777"""
"ESP32_Ultra_03,""Municipalidad"",""6181"",""-118772222222222"",""-771277777777777"""
"ESP32_Ultra_03,""Municipalidad"",""4589"",""-118772222222222"",""-771277777777777"""
"ESP32_Ultra_03,""Municipalidad"",""7529"",""-118772222222222"",""-771277777777777"""
"ESP32_Ultra_03,""Municipalidad"",""262"",""-118772222222222"",""-771277777777777"""
"ESP32_Ultra_03,""Municipalidad"",""7492"",""-118772222222222"",""-771277777777777"""
"ESP32_Ultra_03,""Municipalidad"",""7715"",""-118772222222222"",""-771277777777777"""
"ESP32_Ultra_03,""Municipalidad"",""2701"",""-118772222222222"",""-771277777777777"""
"ESP32_Ultra_03,""Municipalidad"",""1658"",""-118772222222222"",""-771277777777777"""
"ESP32_Ultra_03,""Municipalidad"",""3138"",""-118772222222222"",""-771277777777777"""
"ESP32_Ultra_03,""Municipalidad"",""319"",""-118772222222222"",""-771277777777777"""
"ESP32_Ultra_03,""Municipalidad"",""6374"",""-118772222222222"",""-771277777777777"""
"ESP32_Ultra_03,""Municipalidad"",""680"",""-118772222222222"",""-771277777777777"""
"ESP32_Ultra_03,""Municipalidad"",""1253"",""-118772222222222"",""-771277777777777"""
"ESP32_Ultra_03,""Municipalidad"",""4316"",""-118772222222222"",""-771277777777777"""
"ESP32_Ultra_03,""Municipalidad"",""4375"",""-118772222222222"",""-771277777777777"""
"ESP32_Ultra_03,""Municipalidad"",""6272"",""-118772222222222"",""-771277777777777"""
"ESP32_Ultra_03,""Municipalidad"",""3994"",""-118772222222222"",""-771277777777777"""
"ESP32_Ultra_03,""Municipalidad"",""3596"",""-118772222222222"",""-771277777777777"""
"ESP32_Ultra_03,""Municipalidad"",""2707"",""-118772222222222"",""-771277777777777"""
"ESP32_Ultra_03,""Municipalidad"",""2013"",""-118772222222222"",""-771277777777777"""
"ESP32_Ultra_03,""Municipalidad"",""132"",""-118772222222222"",""-771277777777777"""
"ESP32_Ultra_03,""Municipalidad"",""1398"",""-118772222222222"",""-771277777777777"""
"ESP32_Ultra_03,""Municipalidad"",""246"",""-118772222222222"",""-771277777777777"""
"ESP32_Ultra_03,""Municipalidad"",""6106"",""-118772222222222"",""-771277777777777"""
"ESP32_Ultra_03,""Municipalidad"",""6709"",""-118772222222222"",""-771277777777777"""
"ESP32_Ultra_03,""Municipalidad"",""7093"",""-118772222222222"",""-771277777777777"""
"ESP32_Ultra_03,""Municipalidad"",""4081"",""-118772222222222"",""-771277777777777"""
"ESP32_Ultra_03,""Municipalidad"",""383"",""-118772222222222"",""-771277777777777"""
"ESP32_Ultra_03,""Municipalidad"",""1916"",""-118772222222222"",""-771277777777777"""
"ESP32_Ultra_03,""Municipalidad"",""4559"",""-118772222222222"",""-771277777777777"""
"ESP32_Ultra_03,""Municipalidad"",""7538"",""-118772222222222"",""-771277777777777"""
"ESP32_Ultra_03,""Municipalidad"",""1775"",""-118772222222222"",""-771277777777777"""
"ESP32_Ultra_03,""Municipalidad"",""6063"",""-118772222222222"",""-771277777777777"""
"ESP32_Ultra_03,""Municipalidad"",""2068"",""-118772222222222"",""-771277777777777"""
"ESP32_Ultra_03,""Municipalidad"",""1638"",""-118772222222222"",""-771277777777777"""
"ESP32_Ultra_03,""Municipalidad"",""1658"",""-118772222222222"",""-771277777777777"""
"ESP32_Ultra_03,""Municipalidad"",""4438"",""-118772222222222"",""-771277777777777"""
"ESP32_Ultra_03,""Municipalidad"",""2418"",""-118772222222222"",""-771277777777777"""
"ESP32_Ultra_03,""Municipalidad"",""7129"",""-118772222222222"",""-771277777777777"""
"ESP32_Ultra_03,""Municipalidad"",""3886"",""-118772222222222"",""-771277777777777"""
"ESP32_Ultra_03,""Municipalidad"",""5035"",""-118772222222222"",""-771277777777777"""
"ESP32_Ultra_03,""Municipalidad"",""2446"",""-118772222222222"",""-771277777777777"""
"ESP32_Ultra_03,""Municipalidad"",""201"",""-118772222222222"",""-771277777777777"""
"ESP32_Ultra_03,""Municipalidad"",""7416"",""-118772222222222"",""-771277777777777"""
"ESP32_Ultra_03,""Municipalidad"",""3746"",""-118772222222222"",""-771277777777777"""
"ESP32_Ultra_03,""Municipalidad"",""7726"",""-118772222222222"",""-771277777777777"""
"ESP32_Ultra_03,""Municipalidad"",""2405"",""-118772222222222"",""-771277777777777"""
"ESP32_Ultra_03,""Municipalidad"",""6626"",""-118772222222222"",""-771277777777777"""
"ESP32_Ultra_03,""Municipalidad"",""5835"",""-118772222222222"",""-771277777777777"""
"ESP32_Ultra_03,""Municipalidad"",""3245"",""-118772222222222"",""-771277777777777"""
"ESP32_Ultra_03,""Municipalidad"",""7499"",""-118772222222222"",""-771277777777777"""
"ESP32_Ultra_03,""Municipalidad"",""5083"",""-118772222222222"",""-771277777777777"""
"ESP32_Ultra_03,""Municipalidad"",""7812"",""-118772222222222"",""-771277777777777"""
"ESP32_Ultra_03,""Municipalidad"",""4893"",""-118772222222222"",""-771277777777777"""
"ESP32_Ultra_03,""Municipalidad"",""4814"",""-118772222222222"",""-771277777777777"""
"ESP32_Ultra_03,""Municipalidad"",""613"",""-118772222222222"",""-771277777777777"""
"ESP32_Ultra_03,""Municipalidad"",""5062"",""-118772222222222"",""-771277777777777"""
"ESP32_Ultra_03,""Municipalidad"",""3842"",""-118772222222222"",""-771277777777777"""
"ESP32_Ultra_03,""Municipalidad"",""3074"",""-118772222222222"",""-771277777777777"""
"ESP32_Ultra_03,""Municipalidad"",""1743"",""-118772222222222"",""-771277777777777"""
"ESP32_Ultra_03,""Municipalidad"",""1009"",""-118772222222222"",""-771277777777777"""
"ESP32_Ultra_03,""Municipalidad"",""1227"",""-118772222222222"",""-771277777777777"""
"ESP32_Ultra_03,""Municipalidad"",""7372"",""-118772222222222"",""-771277777777777"""
"ESP32_Ultra_03,""Municipalidad"",""2015"",""-118772222222222"",""-771277777777777"""
"ESP32_Ultra_03,""Municipalidad"",""7688"",""-118772222222222"",""-771277777777777"""
"ESP32_Ultra_03,""Municipalidad"",""5452"",""-118772222222222"",""-771277777777777"""
"ESP32_Ultra_03,""Municipalidad"",""4481"",""-118772222222222"",""-771277777777777"""
"ESP32_Ultra_03,""Municipalidad"",""4928"",""-118772222222222"",""-771277777777777"""
"ESP32_Ultra_03,""Municipalidad"",""1526"",""-118772222222222"",""-771277777777777"""
"ESP32_Ultra_03,""Municipalidad"",""4557"",""-118772222222222"",""-771277777777777"""
"ESP32_Ultra_03,""Municipalidad"",""717"",""-118772222222222"",""-771277777777777"""
"ESP32_Ultra_03,""Municipalidad"",""6572"",""-118772222222222"",""-771277777777777"""
"ESP32_Ultra_03,""Municipalidad"",""7921"",""-118772222222222"",""-771277777777777"""
"ESP32_Ultra_03,""Municipalidad"",""3085"",""-118772222222222"",""-771277777777777"""
"ESP32_Ultra_03,""Municipalidad"",""4373"",""-118772222222222"",""-771277777777777"""
"ESP32_Ultra_03,""Municipalidad"",""4304"",""-118772222222222"",""-771277777777777"""
"ESP32_Ultra_03,""Municipalidad"",""6898"",""-118772222222222"",""-771277777777777"""
"ESP32_Ultra_03,""Municipalidad"",""8059"",""-118772222222222"",""-771277777777777"""
"ESP32_Ultra_03,""Municipalidad"",""315"",""-118772222222222"",""-771277777777777"""
"ESP32_Ultra_03,""Municipalidad"",""5729"",""-118772222222222"",""-771277777777777"""
"ESP32_Ultra_03,""Municipalidad"",""8011"",""-118772222222222"",""-771277777777777"""
"ESP32_Ultra_03,""Municipalidad"",""2054"",""-118772222222222"",""-771277777777777"""
"ESP32_Ultra_03,""Municipalidad"",""7601"",""-118772222222222"",""-771277777777777"""
"ESP32_Ultra_03,""Municipalidad"",""1008"",""-118772222222222"",""-771277777777777"""
"ESP32_Ultra_03,""Municipalidad"",""41"",""-118772222222222"",""-771277777777777"""
"ESP32_Ultra_03,""Municipalidad"",""5398"",""-118772222222222"",""-771277777777777"""
"ESP32_Ultra_03,""Municipalidad"",""1039"",""-118772222222222"",""-771277777777777"""
"ESP32_Ultra_03,""Municipalidad"",""2647"",""-118772222222222"",""-771277777777777"""
"ESP32_Ultra_03,""Municipalidad"",""476"",""-118772222222222"",""-771277777777777"""
"ESP32_Ultra_03,""Municipalidad"",""3403"",""-118772222222222"",""-771277777777777"""
"ESP32_Ultra_03,""Municipalidad"",""3827"",""-118772222222222"",""-771277777777777"""
"ESP32_Ultra_03,""Municipalidad"",""1321"",""-118772222222222"",""-771277777777777"""
"ESP32_Ultra_03,""Municipalidad"",""7023"",""-118772222222222"",""-771277777777777"""
"ESP32_Ultra_03,""Municipalidad"",""301"",""-118772222222222"",""-771277777777777"""
"ESP32_Ultra_03,""Municipalidad"",""4348"",""-118772222222222"",""-771277777777777"""
"ESP32_Ultra_03,""Municipalidad"",""7252"",""-118772222222222"",""-771277777777777"""
"ESP32_Ultra_03,""Municipalidad"",""4683"",""-118772222222222"",""-771277777777777"""
"ESP32_Ultra_03,""Municipalidad"",""4969"",""-118772222222222"",""-771277777777777"""
"ESP32_Ultra_03,""Municipalidad"",""5552"",""-118772222222222"",""-771277777777777"""
"ESP32_Ultra_03,""Municipalidad"",""1402"",""-118772222222222"",""-771277777777777"""
"ESP32_Ultra_03,""Municipalidad"",""3182"",""-118772222222222"",""-771277777777777"""
"ESP32_Ultra_03,""Municipalidad"",""1288"",""-118772222222222"",""-771277777777777"""
"ESP32_Ultra_03,""Municipalidad"",""6017"",""-118772222222222"",""-771277777777777"""
"ESP32_Ultra_03,""Municipalidad"",""56"",""-118772222222222"",""-771277777777777"""
"ESP32_Ultra_03,""Municipalidad"",""6574"",""-118772222222222"",""-771277777777777"""
"ESP32_Ultra_03,""Municipalidad"",""6115"",""-118772222222222"",""-771277777777777"""
"ESP32_Ultra_03,""Municipalidad"",""4955"",""-118772222222222"",""-771277777777777"""
"ESP32_Ultra_03,""Municipalidad"",""4699"",""-118772222222222"",""-771277777777777"""
"ESP32_Ultra_03,""Municipalidad"",""3906"",""-118772222222222"",""-771277777777777"""
"ESP32_Ultra_03,""Municipalidad"",""4357"",""-118772222222222"",""-771277777777777"""
"ESP32_Ultra_03,""Municipalidad"",""4331"",""-118772222222222"",""-771277777777777"""
"ESP32_Ultra_03,""Municipalidad"",""1156"",""-118772222222222"",""-771277777777777"""
"ESP32_Ultra_03,""Municipalidad"",""1793"",""-118772222222222"",""-771277777777777"""
"ESP32_Ultra_03,""Municipalidad"",""5667"",""-118772222222222"",""-771277777777777"""
"ESP32_Ultra_03,""Municipalidad"",""666"",""-118772222222222"",""-771277777777777"""
"ESP32_Ultra_03,""Municipalidad"",""1091"",""-140636111111111"",""-757291666666667"""
"ESP32_Ultra_03,""Municipalidad"",""4155"",""-140636111111111"",""-757291666666667"""
"ESP32_Ultra_03,""Municipalidad"",""65"",""-140636111111111"",""-757291666666667"""
"ESP32_Ultra_03,""Municipalidad"",""4858"",""-140636111111111"",""-757291666666667"""
"ESP32_Ultra_03,""Municipalidad"",""5585"",""-140636111111111"",""-757291666666667"""
"ESP32_Ultra_03,""Municipalidad"",""554"",""-140636111111111"",""-757291666666667"""
"ESP32_Ultra_03,""Municipalidad"",""5032"",""-140636111111111"",""-757291666666667"""
"ESP32_Ultra_03,""Municipalidad"",""6039"",""-140636111111111"",""-757291666666667"""
"ESP32_Ultra_03,""Municipalidad"",""237"",""-140636111111111"",""-757291666666667"""
"ESP32_Ultra_03,""Municipalidad"",""6713"",""-140636111111111"",""-757291666666667"""
"ESP32_Ultra_03,""Municipalidad"",""3966"",""-140636111111111"",""-757291666666667"""
"ESP32_Ultra_03,""Municipalidad"",""6246"",""-140636111111111"",""-757291666666667"""
"ESP32_Ultra_03,""Municipalidad"",""6911"",""-140636111111111"",""-757291666666667"""
"ESP32_Ultra_03,""Municipalidad"",""4143"",""-140636111111111"",""-757291666666667"""
"ESP32_Ultra_03,""Municipalidad"",""7369"",""-140636111111111"",""-757291666666667"""
"ESP32_Ultra_03,""Municipalidad"",""4222"",""-140636111111111"",""-757291666666667"""
"ESP32_Ultra_03,""Municipalidad"",""5518"",""-140636111111111"",""-757291666666667"""
"ESP32_Ultra_03,""Municipalidad"",""356"",""-140636111111111"",""-757291666666667"""
"ESP32_Ultra_03,""Municipalidad"",""6432"",""-140636111111111"",""-757291666666667"""
"ESP32_Ultra_03,""Municipalidad"",""6367"",""-140636111111111"",""-757291666666667"""
"ESP32_Ultra_03,""Municipalidad"",""3614"",""-140636111111111"",""-757291666666667"""
"ESP32_Ultra_03,""Municipalidad"",""4221"",""-140636111111111"",""-757291666666667"""
"ESP32_Ultra_03,""Municipalidad"",""7306"",""-140636111111111"",""-757291666666667"""
"ESP32_Ultra_03,""Municipalidad"",""3962"",""-140636111111111"",""-757291666666667"""
"ESP32_Ultra_03,""Municipalidad"",""1424"",""-140636111111111"",""-757291666666667"""
"ESP32_Ultra_03,""Municipalidad"",""4539"",""-140636111111111"",""-757291666666667"""
"ESP32_Ultra_03,""Municipalidad"",""6006"",""-140636111111111"",""-757291666666667"""
"ESP32_Ultra_03,""Municipalidad"",""3333"",""-140636111111111"",""-757291666666667"""
"ESP32_Ultra_03,""Municipalidad"",""4598"",""-140636111111111"",""-757291666666667"""
"ESP32_Ultra_03,""Municipalidad"",""5857"",""-140636111111111"",""-757291666666667"""
"ESP32_Ultra_03,""Municipalidad"",""4176"",""-140636111111111"",""-757291666666667"""
"ESP32_Ultra_03,""Municipalidad"",""7349"",""-140636111111111"",""-757291666666667"""
"ESP32_Ultra_03,""Municipalidad"",""7916"",""-140636111111111"",""-757291666666667"""
"ESP32_Ultra_03,""Municipalidad"",""6058"",""-140636111111111"",""-757291666666667"""
"ESP32_Ultra_03,""Municipalidad"",""668"",""-140636111111111"",""-757291666666667"""
"ESP32_Ultra_03,""Municipalidad"",""7215"",""-140636111111111"",""-757291666666667"""
"ESP32_Ultra_03,""Municipalidad"",""3866"",""-140636111111111"",""-757291666666667"""
"ESP32_Ultra_03,""Municipalidad"",""324"",""-140636111111111"",""-757291666666667"""
"ESP32_Ultra_03,""Municipalidad"",""2744"",""-140636111111111"",""-757291666666667"""
"ESP32_Ultra_03,""Municipalidad"",""3715"",""-140636111111111"",""-757291666666667"""
"ESP32_Ultra_03,""Municipalidad"",""7119"",""-140636111111111"",""-757291666666667"""
"ESP32_Ultra_03,""Municipalidad"",""3104"",""-140636111111111"",""-757291666666667"""
"ESP32_Ultra_03,""Municipalidad"",""926"",""-140636111111111"",""-757291666666667"""
"ESP32_Ultra_03,""Municipalidad"",""7841"",""-140636111111111"",""-757291666666667"""
"ESP32_Ultra_03,""Municipalidad"",""6263"",""-140636111111111"",""-757291666666667"""
"ESP32_Ultra_03,""Municipalidad"",""4428"",""-140636111111111"",""-757291666666667"""
"ESP32_Ultra_03,""Municipalidad"",""1577"",""-140636111111111"",""-757291666666667"""
"ESP32_Ultra_03,""Municipalidad"",""7212"",""-140636111111111"",""-757291666666667"""
"ESP32_Ultra_03,""Municipalidad"",""1142"",""-140636111111111"",""-757291666666667"""
"ESP32_Ultra_03,""Municipalidad"",""7027"",""-140636111111111"",""-757291666666667"""
"ESP32_Ultra_03,""Municipalidad"",""6066"",""-140636111111111"",""-757291666666667"""
"ESP32_Ultra_03,""Municipalidad"",""5213"",""-140636111111111"",""-757291666666667"""
"ESP32_Ultra_03,""Municipalidad"",""2927"",""-140636111111111"",""-757291666666667"""
"ESP32_Ultra_03,""Municipalidad"",""688"",""-140636111111111"",""-757291666666667"""
"ESP32_Ultra_03,""Municipalidad"",""516"",""-140636111111111"",""-757291666666667"""
"ESP32_Ultra_03,""Municipalidad"",""7525"",""-140636111111111"",""-757291666666667"""
"ESP32_Ultra_03,""Municipalidad"",""3515"",""-140636111111111"",""-757291666666667"""
"ESP32_Ultra_03,""Municipalidad"",""2733"",""-140636111111111"",""-757291666666667"""
"ESP32_Ultra_03,""Municipalidad"",""4125"",""-140636111111111"",""-757291666666667"""
"ESP32_Ultra_03,""Municipalidad"",""7104"",""-140636111111111"",""-757291666666667"""
"ESP32_Ultra_03,""Municipalidad"",""1208"",""-140636111111111"",""-757291666666667"""
"ESP32_Ultra_03,""Municipalidad"",""6211"",""-140636111111111"",""-757291666666667"""
"ESP32_Ultra_03,""Municipalidad"",""1712"",""-140636111111111"",""-757291666666667"""
"ESP32_Ultra_03,""Municipalidad"",""245"",""-140636111111111"",""-757291666666667"""
"ESP32_Ultra_03,""Municipalidad"",""646"",""-140636111111111"",""-757291666666667"""
"ESP32_Ultra_03,""Municipalidad"",""4017"",""-140636111111111"",""-757291666666667"""
"ESP32_Ultra_03,""Municipalidad"",""411"",""-140636111111111"",""-757291666666667"""
"ESP32_Ultra_03,""Municipalidad"",""6721"",""-140636111111111"",""-757291666666667"""
"ESP32_Ultra_03,""Municipalidad"",""5845"",""-140636111111111"",""-757291666666667"""
"ESP32_Ultra_03,""Municipalidad"",""4146"",""-140636111111111"",""-757291666666667"""
"ESP32_Ultra_03,""Municipalidad"",""1992"",""-140636111111111"",""-757291666666667"""
"ESP32_Ultra_03,""Municipalidad"",""963"",""-140636111111111"",""-757291666666667"""
"ESP32_Ultra_03,""Municipalidad"",""7692"",""-140636111111111"",""-757291666666667"""
"ESP32_Ultra_03,""Municipalidad"",""2393"",""-140636111111111"",""-757291666666667"""
"ESP32_Ultra_03,""Municipalidad"",""4764"",""-140636111111111"",""-757291666666667"""
"ESP32_Ultra_03,""Municipalidad"",""2501"",""-140636111111111"",""-757291666666667"""
"ESP32_Ultra_03,""Municipalidad"",""2783"",""-140636111111111"",""-757291666666667"""
"ESP32_Ultra_03,""Municipalidad"",""2288"",""-140636111111111"",""-757291666666667"""
"ESP32_Ultra_03,""Municipalidad"",""6016"",""-140636111111111"",""-757291666666667"""
"ESP32_Ultra_03,""Municipalidad"",""6237"",""-140636111111111"",""-757291666666667"""
"ESP32_Ultra_03,""Municipalidad"",""312"",""-140636111111111"",""-757291666666667"""
"ESP32_Ultra_03,""Municipalidad"",""315"",""-140636111111111"",""-757291666666667"""
"ESP32_Ultra_03,""Municipalidad"",""3558"",""-140636111111111"",""-757291666666667"""
"ESP32_Ultra_03,""Municipalidad"",""5241"",""-140636111111111"",""-757291666666667"""
"ESP32_Ultra_03,""Municipalidad"",""7442"",""-140636111111111"",""-757291666666667"""
"ESP32_Ultra_03,""Municipalidad"",""5508"",""-140636111111111"",""-757291666666667"""
"ESP32_Ultra_03,""Municipalidad"",""5524"",""-140636111111111"",""-757291666666667"""
"ESP32_Ultra_03,""Municipalidad"",""916"",""-140636111111111"",""-757291666666667"""
"ESP32_Ultra_03,""Municipalidad"",""528"",""-140636111111111"",""-757291666666667"""
"ESP32_Ultra_03,""Municipalidad"",""5372"",""-140636111111111"",""-757291666666667"""
"ESP32_Ultra_03,""Municipalidad"",""3329"",""-140636111111111"",""-757291666666667"""
"ESP32_Ultra_03,""Municipalidad"",""1349"",""-140636111111111"",""-757291666666667"""
"ESP32_Ultra_03,""Municipalidad"",""6801"",""-140636111111111"",""-757291666666667"""
"ESP32_Ultra_03,""Municipalidad"",""4607"",""-140636111111111"",""-757291666666667"""
"ESP32_Ultra_03,""Municipalidad"",""5699"",""-140636111111111"",""-757291666666667"""
"ESP32_Ultra_03,""Municipalidad"",""6095"",""-140636111111111"",""-757291666666667"""
"ESP32_Ultra_03,""Municipalidad"",""194"",""-140636111111111"",""-757291666666667"""
"ESP32_Ultra_03,""Municipalidad"",""484"",""-140636111111111"",""-757291666666667"""
"ESP32_Ultra_03,""Municipalidad"",""1351"",""-140636111111111"",""-757291666666667"""
"ESP32_Ultra_03,""Municipalidad"",""254"",""-140636111111111"",""-757291666666667"""
"ESP32_Ultra_03,""Municipalidad"",""7204"",""-140636111111111"",""-757291666666667"""
"ESP32_Ultra_03,""Municipalidad"",""4456"",""-140636111111111"",""-757291666666667"""
"ESP32_Ultra_03,""Municipalidad"",""6001"",""-140636111111111"",""-757291666666667"""
"ESP32_Ultra_03,""Municipalidad"",""4933"",""-140636111111111"",""-757291666666667"""
"ESP32_Ultra_03,""Municipalidad"",""7017"",""-140636111111111"",""-757291666666667"""
"ESP32_Ultra_03,""Municipalidad"",""4053"",""-140636111111111"",""-757291666666667"""
"ESP32_Ultra_03,""Municipalidad"",""5315"",""-140636111111111"",""-757291666666667"""
"ESP32_Ultra_03,""Municipalidad"",""2617"",""-140636111111111"",""-757291666666667"""
"ESP32_Ultra_03,""Municipalidad"",""6869"",""-140636111111111"",""-757291666666667"""
"ESP32_Ultra_03,""Municipalidad"",""925"",""-140636111111111"",""-757291666666667"""
"ESP32_Ultra_03,""Municipalidad"",""6216"",""-140636111111111"",""-757291666666667"""
"ESP32_Ultra_03,""Municipalidad"",""6782"",""-140636111111111"",""-757291666666667"""
"ESP32_Ultra_03,""Municipalidad"",""3611"",""-140636111111111"",""-757291666666667"""
"ESP32_Ultra_03,""Municipalidad"",""3898"",""-140636111111111"",""-757291666666667"""
"ESP32_Ultra_03,""Municipalidad"",""611"",""-140636111111111"",""-757291666666667"""
"ESP32_Ultra_03,""Municipalidad"",""3346"",""-140636111111111"",""-757291666666667"""
"ESP32_Ultra_03,""Municipalidad"",""6948"",""-140636111111111"",""-757291666666667"""
"ESP32_Ultra_03,""Municipalidad"",""1987"",""-140636111111111"",""-757291666666667"""
"ESP32_Ultra_03,""Municipalidad"",""6225"",""-140636111111111"",""-757291666666667"""
"ESP32_Ultra_03,""Municipalidad"",""7111"",""-140636111111111"",""-757291666666667"""
"ESP32_Ultra_03,""Municipalidad"",""2341"",""-140636111111111"",""-757291666666667"""
"ESP32_Ultra_03,""Municipalidad"",""3038"",""-140636111111111"",""-757291666666667"""
"ESP32_Ultra_03,""Municipalidad"",""356"",""-140636111111111"",""-757291666666667"""
"ESP32_Ultra_03,""Municipalidad"",""968"",""-140636111111111"",""-757291666666667"""
"ESP32_Ultra_03,""Municipalidad"",""4737"",""-140636111111111"",""-757291666666667"""
"ESP32_Ultra_03,""Municipalidad"",""3376"",""-140636111111111"",""-757291666666667"""
"ESP32_Ultra_03,""Municipalidad"",""1211"",""-140636111111111"",""-757291666666667"""
"ESP32_Ultra_03,""Municipalidad"",""5576"",""-140636111111111"",""-757291666666667"""
"ESP32_Ultra_03,""Municipalidad"",""4034"",""-140636111111111"",""-757291666666667"""
"ESP32_Ultra_03,""Municipalidad"",""254"",""-140636111111111"",""-757291666666667"""
"ESP32_Ultra_03,""Municipalidad"",""354"",""-140636111111111"",""-757291666666667"""
"ESP32_Ultra_03,""Municipalidad"",""3267"",""-140636111111111"",""-757291666666667"""
"ESP32_Ultra_03,""Municipalidad"",""2523"",""-140636111111111"",""-757291666666667"""
"ESP32_Ultra_03,""Municipalidad"",""1219"",""-140636111111111"",""-757291666666667"""
"ESP32_Ultra_03,""Municipalidad"",""1998"",""-140636111111111"",""-757291666666667"""
"ESP32_Ultra_03,""Municipalidad"",""7127"",""-140636111111111"",""-757291666666667"""
"ESP32_Ultra_03,""Municipalidad"",""5181"",""-140636111111111"",""-757291666666667"""
"ESP32_Ultra_03,""Municipalidad"",""4975"",""-140636111111111"",""-757291666666667"""
"ESP32_Ultra_03,""Municipalidad"",""3586"",""-140636111111111"",""-757291666666667"""
"ESP32_Ultra_03,""Municipalidad"",""8049"",""-140636111111111"",""-757291666666667"""
"ESP32_Ultra_03,""Municipalidad"",""4548"",""-140636111111111"",""-757291666666667"""
"ESP32_Ultra_03,""Municipalidad"",""5614"",""-140636111111111"",""-757291666666667"""
"ESP32_Ultra_03,""Municipalidad"",""583"",""-140636111111111"",""-757291666666667"""
"ESP32_Ultra_03,""Municipalidad"",""615"",""-140636111111111"",""-757291666666667"""
"ESP32_Ultra_03,""Municipalidad"",""809"",""-140636111111111"",""-757291666666667"""
"ESP32_Ultra_03,""Municipalidad"",""5174"",""-140636111111111"",""-757291666666667"""
"ESP32_Ultra_03,""Municipalidad"",""1866"",""-140636111111111"",""-757291666666667"""
"ESP32_Ultra_03,""Municipalidad"",""5673"",""-140636111111111"",""-757291666666667"""
"ESP32_Ultra_03,""Municipalidad"",""6364"",""-140636111111111"",""-757291666666667"""
"ESP32_Ultra_03,""Municipalidad"",""6708"",""-140636111111111"",""-757291666666667"""
"ESP32_Ultra_03,""Municipalidad"",""2926"",""-140636111111111"",""-757291666666667"""
"ESP32_Ultra_03,""Municipalidad"",""1523"",""-140636111111111"",""-757291666666667"""
"ESP32_Ultra_03,""Municipalidad"",""1656"",""-140636111111111"",""-757291666666667"""
"ESP32_Ultra_03,""Municipalidad"",""4652"",""-140636111111111"",""-757291666666667"""
"ESP32_Ultra_03,""Municipalidad"",""3113"",""-140636111111111"",""-757291666666667"""
"ESP32_Ultra_03,""Municipalidad"",""5083"",""-140636111111111"",""-757291666666667"""
"ESP32_Ultra_03,""Municipalidad"",""1934"",""-140636111111111"",""-757291666666667"""
"ESP32_Ultra_03,""Municipalidad"",""4746"",""-140636111111111"",""-757291666666667"""
"ESP32_Ultra_03,""Municipalidad"",""579"",""-140636111111111"",""-757291666666667"""
"ESP32_Ultra_03,""Municipalidad"",""6275"",""-140636111111111"",""-757291666666667"""
"ESP32_Ultra_03,""Municipalidad"",""6753"",""-715472222222222"",""-785108333333333"""
"ESP32_Ultra_03,""Municipalidad"",""2523"",""-715472222222222"",""-785108333333333"""
"ESP32_Ultra_03,""Municipalidad"",""3894"",""-715472222222222"",""-785108333333333"""
"ESP32_Ultra_03,""Municipalidad"",""709"",""-715472222222222"",""-785108333333333"""
"ESP32_Ultra_03,""Municipalidad"",""4927"",""-715472222222222"",""-785108333333333"""
"ESP32_Ultra_03,""Municipalidad"",""3408"",""-715472222222222"",""-785108333333333"""
"ESP32_Ultra_03,""Municipalidad"",""4392"",""-715472222222222"",""-785108333333333"""
"ESP32_Ultra_03,""Municipalidad"",""2276"",""-715472222222222"",""-785108333333333"""
"ESP32_Ultra_03,""Municipalidad"",""3023"",""-715472222222222"",""-785108333333333"""
"ESP32_Ultra_03,""Municipalidad"",""6059"",""-715472222222222"",""-785108333333333"""
"ESP32_Ultra_03,""Municipalidad"",""5141"",""-715472222222222"",""-785108333333333"""
"ESP32_Ultra_03,""Municipalidad"",""7461"",""-715472222222222"",""-785108333333333"""
"ESP32_Ultra_03,""Municipalidad"",""4027"",""-715472222222222"",""-785108333333333"""
"ESP32_Ultra_03,""Municipalidad"",""4794"",""-715472222222222"",""-785108333333333"""
"ESP32_Ultra_03,""Municipalidad"",""79"",""-715472222222222"",""-785108333333333"""
"ESP32_Ultra_03,""Municipalidad"",""749"",""-715472222222222"",""-785108333333333"""
"ESP32_Ultra_03,""Municipalidad"",""6676"",""-715472222222222"",""-785108333333333"""
"ESP32_Ultra_03,""Municipalidad"",""7269"",""-715472222222222"",""-785108333333333"""
"ESP32_Ultra_03,""Municipalidad"",""1994"",""-715472222222222"",""-785108333333333"""
"ESP32_Ultra_03,""Municipalidad"",""5791"",""-715472222222222"",""-785108333333333"""
"ESP32_Ultra_03,""Municipalidad"",""4868"",""-715472222222222"",""-785108333333333"""
"ESP32_Ultra_03,""Municipalidad"",""1963"",""-715472222222222"",""-785108333333333"""
"ESP32_Ultra_03,""Municipalidad"",""7142"",""-715472222222222"",""-785108333333333"""
"ESP32_Ultra_03,""Municipalidad"",""2337"",""-715472222222222"",""-785108333333333"""
"ESP32_Ultra_03,""Municipalidad"",""7612"",""-715472222222222"",""-785108333333333"""
"ESP32_Ultra_03,""Municipalidad"",""2683"",""-715472222222222"",""-785108333333333"""
"ESP32_Ultra_03,""Municipalidad"",""3995"",""-715472222222222"",""-785108333333333"""
"ESP32_Ultra_03,""Municipalidad"",""2194"",""-715472222222222"",""-785108333333333"""
"ESP32_Ultra_03,""Municipalidad"",""3457"",""-715472222222222"",""-785108333333333"""
"ESP32_Ultra_03,""Municipalidad"",""2679"",""-715472222222222"",""-785108333333333"""
"ESP32_Ultra_03,""Municipalidad"",""166"",""-715472222222222"",""-785108333333333"""
"ESP32_Ultra_03,""Municipalidad"",""4078"",""-715472222222222"",""-785108333333333"""
"ESP32_Ultra_03,""Municipalidad"",""6795"",""-715472222222222"",""-785108333333333"""
"ESP32_Ultra_03,""Municipalidad"",""1057"",""-715472222222222"",""-785108333333333"""
"ESP32_Ultra_03,""Municipalidad"",""6501"",""-715472222222222"",""-785108333333333"""
"ESP32_Ultra_03,""Municipalidad"",""5044"",""-715472222222222"",""-785108333333333"""
"ESP32_Ultra_03,""Municipalidad"",""2001"",""-715472222222222"",""-785108333333333"""
"ESP32_Ultra_03,""Municipalidad"",""636"",""-715472222222222"",""-785108333333333"""
"ESP32_Ultra_03,""Municipalidad"",""315"",""-715472222222222"",""-785108333333333"""
"ESP32_Ultra_03,""Municipalidad"",""1846"",""-715472222222222"",""-785108333333333"""
"ESP32_Ultra_03,""Municipalidad"",""5611"",""-715472222222222"",""-785108333333333"""
"ESP32_Ultra_03,""Municipalidad"",""7371"",""-715472222222222"",""-785108333333333"""
"ESP32_Ultra_03,""Municipalidad"",""272"",""-715472222222222"",""-785108333333333"""
"ESP32_Ultra_03,""Municipalidad"",""4058"",""-715472222222222"",""-785108333333333"""
"ESP32_Ultra_03,""Municipalidad"",""3817"",""-715472222222222"",""-785108333333333"""
"ESP32_Ultra_03,""Municipalidad"",""7631"",""-715472222222222"",""-785108333333333"""
"ESP32_Ultra_03,""Municipalidad"",""297"",""-715472222222222"",""-785108333333333"""
"ESP32_Ultra_03,""Municipalidad"",""431"",""-715472222222222"",""-785108333333333"""
"ESP32_Ultra_03,""Municipalidad"",""1108"",""-715472222222222"",""-785108333333333"""
"ESP32_Ultra_03,""Municipalidad"",""3421"",""-715472222222222"",""-785108333333333"""
"ESP32_Ultra_03,""Municipalidad"",""7471"",""-715472222222222"",""-785108333333333"""
"ESP32_Ultra_03,""Municipalidad"",""819"",""-715472222222222"",""-785108333333333"""
"ESP32_Ultra_03,""Municipalidad"",""1029"",""-715472222222222"",""-785108333333333"""
"ESP32_Ultra_03,""Municipalidad"",""7529"",""-715472222222222"",""-785108333333333"""
"ESP32_Ultra_03,""Municipalidad"",""7672"",""-715472222222222"",""-785108333333333"""
"ESP32_Ultra_03,""Municipalidad"",""7046"",""-715472222222222"",""-785108333333333"""
"ESP32_Ultra_03,""Municipalidad"",""5921"",""-715472222222222"",""-785108333333333"""
"ESP32_Ultra_03,""Municipalidad"",""2416"",""-715472222222222"",""-785108333333333"""
"ESP32_Ultra_03,""Municipalidad"",""975"",""-715472222222222"",""-785108333333333"""
"ESP32_Ultra_03,""Municipalidad"",""2007"",""-715472222222222"",""-785108333333333"""
"ESP32_Ultra_03,""Municipalidad"",""219"",""-715472222222222"",""-785108333333333"""
"ESP32_Ultra_03,""Municipalidad"",""4183"",""-715472222222222"",""-785108333333333"""
"ESP32_Ultra_03,""Municipalidad"",""6125"",""-715472222222222"",""-785108333333333"""
"ESP32_Ultra_03,""Municipalidad"",""372"",""-715472222222222"",""-785108333333333"""
"ESP32_Ultra_03,""Municipalidad"",""3844"",""-715472222222222"",""-785108333333333"""
"ESP32_Ultra_03,""Municipalidad"",""4203"",""-715472222222222"",""-785108333333333"""
"ESP32_Ultra_03,""Municipalidad"",""1581"",""-715472222222222"",""-785108333333333"""
"ESP32_Ultra_03,""Municipalidad"",""5818"",""-715472222222222"",""-785108333333333"""
"ESP32_Ultra_03,""Municipalidad"",""5624"",""-715472222222222"",""-785108333333333"""
"ESP32_Ultra_03,""Municipalidad"",""887"",""-715472222222222"",""-785108333333333"""
"ESP32_Ultra_03,""Municipalidad"",""2356"",""-715472222222222"",""-785108333333333"""
"ESP32_Ultra_03,""Municipalidad"",""2306"",""-715472222222222"",""-785108333333333"""
"ESP32_Ultra_03,""Municipalidad"",""388"",""-715472222222222"",""-785108333333333"""
"ESP32_Ultra_03,""Municipalidad"",""4069"",""-715472222222222"",""-785108333333333"""
"ESP32_Ultra_03,""Municipalidad"",""296"",""-715472222222222"",""-785108333333333"""
"ESP32_Ultra_03,""Municipalidad"",""923"",""-715472222222222"",""-785108333333333"""
"ESP32_Ultra_03,""Municipalidad"",""283"",""-715472222222222"",""-785108333333333"""
"ESP32_Ultra_03,""Municipalidad"",""6431"",""-715472222222222"",""-785108333333333"""
"ESP32_Ultra_03,""Municipalidad"",""3716"",""-715472222222222"",""-785108333333333"""
"ESP32_Ultra_03,""Municipalidad"",""174"",""-715472222222222"",""-785108333333333"""
"ESP32_Ultra_03,""Municipalidad"",""994"",""-715472222222222"",""-785108333333333"""
"ESP32_Ultra_03,""Municipalidad"",""3156"",""-715472222222222"",""-785108333333333"""
"ESP32_Ultra_03,""Municipalidad"",""705"",""-715472222222222"",""-785108333333333"""
"ESP32_Ultra_03,""Municipalidad"",""5207"",""-715472222222222"",""-785108333333333"""
"ESP32_Ultra_03,""Municipalidad"",""4224"",""-715472222222222"",""-785108333333333"""
"ESP32_Ultra_03,""Municipalidad"",""6903"",""-715472222222222"",""-785108333333333"""
"ESP32_Ultra_03,""Municipalidad"",""3558"",""-715472222222222"",""-785108333333333"""
"ESP32_Ultra_03,""Municipalidad"",""6161"",""-715472222222222"",""-785108333333333"""
"ESP32_Ultra_03,""Municipalidad"",""7786"",""-715472222222222"",""-785108333333333"""
"ESP32_Ultra_03,""Municipalidad"",""4967"",""-715472222222222"",""-785108333333333"""
"ESP32_Ultra_03,""Municipalidad"",""7764"",""-715472222222222"",""-785108333333333"""
"ESP32_Ultra_03,""Municipalidad"",""4172"",""-715472222222222"",""-785108333333333"""
"ESP32_Ultra_03,""Municipalidad"",""1263"",""-715472222222222"",""-785108333333333"""
"ESP32_Ultra_03,""Municipalidad"",""2588"",""-715472222222222"",""-785108333333333"""
"ESP32_Ultra_03,""Municipalidad"",""4425"",""-715472222222222"",""-785108333333333"""
"ESP32_Ultra_03,""Municipalidad"",""2377"",""-715472222222222"",""-785108333333333"""
"ESP32_Ultra_03,""Municipalidad"",""7455"",""-715472222222222"",""-785108333333333"""
"ESP32_Ultra_03,""Municipalidad"",""931"",""-715472222222222"",""-785108333333333"""
"ESP32_Ultra_03,""Municipalidad"",""607"",""-715472222222222"",""-785108333333333"""
"ESP32_Ultra_03,""Municipalidad"",""3426"",""-715472222222222"",""-785108333333333"""
"ESP32_Ultra_03,""Municipalidad"",""2728"",""-715472222222222"",""-785108333333333"""
"ESP32_Ultra_03,""Municipalidad"",""5965"",""-715472222222222"",""-785108333333333"""
"ESP32_Ultra_03,""Municipalidad"",""4566"",""-715472222222222"",""-785108333333333"""
"ESP32_Ultra_03,""Municipalidad"",""5892"",""-715472222222222"",""-785108333333333"""
"ESP32_Ultra_03,""Municipalidad"",""5551"",""-715472222222222"",""-785108333333333"""
"ESP32_Ultra_03,""Municipalidad"",""2762"",""-715472222222222"",""-785108333333333"""
"ESP32_Ultra_03,""Municipalidad"",""685"",""-715472222222222"",""-785108333333333"""
"ESP32_Ultra_03,""Municipalidad"",""6517"",""-715472222222222"",""-785108333333333"""
"ESP32_Ultra_03,""Municipalidad"",""1126"",""-715472222222222"",""-785108333333333"""
"ESP32_Ultra_03,""Municipalidad"",""4638"",""-715472222222222"",""-785108333333333"""
"ESP32_Ultra_03,""Municipalidad"",""1665"",""-715472222222222"",""-785108333333333"""
"ESP32_Ultra_03,""Municipalidad"",""4825"",""-715472222222222"",""-785108333333333"""
"ESP32_Ultra_03,""Municipalidad"",""168"",""-715472222222222"",""-785108333333333"""
"ESP32_Ultra_03,""Municipalidad"",""718"",""-715472222222222"",""-785108333333333"""
"ESP32_Ultra_03,""Municipalidad"",""5558"",""-715472222222222"",""-785108333333333"""
"ESP32_Ultra_03,""Municipalidad"",""3953"",""-715472222222222"",""-785108333333333"""
"ESP32_Ultra_03,""Municipalidad"",""188"",""-715472222222222"",""-785108333333333"""
"ESP32_Ultra_03,""Municipalidad"",""5345"",""-715472222222222"",""-785108333333333"""
"ESP32_Ultra_03,""Municipalidad"",""1936"",""-715472222222222"",""-785108333333333"""
"ESP32_Ultra_03,""Municipalidad"",""6289"",""-715472222222222"",""-785108333333333"""
"ESP32_Ultra_03,""Municipalidad"",""5307"",""-715472222222222"",""-785108333333333"""
"ESP32_Ultra_03,""Municipalidad"",""4009"",""-715472222222222"",""-785108333333333"""
"ESP32_Ultra_03,""Municipalidad"",""4819"",""-715472222222222"",""-785108333333333"""
"ESP32_Ultra_03,""Municipalidad"",""7416"",""-715472222222222"",""-785108333333333"""
"ESP32_Ultra_03,""Municipalidad"",""3348"",""-715472222222222"",""-785108333333333"""
"ESP32_Ultra_03,""Municipalidad"",""1586"",""-715472222222222"",""-785108333333333"""
"ESP32_Ultra_03,""Municipalidad"",""1253"",""-715472222222222"",""-785108333333333"""
"ESP32_Ultra_03,""Municipalidad"",""7294"",""-715472222222222"",""-785108333333333"""
"ESP32_Ultra_03,""Municipalidad"",""3523"",""-715472222222222"",""-785108333333333"""
"ESP32_Ultra_03,""Municipalidad"",""5951"",""-715472222222222"",""-785108333333333"""
"ESP32_Ultra_03,""Municipalidad"",""3009"",""-715472222222222"",""-785108333333333"""
"ESP32_Ultra_03,""Municipalidad"",""6996"",""-715472222222222"",""-785108333333333"""
"ESP32_Ultra_03,""Municipalidad"",""687"",""-715472222222222"",""-785108333333333"""
"ESP32_Ultra_04,""Estadio"",""3208"",""-120630555555556"",""-771469444444445"""
"ESP32_Ultra_04,""Estadio"",""5143"",""-120630555555556"",""-771469444444445"""
"ESP32_Ultra_04,""Estadio"",""1686"",""-120630555555556"",""-771469444444445"""
"ESP32_Ultra_04,""Estadio"",""2593"",""-120630555555556"",""-771469444444445"""
"ESP32_Ultra_04,""Estadio"",""3514"",""-120630555555556"",""-771469444444445"""
"ESP32_Ultra_04,""Estadio"",""4218"",""-120630555555556"",""-771469444444445"""
"ESP32_Ultra_04,""Estadio"",""2626"",""-120630555555556"",""-771469444444445"""
"ESP32_Ultra_04,""Estadio"",""1376"",""-120630555555556"",""-771469444444445"""
"ESP32_Ultra_04,""Estadio"",""6904"",""-120630555555556"",""-771469444444445"""
"ESP32_Ultra_04,""Estadio"",""4134"",""-120630555555556"",""-771469444444445"""
"ESP32_Ultra_04,""Estadio"",""4267"",""-120630555555556"",""-771469444444445"""
"ESP32_Ultra_04,""Estadio"",""415"",""-120630555555556"",""-771469444444445"""
"ESP32_Ultra_04,""Estadio"",""309"",""-120630555555556"",""-771469444444445"""
"ESP32_Ultra_04,""Estadio"",""7365"",""-120630555555556"",""-771469444444445"""
"ESP32_Ultra_04,""Estadio"",""434"",""-120630555555556"",""-771469444444445"""
"ESP32_Ultra_04,""Estadio"",""1221"",""-120630555555556"",""-771469444444445"""
"ESP32_Ultra_04,""Estadio"",""7443"",""-120630555555556"",""-771469444444445"""
"ESP32_Ultra_04,""Estadio"",""1601"",""-120630555555556"",""-771469444444445"""
"ESP32_Ultra_04,""Estadio"",""6316"",""-120630555555556"",""-771469444444445"""
"ESP32_Ultra_04,""Estadio"",""4246"",""-120630555555556"",""-771469444444445"""
"ESP32_Ultra_04,""Estadio"",""2851"",""-120630555555556"",""-771469444444445"""
"ESP32_Ultra_04,""Estadio"",""1533"",""-120630555555556"",""-771469444444445"""
"ESP32_Ultra_04,""Estadio"",""7579"",""-120630555555556"",""-771469444444445"""
"ESP32_Ultra_04,""Estadio"",""6088"",""-120630555555556"",""-771469444444445"""
"ESP32_Ultra_04,""Estadio"",""4035"",""-120630555555556"",""-771469444444445"""
"ESP32_Ultra_04,""Estadio"",""6161"",""-120630555555556"",""-771469444444445"""
"ESP32_Ultra_04,""Estadio"",""6708"",""-120630555555556"",""-771469444444445"""
"ESP32_Ultra_04,""Estadio"",""4593"",""-120630555555556"",""-771469444444445"""
"ESP32_Ultra_04,""Estadio"",""7023"",""-120630555555556"",""-771469444444445"""
"ESP32_Ultra_04,""Estadio"",""7814"",""-120630555555556"",""-771469444444445"""
"ESP32_Ultra_04,""Estadio"",""597"",""-120630555555556"",""-771469444444445"""
"ESP32_Ultra_04,""Estadio"",""7007"",""-120630555555556"",""-771469444444445"""
"ESP32_Ultra_04,""Estadio"",""3784"",""-120630555555556"",""-771469444444445"""
"ESP32_Ultra_04,""Estadio"",""1837"",""-120630555555556"",""-771469444444445"""
"ESP32_Ultra_04,""Estadio"",""6059"",""-120630555555556"",""-771469444444445"""
"ESP32_Ultra_04,""Estadio"",""7807"",""-120630555555556"",""-771469444444445"""
"ESP32_Ultra_04,""Estadio"",""5794"",""-120630555555556"",""-771469444444445"""
"ESP32_Ultra_04,""Estadio"",""2471"",""-120630555555556"",""-771469444444445"""
"ESP32_Ultra_04,""Estadio"",""4654"",""-120630555555556"",""-771469444444445"""
"ESP32_Ultra_04,""Estadio"",""5233"",""-120630555555556"",""-771469444444445"""
"ESP32_Ultra_04,""Estadio"",""3406"",""-120630555555556"",""-771469444444445"""
"ESP32_Ultra_04,""Estadio"",""6174"",""-120630555555556"",""-771469444444445"""
"ESP32_Ultra_04,""Estadio"",""2513"",""-120630555555556"",""-771469444444445"""
"ESP32_Ultra_04,""Estadio"",""3924"",""-120630555555556"",""-771469444444445"""
"ESP32_Ultra_04,""Estadio"",""4913"",""-120630555555556"",""-771469444444445"""
"ESP32_Ultra_04,""Estadio"",""2021"",""-120630555555556"",""-771469444444445"""
"ESP32_Ultra_04,""Estadio"",""6074"",""-120630555555556"",""-771469444444445"""
"ESP32_Ultra_04,""Estadio"",""1162"",""-120630555555556"",""-771469444444445"""
"ESP32_Ultra_04,""Estadio"",""458"",""-120630555555556"",""-771469444444445"""
"ESP32_Ultra_04,""Estadio"",""2628"",""-120630555555556"",""-771469444444445"""
"ESP32_Ultra_04,""Estadio"",""2951"",""-120630555555556"",""-771469444444445"""
"ESP32_Ultra_04,""Estadio"",""3726"",""-120630555555556"",""-771469444444445"""
"ESP32_Ultra_04,""Estadio"",""41"",""-120630555555556"",""-771469444444445"""
"ESP32_Ultra_04,""Estadio"",""4553"",""-120630555555556"",""-771469444444445"""
"ESP32_Ultra_04,""Estadio"",""649"",""-120630555555556"",""-771469444444445"""
"ESP32_Ultra_04,""Estadio"",""6995"",""-120630555555556"",""-771469444444445"""
"ESP32_Ultra_04,""Estadio"",""4325"",""-120630555555556"",""-771469444444445"""
"ESP32_Ultra_04,""Estadio"",""5885"",""-120630555555556"",""-771469444444445"""
"ESP32_Ultra_04,""Estadio"",""4262"",""-120630555555556"",""-771469444444445"""
"ESP32_Ultra_04,""Estadio"",""3603"",""-120630555555556"",""-771469444444445"""
"ESP32_Ultra_04,""Estadio"",""1269"",""-120630555555556"",""-771469444444445"""
"ESP32_Ultra_04,""Estadio"",""5016"",""-120630555555556"",""-771469444444445"""
"ESP32_Ultra_04,""Estadio"",""3685"",""-120630555555556"",""-771469444444445"""
"ESP32_Ultra_04,""Estadio"",""6555"",""-120630555555556"",""-771469444444445"""
"ESP32_Ultra_04,""Estadio"",""1198"",""-120630555555556"",""-771469444444445"""
"ESP32_Ultra_04,""Estadio"",""5299"",""-120630555555556"",""-771469444444445"""
"ESP32_Ultra_04,""Estadio"",""7887"",""-120630555555556"",""-771469444444445"""
"ESP32_Ultra_04,""Estadio"",""3859"",""-120630555555556"",""-771469444444445"""
"ESP32_Ultra_04,""Estadio"",""5307"",""-120630555555556"",""-771469444444445"""
"ESP32_Ultra_04,""Estadio"",""1142"",""-120630555555556"",""-771469444444445"""
"ESP32_Ultra_04,""Estadio"",""5748"",""-120630555555556"",""-771469444444445"""
"ESP32_Ultra_04,""Estadio"",""5044"",""-120630555555556"",""-771469444444445"""
"ESP32_Ultra_04,""Estadio"",""16"",""-120630555555556"",""-771469444444445"""
"ESP32_Ultra_04,""Estadio"",""6591"",""-120630555555556"",""-771469444444445"""
"ESP32_Ultra_04,""Estadio"",""6177"",""-120630555555556"",""-771469444444445"""
"ESP32_Ultra_04,""Estadio"",""6558"",""-120630555555556"",""-771469444444445"""
"ESP32_Ultra_04,""Estadio"",""2317"",""-120630555555556"",""-771469444444445"""
"ESP32_Ultra_04,""Estadio"",""871"",""-120630555555556"",""-771469444444445"""
"ESP32_Ultra_04,""Estadio"",""5371"",""-120630555555556"",""-771469444444445"""
"ESP32_Ultra_04,""Estadio"",""1188"",""-120630555555556"",""-771469444444445"""
"ESP32_Ultra_04,""Estadio"",""2417"",""-120630555555556"",""-771469444444445"""
"ESP32_Ultra_04,""Estadio"",""6108"",""-120630555555556"",""-771469444444445"""
"ESP32_Ultra_04,""Estadio"",""5059"",""-120630555555556"",""-771469444444445"""
"ESP32_Ultra_04,""Estadio"",""4153"",""-120630555555556"",""-771469444444445"""
"ESP32_Ultra_04,""Estadio"",""7702"",""-120630555555556"",""-771469444444445"""
"ESP32_Ultra_04,""Estadio"",""3613"",""-120630555555556"",""-771469444444445"""
"ESP32_Ultra_04,""Estadio"",""3149"",""-120630555555556"",""-771469444444445"""
"ESP32_Ultra_04,""Estadio"",""4709"",""-120630555555556"",""-771469444444445"""
"ESP32_Ultra_04,""Estadio"",""6491"",""-120630555555556"",""-771469444444445"""
"ESP32_Ultra_04,""Estadio"",""7786"",""-120630555555556"",""-771469444444445"""
"ESP32_Ultra_04,""Estadio"",""6784"",""-120630555555556"",""-771469444444445"""
"ESP32_Ultra_04,""Estadio"",""5957"",""-120630555555556"",""-771469444444445"""
"ESP32_Ultra_04,""Estadio"",""5742"",""-120630555555556"",""-771469444444445"""
"ESP32_Ultra_04,""Estadio"",""2003"",""-120630555555556"",""-771469444444445"""
"ESP32_Ultra_04,""Estadio"",""6578"",""-120630555555556"",""-771469444444445"""
"ESP32_Ultra_04,""Estadio"",""5738"",""-120630555555556"",""-771469444444445"""
"ESP32_Ultra_04,""Estadio"",""3104"",""-120630555555556"",""-771469444444445"""
"ESP32_Ultra_04,""Estadio"",""5658"",""-120630555555556"",""-771469444444445"""
"ESP32_Ultra_04,""Estadio"",""2303"",""-120630555555556"",""-771469444444445"""
"ESP32_Ultra_04,""Estadio"",""5316"",""-120630555555556"",""-771469444444445"""
"ESP32_Ultra_04,""Estadio"",""5403"",""-120630555555556"",""-771469444444445"""
"ESP32_Ultra_04,""Estadio"",""7478"",""-120630555555556"",""-771469444444445"""
"ESP32_Ultra_04,""Estadio"",""6942"",""-120630555555556"",""-771469444444445"""
"ESP32_Ultra_04,""Estadio"",""1754"",""-120630555555556"",""-771469444444445"""
"ESP32_Ultra_04,""Estadio"",""6546"",""-120630555555556"",""-771469444444445"""
"ESP32_Ultra_04,""Estadio"",""3491"",""-120630555555556"",""-771469444444445"""
"ESP32_Ultra_04,""Estadio"",""761"",""-120630555555556"",""-771469444444445"""
"ESP32_Ultra_04,""Estadio"",""3898"",""-120630555555556"",""-771469444444445"""
"ESP32_Ultra_04,""Estadio"",""6817"",""-120630555555556"",""-771469444444445"""
"ESP32_Ultra_04,""Estadio"",""1514"",""-120630555555556"",""-771469444444445"""
"ESP32_Ultra_04,""Estadio"",""1988"",""-120630555555556"",""-771469444444445"""
"ESP32_Ultra_04,""Estadio"",""3287"",""-120630555555556"",""-771469444444445"""
"ESP32_Ultra_04,""Estadio"",""1112"",""-120630555555556"",""-771469444444445"""
"ESP32_Ultra_04,""Estadio"",""4158"",""-120630555555556"",""-771469444444445"""
"ESP32_Ultra_04,""Estadio"",""3552"",""-120630555555556"",""-771469444444445"""
"ESP32_Ultra_04,""Estadio"",""6019"",""-120630555555556"",""-771469444444445"""
"ESP32_Ultra_04,""Estadio"",""4156"",""-120630555555556"",""-771469444444445"""
"ESP32_Ultra_04,""Estadio"",""7204"",""-120630555555556"",""-771469444444445"""
"ESP32_Ultra_04,""Estadio"",""6435"",""-120630555555556"",""-771469444444445"""
"ESP32_Ultra_04,""Estadio"",""6032"",""-120630555555556"",""-771469444444445"""
"ESP32_Ultra_04,""Estadio"",""2016"",""-120630555555556"",""-771469444444445"""
"ESP32_Ultra_04,""Estadio"",""7936"",""-120630555555556"",""-771469444444445"""
"ESP32_Ultra_04,""Estadio"",""1935"",""-120630555555556"",""-771469444444445"""
"ESP32_Ultra_04,""Estadio"",""5714"",""-120630555555556"",""-771469444444445"""
"ESP32_Ultra_04,""Estadio"",""1312"",""-120630555555556"",""-771469444444445"""
"ESP32_Ultra_04,""Estadio"",""3748"",""-120630555555556"",""-771469444444445"""
"ESP32_Ultra_04,""Estadio"",""802"",""-120630555555556"",""-771469444444445"""
"ESP32_Ultra_04,""Estadio"",""5117"",""-120630555555556"",""-771469444444445"""
"ESP32_Ultra_04,""Estadio"",""1588"",""-120630555555556"",""-771469444444445"""
"ESP32_Ultra_04,""Estadio"",""7169"",""-120630555555556"",""-771469444444445"""
"ESP32_Ultra_04,""Estadio"",""852"",""-120630555555556"",""-771469444444445"""
"ESP32_Ultra_04,""Estadio"",""6735"",""-120630555555556"",""-771469444444445"""
"ESP32_Ultra_04,""Estadio"",""4834"",""-120630555555556"",""-771469444444445"""
"ESP32_Ultra_04,""Estadio"",""1141"",""-120630555555556"",""-771469444444445"""
"ESP32_Ultra_04,""Estadio"",""1022"",""-120630555555556"",""-771469444444445"""
"ESP32_Ultra_04,""Estadio"",""5449"",""-120630555555556"",""-771469444444445"""
"ESP32_Ultra_04,""Estadio"",""2213"",""-120630555555556"",""-771469444444445"""
"ESP32_Ultra_04,""Estadio"",""579"",""-120630555555556"",""-771469444444445"""
"ESP32_Ultra_04,""Estadio"",""548"",""-120630555555556"",""-771469444444445"""
"ESP32_Ultra_04,""Estadio"",""6685"",""-120630555555556"",""-771469444444445"""
"ESP32_Ultra_04,""Estadio"",""5419"",""-81"",""-790305555555556"""
"ESP32_Ultra_04,""Estadio"",""7844"",""-81"",""-790305555555556"""
"ESP32_Ultra_04,""Estadio"",""6327"",""-81"",""-790305555555556"""
"ESP32_Ultra_04,""Estadio"",""2593"",""-81"",""-790305555555556"""
"ESP32_Ultra_04,""Estadio"",""4387"",""-81"",""-790305555555556"""
"ESP32_Ultra_04,""Estadio"",""1092"",""-81"",""-790305555555556"""
"ESP32_Ultra_04,""Estadio"",""4808"",""-81"",""-790305555555556"""
"ESP32_Ultra_04,""Estadio"",""7167"",""-81"",""-790305555555556"""
"ESP32_Ultra_04,""Estadio"",""5775"",""-81"",""-790305555555556"""
"ESP32_Ultra_04,""Estadio"",""150"",""-81"",""-790305555555556"""
"ESP32_Ultra_04,""Estadio"",""7258"",""-81"",""-790305555555556"""
"ESP32_Ultra_04,""Estadio"",""5497"",""-81"",""-790305555555556"""
"ESP32_Ultra_04,""Estadio"",""6938"",""-81"",""-790305555555556"""
"ESP32_Ultra_04,""Estadio"",""4266"",""-81"",""-790305555555556"""
"ESP32_Ultra_04,""Estadio"",""3371"",""-81"",""-790305555555556"""
"ESP32_Ultra_04,""Estadio"",""7715"",""-81"",""-790305555555556"""
"ESP32_Ultra_04,""Estadio"",""36"",""-81"",""-790305555555556"""
"ESP32_Ultra_04,""Estadio"",""1068"",""-81"",""-790305555555556"""
"ESP32_Ultra_04,""Estadio"",""2035"",""-81"",""-790305555555556"""
"ESP32_Ultra_04,""Estadio"",""5259"",""-81"",""-790305555555556"""
"ESP32_Ultra_04,""Estadio"",""2426"",""-81"",""-790305555555556"""
"ESP32_Ultra_04,""Estadio"",""479"",""-81"",""-790305555555556"""
"ESP32_Ultra_04,""Estadio"",""4415"",""-81"",""-790305555555556"""
"ESP32_Ultra_04,""Estadio"",""2676"",""-81"",""-790305555555556"""
"ESP32_Ultra_04,""Estadio"",""2875"",""-81"",""-790305555555556"""
"ESP32_Ultra_04,""Estadio"",""1629"",""-81"",""-790305555555556"""
"ESP32_Ultra_04,""Estadio"",""240"",""-81"",""-790305555555556"""
"ESP32_Ultra_04,""Estadio"",""871"",""-81"",""-790305555555556"""
"ESP32_Ultra_04,""Estadio"",""5326"",""-81"",""-790305555555556"""
"ESP32_Ultra_04,""Estadio"",""5483"",""-81"",""-790305555555556"""
"ESP32_Ultra_04,""Estadio"",""2442"",""-81"",""-790305555555556"""
"ESP32_Ultra_04,""Estadio"",""4339"",""-81"",""-790305555555556"""
"ESP32_Ultra_04,""Estadio"",""7156"",""-81"",""-790305555555556"""
"ESP32_Ultra_04,""Estadio"",""3794"",""-81"",""-790305555555556"""
"ESP32_Ultra_04,""Estadio"",""767"",""-81"",""-790305555555556"""
"ESP32_Ultra_04,""Estadio"",""6272"",""-81"",""-790305555555556"""
"ESP32_Ultra_04,""Estadio"",""3135"",""-81"",""-790305555555556"""
"ESP32_Ultra_04,""Estadio"",""6776"",""-81"",""-790305555555556"""
"ESP32_Ultra_04,""Estadio"",""760"",""-81"",""-790305555555556"""
"ESP32_Ultra_04,""Estadio"",""1841"",""-81"",""-790305555555556"""
"ESP32_Ultra_04,""Estadio"",""556"",""-81"",""-790305555555556"""
"ESP32_Ultra_04,""Estadio"",""71"",""-81"",""-790305555555556"""
"ESP32_Ultra_04,""Estadio"",""4332"",""-81"",""-790305555555556"""
"ESP32_Ultra_04,""Estadio"",""6758"",""-81"",""-790305555555556"""
"ESP32_Ultra_04,""Estadio"",""2537"",""-81"",""-790305555555556"""
"ESP32_Ultra_04,""Estadio"",""4985"",""-81"",""-790305555555556"""
"ESP32_Ultra_04,""Estadio"",""631"",""-81"",""-790305555555556"""
"ESP32_Ultra_04,""Estadio"",""658"",""-81"",""-790305555555556"""
"ESP32_Ultra_04,""Estadio"",""3908"",""-81"",""-790305555555556"""
"ESP32_Ultra_04,""Estadio"",""6128"",""-81"",""-790305555555556"""
"ESP32_Ultra_04,""Estadio"",""4479"",""-81"",""-790305555555556"""
"ESP32_Ultra_04,""Estadio"",""129"",""-81"",""-790305555555556"""
"ESP32_Ultra_04,""Estadio"",""280"",""-81"",""-790305555555556"""
"ESP32_Ultra_04,""Estadio"",""437"",""-81"",""-790305555555556"""
"ESP32_Ultra_04,""Estadio"",""1538"",""-81"",""-790305555555556"""
"ESP32_Ultra_04,""Estadio"",""5006"",""-81"",""-790305555555556"""
"ESP32_Ultra_04,""Estadio"",""233"",""-81"",""-790305555555556"""
"ESP32_Ultra_04,""Estadio"",""2171"",""-81"",""-790305555555556"""
"ESP32_Ultra_04,""Estadio"",""4126"",""-81"",""-790305555555556"""
"ESP32_Ultra_04,""Estadio"",""2486"",""-81"",""-790305555555556"""
"ESP32_Ultra_04,""Estadio"",""603"",""-81"",""-790305555555556"""
"ESP32_Ultra_04,""Estadio"",""306"",""-81"",""-790305555555556"""
"ESP32_Ultra_04,""Estadio"",""2149"",""-81"",""-790305555555556"""
"ESP32_Ultra_04,""Estadio"",""3196"",""-81"",""-790305555555556"""
"ESP32_Ultra_04,""Estadio"",""169"",""-81"",""-790305555555556"""
"ESP32_Ultra_04,""Estadio"",""2504"",""-81"",""-790305555555556"""
"ESP32_Ultra_04,""Estadio"",""3927"",""-81"",""-790305555555556"""
"ESP32_Ultra_04,""Estadio"",""7184"",""-81"",""-790305555555556"""
"ESP32_Ultra_04,""Estadio"",""5581"",""-81"",""-790305555555556"""
"ESP32_Ultra_04,""Estadio"",""7747"",""-81"",""-790305555555556"""
"ESP32_Ultra_04,""Estadio"",""4971"",""-81"",""-790305555555556"""
"ESP32_Ultra_04,""Estadio"",""7764"",""-81"",""-790305555555556"""
"ESP32_Ultra_04,""Estadio"",""3816"",""-81"",""-790305555555556"""
"ESP32_Ultra_04,""Estadio"",""367"",""-81"",""-790305555555556"""
"ESP32_Ultra_04,""Estadio"",""5043"",""-81"",""-790305555555556"""
"ESP32_Ultra_04,""Estadio"",""5526"",""-81"",""-790305555555556"""
"ESP32_Ultra_04,""Estadio"",""7768"",""-81"",""-790305555555556"""
"ESP32_Ultra_04,""Estadio"",""194"",""-81"",""-790305555555556"""
"ESP32_Ultra_04,""Estadio"",""7547"",""-81"",""-790305555555556"""
"ESP32_Ultra_04,""Estadio"",""5471"",""-81"",""-790305555555556"""
"ESP32_Ultra_04,""Estadio"",""2153"",""-81"",""-790305555555556"""
"ESP32_Ultra_04,""Estadio"",""1567"",""-81"",""-790305555555556"""
"ESP32_Ultra_04,""Estadio"",""4341"",""-81"",""-790305555555556"""
"ESP32_Ultra_04,""Estadio"",""5752"",""-81"",""-790305555555556"""
"ESP32_Ultra_04,""Estadio"",""6867"",""-81"",""-790305555555556"""
"ESP32_Ultra_04,""Estadio"",""608"",""-81"",""-790305555555556"""
"ESP32_Ultra_04,""Estadio"",""4952"",""-81"",""-790305555555556"""
"ESP32_Ultra_04,""Estadio"",""649"",""-81"",""-790305555555556"""
"ESP32_Ultra_04,""Estadio"",""897"",""-81"",""-790305555555556"""
"ESP32_Ultra_04,""Estadio"",""2525"",""-81"",""-790305555555556"""
"ESP32_Ultra_04,""Estadio"",""7588"",""-81"",""-790305555555556"""
"ESP32_Ultra_04,""Estadio"",""2171"",""-81"",""-790305555555556"""
"ESP32_Ultra_04,""Estadio"",""7724"",""-81"",""-790305555555556"""
"ESP32_Ultra_04,""Estadio"",""1196"",""-81"",""-790305555555556"""
"ESP32_Ultra_04,""Estadio"",""1783"",""-81"",""-790305555555556"""
"ESP32_Ultra_04,""Estadio"",""275"",""-81"",""-790305555555556"""
"ESP32_Ultra_04,""Estadio"",""1393"",""-81"",""-790305555555556"""
"ESP32_Ultra_04,""Estadio"",""7805"",""-81"",""-790305555555556"""
"ESP32_Ultra_04,""Estadio"",""159"",""-81"",""-790305555555556"""
"ESP32_Ultra_04,""Estadio"",""1626"",""-81"",""-790305555555556"""
"ESP32_Ultra_04,""Estadio"",""6946"",""-81"",""-790305555555556"""
"ESP32_Ultra_04,""Estadio"",""4191"",""-81"",""-790305555555556"""
"ESP32_Ultra_04,""Estadio"",""306"",""-81"",""-790305555555556"""
"ESP32_Ultra_04,""Estadio"",""1344"",""-81"",""-790305555555556"""
"ESP32_Ultra_04,""Estadio"",""4602"",""-81"",""-790305555555556"""
"ESP32_Ultra_04,""Estadio"",""5325"",""-81"",""-790305555555556"""
"ESP32_Ultra_04,""Estadio"",""5292"",""-81"",""-790305555555556"""
"ESP32_Ultra_04,""Estadio"",""6324"",""-81"",""-790305555555556"""
"ESP32_Ultra_04,""Estadio"",""653"",""-81"",""-790305555555556"""
"ESP32_Ultra_04,""Estadio"",""1856"",""-81"",""-790305555555556"""
"ESP32_Ultra_04,""Estadio"",""693"",""-81"",""-790305555555556"""
"ESP32_Ultra_04,""Estadio"",""7489"",""-81"",""-790305555555556"""
"ESP32_Ultra_04,""Estadio"",""2696"",""-81"",""-790305555555556"""
"ESP32_Ultra_04,""Estadio"",""17"",""-81"",""-790305555555556"""
"ESP32_Ultra_04,""Estadio"",""7354"",""-81"",""-790305555555556"""
"ESP32_Ultra_04,""Estadio"",""5693"",""-81"",""-790305555555556"""
"ESP32_Ultra_04,""Estadio"",""2963"",""-81"",""-790305555555556"""
"ESP32_Ultra_04,""Estadio"",""3701"",""-81"",""-790305555555556"""
"ESP32_Ultra_04,""Estadio"",""5699"",""-81"",""-790305555555556"""
"ESP32_Ultra_04,""Estadio"",""179"",""-81"",""-790305555555556"""
"ESP32_Ultra_04,""Estadio"",""2952"",""-81"",""-790305555555556"""
"ESP32_Ultra_04,""Estadio"",""1578"",""-81"",""-790305555555556"""
"ESP32_Ultra_04,""Estadio"",""231"",""-81"",""-790305555555556"""
"ESP32_Ultra_04,""Estadio"",""138"",""-81"",""-790305555555556"""
"ESP32_Ultra_04,""Estadio"",""419"",""-81"",""-790305555555556"""
"ESP32_Ultra_04,""Estadio"",""255"",""-81"",""-790305555555556"""
"ESP32_Ultra_04,""Estadio"",""4394"",""-81"",""-790305555555556"""
"ESP32_Ultra_04,""Estadio"",""213"",""-81"",""-790305555555556"""
"ESP32_Ultra_04,""Estadio"",""5904"",""-81"",""-790305555555556"""
"ESP32_Ultra_04,""Estadio"",""3842"",""-81"",""-790305555555556"""
"ESP32_Ultra_04,""Estadio"",""2833"",""-81"",""-790305555555556"""
"ESP32_Ultra_04,""Estadio"",""1615"",""-81"",""-790305555555556"""
"ESP32_Ultra_04,""Estadio"",""6541"",""-81"",""-790305555555556"""
"ESP32_Ultra_04,""Estadio"",""1119"",""-81"",""-790305555555556"""
"ESP32_Ultra_04,""Estadio"",""811"",""-81"",""-790305555555556"""
"ESP32_Ultra_04,""Estadio"",""323"",""-81"",""-790305555555556"""
"ESP32_Ultra_04,""Estadio"",""6989"",""-81"",""-790305555555556"""
"ESP32_Ultra_04,""Estadio"",""4609"",""-81"",""-790305555555556"""
"ESP32_Ultra_04,""Estadio"",""302"",""-81"",""-790305555555556"""
"ESP32_Ultra_04,""Estadio"",""151"",""-81"",""-790305555555556"""
"ESP32_Ultra_04,""Estadio"",""507"",""-81"",""-790305555555556"""
"ESP32_Ultra_04,""Estadio"",""1651"",""-81"",""-790305555555556"""
"ESP32_Ultra_04,""Estadio"",""4139"",""-81"",""-790305555555556"""
"ESP32_Ultra_04,""Estadio"",""6528"",""-81"",""-790305555555556"""
"ESP32_Ultra_04,""Estadio"",""7005"",""-81"",""-790305555555556"""
"ESP32_Ultra_04,""Estadio"",""1278"",""-81"",""-790305555555556"""
"ESP32_Ultra_04,""Estadio"",""6329"",""-81"",""-790305555555556"""
"ESP32_Ultra_04,""Estadio"",""805"",""-81"",""-790305555555556"""
"ESP32_Ultra_04,""Estadio"",""164"",""-81"",""-790305555555556"""
"ESP32_Ultra_04,""Estadio"",""4698"",""-81"",""-790305555555556"""
"ESP32_Ultra_04,""Estadio"",""6078"",""-81"",""-790305555555556"""
"ESP32_Ultra_04,""Estadio"",""2109"",""-81"",""-790305555555556"""
"ESP32_Ultra_04,""Estadio"",""3543"",""-81"",""-790305555555556"""
"ESP32_Ultra_04,""Estadio"",""5488"",""-81"",""-790305555555556"""
"ESP32_Ultra_04,""Estadio"",""2365"",""-81"",""-790305555555556"""
"ESP32_Ultra_04,""Estadio"",""4022"",""-81"",""-790305555555556"""
"ESP32_Ultra_04,""Estadio"",""3584"",""-81"",""-790305555555556"""
"ESP32_Ultra_04,""Estadio"",""1576"",""-81"",""-790305555555556"""
"ESP32_Ultra_04,""Estadio"",""7161"",""-81"",""-790305555555556"""
"ESP32_Ultra_04,""Estadio"",""95"",""-81"",""-790305555555556"""
"ESP32_Ultra_04,""Estadio"",""170"",""-81"",""-790305555555556"""
"ESP32_Ultra_04,""Estadio"",""6705"",""-81"",""-790305555555556"""
"ESP32_Ultra_04,""Estadio"",""4653"",""-120452777777778"",""-770308333333333"""
"ESP32_Ultra_04,""Estadio"",""1234"",""-120452777777778"",""-770308333333333"""
"ESP32_Ultra_04,""Estadio"",""5447"",""-120452777777778"",""-770308333333333"""
"ESP32_Ultra_04,""Estadio"",""3701"",""-120452777777778"",""-770308333333333"""
"ESP32_Ultra_04,""Estadio"",""229"",""-120452777777778"",""-770308333333333"""
"ESP32_Ultra_04,""Estadio"",""888"",""-120452777777778"",""-770308333333333"""
"ESP32_Ultra_04,""Estadio"",""7314"",""-120452777777778"",""-770308333333333"""
"ESP32_Ultra_04,""Estadio"",""7421"",""-120452777777778"",""-770308333333333"""
"ESP32_Ultra_04,""Estadio"",""1955"",""-120452777777778"",""-770308333333333"""
"ESP32_Ultra_04,""Estadio"",""418"",""-120452777777778"",""-770308333333333"""
"ESP32_Ultra_04,""Estadio"",""4542"",""-120452777777778"",""-770308333333333"""
"ESP32_Ultra_04,""Estadio"",""3076"",""-120452777777778"",""-770308333333333"""
"ESP32_Ultra_04,""Estadio"",""601"",""-120452777777778"",""-770308333333333"""
"ESP32_Ultra_04,""Estadio"",""104"",""-120452777777778"",""-770308333333333"""
"ESP32_Ultra_04,""Estadio"",""289"",""-120452777777778"",""-770308333333333"""
"ESP32_Ultra_04,""Estadio"",""562"",""-120452777777778"",""-770308333333333"""
"ESP32_Ultra_04,""Estadio"",""4366"",""-120452777777778"",""-770308333333333"""
"ESP32_Ultra_04,""Estadio"",""2417"",""-120452777777778"",""-770308333333333"""
"ESP32_Ultra_04,""Estadio"",""1277"",""-120452777777778"",""-770308333333333"""
"ESP32_Ultra_04,""Estadio"",""766"",""-120452777777778"",""-770308333333333"""
"ESP32_Ultra_04,""Estadio"",""2522"",""-120452777777778"",""-770308333333333"""
"ESP32_Ultra_04,""Estadio"",""4909"",""-120452777777778"",""-770308333333333"""
"ESP32_Ultra_04,""Estadio"",""1074"",""-120452777777778"",""-770308333333333"""
"ESP32_Ultra_04,""Estadio"",""957"",""-120452777777778"",""-770308333333333"""
"ESP32_Ultra_04,""Estadio"",""3296"",""-120452777777778"",""-770308333333333"""
"ESP32_Ultra_04,""Estadio"",""1535"",""-120452777777778"",""-770308333333333"""
"ESP32_Ultra_04,""Estadio"",""2821"",""-120452777777778"",""-770308333333333"""
"ESP32_Ultra_04,""Estadio"",""2894"",""-120452777777778"",""-770308333333333"""
"ESP32_Ultra_04,""Estadio"",""6921"",""-120452777777778"",""-770308333333333"""
"ESP32_Ultra_04,""Estadio"",""2503"",""-120452777777778"",""-770308333333333"""
"ESP32_Ultra_04,""Estadio"",""231"",""-120452777777778"",""-770308333333333"""
"ESP32_Ultra_04,""Estadio"",""7186"",""-120452777777778"",""-770308333333333"""
"ESP32_Ultra_04,""Estadio"",""6397"",""-120452777777778"",""-770308333333333"""
"ESP32_Ultra_04,""Estadio"",""1596"",""-120452777777778"",""-770308333333333"""
"ESP32_Ultra_04,""Estadio"",""4601"",""-120452777777778"",""-770308333333333"""
"ESP32_Ultra_04,""Estadio"",""5324"",""-120452777777778"",""-770308333333333"""
"ESP32_Ultra_04,""Estadio"",""7443"",""-120452777777778"",""-770308333333333"""
"ESP32_Ultra_04,""Estadio"",""3742"",""-120452777777778"",""-770308333333333"""
"ESP32_Ultra_04,""Estadio"",""4929"",""-120452777777778"",""-770308333333333"""
"ESP32_Ultra_04,""Estadio"",""87"",""-120452777777778"",""-770308333333333"""
"ESP32_Ultra_04,""Estadio"",""7211"",""-120452777777778"",""-770308333333333"""
"ESP32_Ultra_04,""Estadio"",""3268"",""-120452777777778"",""-770308333333333"""
"ESP32_Ultra_04,""Estadio"",""556"",""-120452777777778"",""-770308333333333"""
"ESP32_Ultra_04,""Estadio"",""1311"",""-120452777777778"",""-770308333333333"""
"ESP32_Ultra_04,""Estadio"",""3627"",""-120452777777778"",""-770308333333333"""
"ESP32_Ultra_04,""Estadio"",""18"",""-120452777777778"",""-770308333333333"""
"ESP32_Ultra_04,""Estadio"",""2799"",""-120452777777778"",""-770308333333333"""
"ESP32_Ultra_04,""Estadio"",""6808"",""-120452777777778"",""-770308333333333"""
"ESP32_Ultra_04,""Estadio"",""1222"",""-120452777777778"",""-770308333333333"""
"ESP32_Ultra_04,""Estadio"",""3264"",""-120452777777778"",""-770308333333333"""
"ESP32_Ultra_04,""Estadio"",""600"",""-120452777777778"",""-770308333333333"""
"ESP32_Ultra_04,""Estadio"",""2172"",""-120452777777778"",""-770308333333333"""
"ESP32_Ultra_04,""Estadio"",""1826"",""-120452777777778"",""-770308333333333"""
"ESP32_Ultra_04,""Estadio"",""177"",""-120452777777778"",""-770308333333333"""
"ESP32_Ultra_04,""Estadio"",""3489"",""-120452777777778"",""-770308333333333"""
"ESP32_Ultra_04,""Estadio"",""1524"",""-120452777777778"",""-770308333333333"""
"ESP32_Ultra_04,""Estadio"",""874"",""-120452777777778"",""-770308333333333"""
"ESP32_Ultra_04,""Estadio"",""7948"",""-120452777777778"",""-770308333333333"""
"ESP32_Ultra_04,""Estadio"",""4959"",""-120452777777778"",""-770308333333333"""
"ESP32_Ultra_04,""Estadio"",""3507"",""-120452777777778"",""-770308333333333"""
"ESP32_Ultra_04,""Estadio"",""3069"",""-120452777777778"",""-770308333333333"""
"ESP32_Ultra_04,""Estadio"",""3448"",""-120452777777778"",""-770308333333333"""
"ESP32_Ultra_04,""Estadio"",""6735"",""-120452777777778"",""-770308333333333"""
"ESP32_Ultra_04,""Estadio"",""7898"",""-120452777777778"",""-770308333333333"""
"ESP32_Ultra_04,""Estadio"",""5874"",""-120452777777778"",""-770308333333333"""
"ESP32_Ultra_04,""Estadio"",""7585"",""-120452777777778"",""-770308333333333"""
"ESP32_Ultra_04,""Estadio"",""2971"",""-120452777777778"",""-770308333333333"""
"ESP32_Ultra_04,""Estadio"",""3933"",""-120452777777778"",""-770308333333333"""
"ESP32_Ultra_04,""Estadio"",""3923"",""-120452777777778"",""-770308333333333"""
"ESP32_Ultra_04,""Estadio"",""406"",""-120452777777778"",""-770308333333333"""
"ESP32_Ultra_04,""Estadio"",""8043"",""-120452777777778"",""-770308333333333"""
"ESP32_Ultra_04,""Estadio"",""428"",""-120452777777778"",""-770308333333333"""
"ESP32_Ultra_04,""Estadio"",""1778"",""-120452777777778"",""-770308333333333"""
"ESP32_Ultra_04,""Estadio"",""4256"",""-120452777777778"",""-770308333333333"""
"ESP32_Ultra_04,""Estadio"",""6659"",""-120452777777778"",""-770308333333333"""
"ESP32_Ultra_04,""Estadio"",""6092"",""-120452777777778"",""-770308333333333"""
"ESP32_Ultra_04,""Estadio"",""7759"",""-120452777777778"",""-770308333333333"""
"ESP32_Ultra_04,""Estadio"",""5779"",""-120452777777778"",""-770308333333333"""
"ESP32_Ultra_04,""Estadio"",""1892"",""-120452777777778"",""-770308333333333"""
"ESP32_Ultra_04,""Estadio"",""3634"",""-120452777777778"",""-770308333333333"""
"ESP32_Ultra_04,""Estadio"",""6041"",""-120452777777778"",""-770308333333333"""
"ESP32_Ultra_04,""Estadio"",""6733"",""-120452777777778"",""-770308333333333"""
"ESP32_Ultra_04,""Estadio"",""7342"",""-120452777777778"",""-770308333333333"""
"ESP32_Ultra_04,""Estadio"",""6484"",""-120452777777778"",""-770308333333333"""
"ESP32_Ultra_04,""Estadio"",""2265"",""-120452777777778"",""-770308333333333"""
"ESP32_Ultra_04,""Estadio"",""2077"",""-120452777777778"",""-770308333333333"""
"ESP32_Ultra_04,""Estadio"",""459"",""-120452777777778"",""-770308333333333"""
"ESP32_Ultra_04,""Estadio"",""1902"",""-120452777777778"",""-770308333333333"""
"ESP32_Ultra_04,""Estadio"",""3746"",""-120452777777778"",""-770308333333333"""
"ESP32_Ultra_04,""Estadio"",""1528"",""-120452777777778"",""-770308333333333"""
"ESP32_Ultra_04,""Estadio"",""686"",""-120452777777778"",""-770308333333333"""
"ESP32_Ultra_04,""Estadio"",""4265"",""-120452777777778"",""-770308333333333"""
"ESP32_Ultra_04,""Estadio"",""6837"",""-120452777777778"",""-770308333333333"""
"ESP32_Ultra_04,""Estadio"",""7992"",""-120452777777778"",""-770308333333333"""
"ESP32_Ultra_04,""Estadio"",""249"",""-120452777777778"",""-770308333333333"""
"ESP32_Ultra_04,""Estadio"",""2229"",""-120452777777778"",""-770308333333333"""
"ESP32_Ultra_04,""Estadio"",""435"",""-120452777777778"",""-770308333333333"""
"ESP32_Ultra_04,""Estadio"",""2035"",""-120452777777778"",""-770308333333333"""
"ESP32_Ultra_04,""Estadio"",""2303"",""-120452777777778"",""-770308333333333"""
"ESP32_Ultra_04,""Estadio"",""381"",""-120452777777778"",""-770308333333333"""
"ESP32_Ultra_04,""Estadio"",""2346"",""-120452777777778"",""-770308333333333"""
"ESP32_Ultra_04,""Estadio"",""4629"",""-120452777777778"",""-770308333333333"""
"ESP32_Ultra_04,""Estadio"",""3415"",""-120452777777778"",""-770308333333333"""
"ESP32_Ultra_04,""Estadio"",""6687"",""-120452777777778"",""-770308333333333"""
"ESP32_Ultra_04,""Estadio"",""5117"",""-120452777777778"",""-770308333333333"""
"ESP32_Ultra_04,""Estadio"",""3214"",""-120452777777778"",""-770308333333333"""
"ESP32_Ultra_04,""Estadio"",""464"",""-120452777777778"",""-770308333333333"""
"ESP32_Ultra_04,""Estadio"",""159"",""-120452777777778"",""-770308333333333"""
"ESP32_Ultra_04,""Estadio"",""5934"",""-120452777777778"",""-770308333333333"""
"ESP32_Ultra_04,""Estadio"",""2555"",""-120452777777778"",""-770308333333333"""
"ESP32_Ultra_04,""Estadio"",""3029"",""-120452777777778"",""-770308333333333"""
"ESP32_Ultra_04,""Estadio"",""1315"",""-120452777777778"",""-770308333333333"""
"ESP32_Ultra_04,""Estadio"",""7071"",""-120452777777778"",""-770308333333333"""
"ESP32_Ultra_04,""Estadio"",""5415"",""-120452777777778"",""-770308333333333"""
"ESP32_Ultra_04,""Estadio"",""3604"",""-120452777777778"",""-770308333333333"""
"ESP32_Ultra_04,""Estadio"",""7479"",""-120452777777778"",""-770308333333333"""
"ESP32_Ultra_04,""Estadio"",""7163"",""-120452777777778"",""-770308333333333"""
"ESP32_Ultra_04,""Estadio"",""4281"",""-120452777777778"",""-770308333333333"""
"ESP32_Ultra_04,""Estadio"",""4521"",""-120452777777778"",""-770308333333333"""
"ESP32_Ultra_04,""Estadio"",""6651"",""-120452777777778"",""-770308333333333"""
"ESP32_Ultra_04,""Estadio"",""4933"",""-120452777777778"",""-770308333333333"""
"ESP32_Ultra_04,""Estadio"",""449"",""-120452777777778"",""-770308333333333"""
"ESP32_Ultra_04,""Estadio"",""2851"",""-120452777777778"",""-770308333333333"""
"ESP32_Ultra_04,""Estadio"",""242"",""-120452777777778"",""-770308333333333"""
"ESP32_Ultra_04,""Estadio"",""2043"",""-120452777777778"",""-770308333333333"""
"ESP32_Ultra_04,""Estadio"",""777"",""-120452777777778"",""-770308333333333"""
"ESP32_Ultra_04,""Estadio"",""4194"",""-120452777777778"",""-770308333333333"""
"ESP32_Ultra_04,""Estadio"",""474"",""-120452777777778"",""-770308333333333"""
"ESP32_Ultra_04,""Estadio"",""5115"",""-120452777777778"",""-770308333333333"""
"ESP32_Ultra_04,""Estadio"",""2936"",""-120452777777778"",""-770308333333333"""
"ESP32_Ultra_04,""Estadio"",""5535"",""-120452777777778"",""-770308333333333"""
"ESP32_Ultra_04,""Estadio"",""626"",""-120452777777778"",""-770308333333333"""
"ESP32_Ultra_04,""Estadio"",""3423"",""-120452777777778"",""-770308333333333"""
"ESP32_Ultra_04,""Estadio"",""4307"",""-120452777777778"",""-770308333333333"""
"ESP32_Ultra_04,""Estadio"",""2652"",""-120452777777778"",""-770308333333333"""
"ESP32_Ultra_04,""Estadio"",""951"",""-120452777777778"",""-770308333333333"""
"ESP32_Ultra_04,""Estadio"",""4821"",""-120452777777778"",""-770308333333333"""
"ESP32_Ultra_04,""Estadio"",""5571"",""-120452777777778"",""-770308333333333"""
"ESP32_Ultra_04,""Estadio"",""4808"",""-120452777777778"",""-770308333333333"""
"ESP32_Ultra_04,""Estadio"",""2587"",""-120452777777778"",""-770308333333333"""
"ESP32_Ultra_04,""Estadio"",""4495"",""-120452777777778"",""-770308333333333"""
"ESP32_Ultra_04,""Estadio"",""4607"",""-120452777777778"",""-770308333333333"""
"ESP32_Ultra_04,""Estadio"",""5341"",""-120452777777778"",""-770308333333333"""
"ESP32_Ultra_04,""Estadio"",""1794"",""-120452777777778"",""-770308333333333"""
"ESP32_Ultra_04,""Estadio"",""7925"",""-120452777777778"",""-770308333333333"""
"ESP32_Ultra_04,""Estadio"",""902"",""-120452777777778"",""-770308333333333"""
"ESP32_Ultra_04,""Estadio"",""4069"",""-120452777777778"",""-770308333333333"""
"ESP32_Ultra_04,""Estadio"",""1329"",""-120452777777778"",""-770308333333333"""
"ESP32_Ultra_04,""Estadio"",""3717"",""-120452777777778"",""-770308333333333"""
"ESP32_Ultra_04,""Estadio"",""5161"",""-120452777777778"",""-770308333333333"""
"ESP32_Ultra_04,""Estadio"",""1391"",""-120452777777778"",""-770308333333333"""
"ESP32_Ultra_04,""Estadio"",""5486"",""-120452777777778"",""-770308333333333"""
"ESP32_Ultra_04,""Estadio"",""2277"",""-120452777777778"",""-770308333333333"""
"ESP32_Ultra_04,""Estadio"",""2295"",""-120452777777778"",""-770308333333333"""
"ESP32_Ultra_04,""Estadio"",""58"",""-120452777777778"",""-770308333333333"""
"ESP32_Ultra_04,""Estadio"",""762"",""-120452777777778"",""-770308333333333"""
"ESP32_Ultra_04,""Estadio"",""7446"",""-120452777777778"",""-770308333333333"""
"ESP32_Ultra_04,""Estadio"",""251"",""-120452777777778"",""-770308333333333"""
"ESP32_Ultra_04,""Estadio"",""1035"",""-120452777777778"",""-770308333333333"""
"ESP32_Ultra_04,""Estadio"",""4553"",""-120452777777778"",""-770308333333333"""
"ESP32_Ultra_04,""Estadio"",""2874"",""-120452777777778"",""-770308333333333"""
"ESP32_Ultra_04,""Estadio"",""4899"",""-120452777777778"",""-770308333333333"""
"ESP32_Ultra_04,""Estadio"",""69"",""-120452777777778"",""-770308333333333"""
"ESP32_Ultra_04,""Estadio"",""808"",""-120452777777778"",""-770308333333333"""
"ESP32_Ultra_04,""Estadio"",""7121"",""-120452777777778"",""-770308333333333"""
"ESP32_Ultra_04,""Estadio"",""6668"",""-120452777777778"",""-770308333333333"""
"ESP32_Ultra_04,""Estadio"",""4603"",""-120452777777778"",""-770308333333333"""
"ESP32_Ultra_04,""Estadio"",""4564"",""-120452777777778"",""-770308333333333"""
"ESP32_Ultra_04,""Estadio"",""14"",""-120452777777778"",""-770308333333333"""
"ESP32_Ultra_04,""Estadio"",""4529"",""-120452777777778"",""-770308333333333"""
"ESP32_Ultra_04,""Estadio"",""5447"",""-120452777777778"",""-770308333333333"""
"ESP32_Ultra_04,""Estadio"",""4588"",""-120452777777778"",""-770308333333333"""
"ESP32_Ultra_04,""Estadio"",""7175"",""-120452777777778"",""-770308333333333"""
"ESP32_Ultra_04,""Estadio"",""316"",""-120452777777778"",""-770308333333333"""
"ESP32_Ultra_04,""Estadio"",""43"",""-120452777777778"",""-770308333333333"""
"ESP32_Ultra_04,""Estadio"",""7105"",""-120452777777778"",""-770308333333333"""
"ESP32_Ultra_04,""Estadio"",""2587"",""-120452777777778"",""-770308333333333"""
"ESP32_Ultra_04,""Estadio"",""1716"",""-120452777777778"",""-770308333333333"""
"ESP32_Ultra_04,""Estadio"",""244"",""-120452777777778"",""-770308333333333"""
"ESP32_Ultra_04,""Estadio"",""1767"",""-120452777777778"",""-770308333333333"""
"ESP32_Ultra_04,""Estadio"",""261"",""-120452777777778"",""-770308333333333"""
"ESP32_Ultra_04,""Estadio"",""5749"",""-120452777777778"",""-770308333333333"""
"ESP32_Ultra_04,""Estadio"",""769"",""-120452777777778"",""-770308333333333"""
"ESP32_Ultra_04,""Estadio"",""3866"",""-120452777777778"",""-770308333333333"""
"ESP32_Ultra_04,""Estadio"",""345"",""-120452777777778"",""-770308333333333"""
"ESP32_Ultra_04,""Estadio"",""5507"",""-120452777777778"",""-770308333333333"""
"ESP32_Ultra_04,""Estadio"",""2878"",""-120452777777778"",""-770308333333333"""
"ESP32_Ultra_04,""Estadio"",""7476"",""-120452777777778"",""-770308333333333"""
"ESP32_Ultra_04,""Estadio"",""1773"",""-120452777777778"",""-770308333333333"""
"ESP32_Ultra_04,""Estadio"",""4584"",""-120452777777778"",""-770308333333333"""
"ESP32_Ultra_04,""Estadio"",""4397"",""-120452777777778"",""-770308333333333"""
"ESP32_Ultra_04,""Estadio"",""806"",""-120452777777778"",""-770308333333333"""
"ESP32_Ultra_04,""Estadio"",""7928"",""-120452777777778"",""-770308333333333"""
"ESP32_Ultra_04,""Estadio"",""2045"",""-120452777777778"",""-770308333333333"""
"ESP32_Ultra_04,""Estadio"",""2233"",""-120452777777778"",""-770308333333333"""
"ESP32_Ultra_04,""Estadio"",""5593"",""-120452777777778"",""-770308333333333"""
"ESP32_Ultra_04,""Estadio"",""3279"",""-120452777777778"",""-770308333333333"""
"ESP32_Ultra_04,""Estadio"",""5211"",""-120452777777778"",""-770308333333333"""
"ESP32_Ultra_04,""Estadio"",""2104"",""-120452777777778"",""-770308333333333"""
"ESP32_Ultra_04,""Estadio"",""3341"",""-120452777777778"",""-770308333333333"""
"ESP32_Ultra_04,""Estadio"",""5576"",""-120452777777778"",""-770308333333333"""
"ESP32_Ultra_04,""Estadio"",""1568"",""-120452777777778"",""-770308333333333"""
"ESP32_Ultra_04,""Estadio"",""232"",""-120452777777778"",""-770308333333333"""
"ESP32_Ultra_04,""Estadio"",""7371"",""-120452777777778"",""-770308333333333"""
"ESP32_Ultra_04,""Estadio"",""1845"",""-120452777777778"",""-770308333333333"""
"ESP32_Ultra_04,""Estadio"",""8044"",""-120452777777778"",""-770308333333333"""
"ESP32_Ultra_04,""Estadio"",""494"",""-120452777777778"",""-770308333333333"""
"ESP32_Ultra_04,""Estadio"",""534"",""-120452777777778"",""-770308333333333"""
"ESP32_Ultra_04,""Estadio"",""7233"",""-120452777777778"",""-770308333333333"""
"ESP32_Ultra_04,""Estadio"",""5632"",""-120452777777778"",""-770308333333333"""
"ESP32_Ultra_04,""Estadio"",""7709"",""-120452777777778"",""-770308333333333"""
"ESP32_Ultra_04,""Estadio"",""2622"",""-120452777777778"",""-770308333333333"""
"ESP32_Ultra_04,""Estadio"",""3995"",""-120452777777778"",""-770308333333333"""
"ESP32_Ultra_04,""Estadio"",""6031"",""-120452777777778"",""-770308333333333"""
"ESP32_Ultra_04,""Estadio"",""1221"",""-120452777777778"",""-770308333333333"""
"ESP32_Ultra_04,""Estadio"",""2008"",""-120452777777778"",""-770308333333333"""
"ESP32_Ultra_04,""Estadio"",""358"",""-120452777777778"",""-770308333333333"""
"ESP32_Ultra_04,""Estadio"",""7852"",""-120452777777778"",""-770308333333333"""
"ESP32_Ultra_04,""Estadio"",""5188"",""-120452777777778"",""-770308333333333"""
"ESP32_Ultra_04,""Estadio"",""642"",""-120452777777778"",""-770308333333333"""
"ESP32_Ultra_04,""Estadio"",""2045"",""-120452777777778"",""-770308333333333"""
"ESP32_Ultra_04,""Estadio"",""701"",""-120452777777778"",""-770308333333333"""
"ESP32_Ultra_04,""Estadio"",""2353"",""-120452777777778"",""-770308333333333"""
"ESP32_Ultra_04,""Estadio"",""6303"",""-120452777777778"",""-770308333333333"""
"ESP32_Ultra_04,""Estadio"",""5506"",""-120452777777778"",""-770308333333333"""
"ESP32_Ultra_04,""Estadio"",""1204"",""-120452777777778"",""-770308333333333"""
"ESP32_Ultra_04,""Estadio"",""4498"",""-120452777777778"",""-770308333333333"""
"ESP32_Ultra_04,""Estadio"",""3679"",""-120452777777778"",""-770308333333333"""
"ESP32_Ultra_04,""Estadio"",""1375"",""-120452777777778"",""-770308333333333"""
"ESP32_Ultra_04,""Estadio"",""515"",""-120452777777778"",""-770308333333333"""
"ESP32_Ultra_04,""Estadio"",""1166"",""-120452777777778"",""-770308333333333"""
"ESP32_Ultra_04,""Estadio"",""5208"",""-120452777777778"",""-770308333333333"""
"ESP32_Ultra_04,""Estadio"",""5143"",""-120452777777778"",""-770308333333333"""
"ESP32_Ultra_04,""Estadio"",""6615"",""-120452777777778"",""-770308333333333"""
"ESP32_Ultra_04,""Estadio"",""5443"",""-120452777777778"",""-770308333333333"""
"ESP32_Ultra_04,""Estadio"",""7456"",""-120452777777778"",""-770308333333333"""
"ESP32_Ultra_04,""Estadio"",""5071"",""-120452777777778"",""-770308333333333"""
"ESP32_Ultra_04,""Estadio"",""5114"",""-120452777777778"",""-770308333333333"""
"ESP32_Ultra_04,""Estadio"",""6908"",""-120452777777778"",""-770308333333333"""
"ESP32_Ultra_04,""Estadio"",""5021"",""-120452777777778"",""-770308333333333"""
"ESP32_Ultra_04,""Estadio"",""2416"",""-120452777777778"",""-770308333333333"""
"ESP32_Ultra_04,""Estadio"",""4185"",""-120452777777778"",""-770308333333333"""
"ESP32_Ultra_04,""Estadio"",""6788"",""-120452777777778"",""-770308333333333"""
"ESP32_Ultra_04,""Estadio"",""5363"",""-120452777777778"",""-770308333333333"""
"ESP32_Ultra_04,""Estadio"",""3188"",""-120452777777778"",""-770308333333333"""
"ESP32_Ultra_04,""Estadio"",""146"",""-120452777777778"",""-770308333333333"""
"ESP32_Ultra_04,""Estadio"",""5491"",""-120452777777778"",""-770308333333333"""
"ESP32_Ultra_04,""Estadio"",""3491"",""-120452777777778"",""-770308333333333"""
"ESP32_Ultra_04,""Estadio"",""352"",""-120452777777778"",""-770308333333333"""
"ESP32_Ultra_04,""Estadio"",""3609"",""-120452777777778"",""-770308333333333"""
"ESP32_Ultra_04,""Estadio"",""286"",""-120452777777778"",""-770308333333333"""
"ESP32_Ultra_04,""Estadio"",""3577"",""-120452777777778"",""-770308333333333"""
"ESP32_Ultra_04,""Estadio"",""3401"",""-120452777777778"",""-770308333333333"""
"ESP32_Ultra_04,""Estadio"",""5268"",""-120452777777778"",""-770308333333333"""
"ESP32_Ultra_04,""Estadio"",""165"",""-120452777777778"",""-770308333333333"""
"ESP32_Ultra_04,""Estadio"",""1002"",""-120452777777778"",""-770308333333333"""
"ESP32_Ultra_04,""Estadio"",""7415"",""-120452777777778"",""-770308333333333"""
"ESP32_Ultra_04,""Estadio"",""4779"",""-120452777777778"",""-770308333333333"""
"ESP32_Ultra_04,""Estadio"",""195"",""-120452777777778"",""-770308333333333"""
"ESP32_Ultra_04,""Estadio"",""4662"",""-120452777777778"",""-770308333333333"""
"ESP32_Ultra_04,""Estadio"",""517"",""-120452777777778"",""-770308333333333"""
"ESP32_Ultra_04,""Estadio"",""1737"",""-120452777777778"",""-770308333333333"""
"ESP32_Ultra_04,""Estadio"",""7388"",""-120452777777778"",""-770308333333333"""
"ESP32_Ultra_04,""Estadio"",""904"",""-120452777777778"",""-770308333333333"""
"ESP32_Ultra_04,""Estadio"",""92"",""-120452777777778"",""-770308333333333"""
"ESP32_Ultra_04,""Estadio"",""6204"",""-120452777777778"",""-770308333333333"""
"ESP32_Ultra_05,""Cine"",""2418"",""-135213888888889"",""-719666666666667"""
"ESP32_Ultra_05,""Cine"",""7361"",""-135213888888889"",""-719666666666667"""
"ESP32_Ultra_05,""Cine"",""2763"",""-135213888888889"",""-719666666666667"""
"ESP32_Ultra_05,""Cine"",""427"",""-135213888888889"",""-719666666666667"""
"ESP32_Ultra_05,""Cine"",""7865"",""-135213888888889"",""-719666666666667"""
"ESP32_Ultra_05,""Cine"",""4111"",""-135213888888889"",""-719666666666667"""
"ESP32_Ultra_05,""Cine"",""1267"",""-135213888888889"",""-719666666666667"""
"ESP32_Ultra_05,""Cine"",""231"",""-135213888888889"",""-719666666666667"""
"ESP32_Ultra_05,""Cine"",""195"",""-135213888888889"",""-719666666666667"""
"ESP32_Ultra_05,""Cine"",""3738"",""-135213888888889"",""-719666666666667"""
"ESP32_Ultra_05,""Cine"",""5217"",""-135213888888889"",""-719666666666667"""
"ESP32_Ultra_05,""Cine"",""7581"",""-135213888888889"",""-719666666666667"""
"ESP32_Ultra_05,""Cine"",""361"",""-135213888888889"",""-719666666666667"""
"ESP32_Ultra_05,""Cine"",""3175"",""-135213888888889"",""-719666666666667"""
"ESP32_Ultra_05,""Cine"",""1357"",""-135213888888889"",""-719666666666667"""
"ESP32_Ultra_05,""Cine"",""5975"",""-135213888888889"",""-719666666666667"""
"ESP32_Ultra_05,""Cine"",""1659"",""-135213888888889"",""-719666666666667"""
"ESP32_Ultra_05,""Cine"",""2626"",""-135213888888889"",""-719666666666667"""
"ESP32_Ultra_05,""Cine"",""6794"",""-135213888888889"",""-719666666666667"""
"ESP32_Ultra_05,""Cine"",""4058"",""-135213888888889"",""-719666666666667"""
"ESP32_Ultra_05,""Cine"",""1043"",""-135213888888889"",""-719666666666667"""
"ESP32_Ultra_05,""Cine"",""5294"",""-135213888888889"",""-719666666666667"""
"ESP32_Ultra_05,""Cine"",""991"",""-135213888888889"",""-719666666666667"""
"ESP32_Ultra_05,""Cine"",""5328"",""-135213888888889"",""-719666666666667"""
"ESP32_Ultra_05,""Cine"",""2506"",""-135213888888889"",""-719666666666667"""
"ESP32_Ultra_05,""Cine"",""369"",""-135213888888889"",""-719666666666667"""
"ESP32_Ultra_05,""Cine"",""1002"",""-135213888888889"",""-719666666666667"""
"ESP32_Ultra_05,""Cine"",""5063"",""-135213888888889"",""-719666666666667"""
"ESP32_Ultra_05,""Cine"",""4988"",""-135213888888889"",""-719666666666667"""
"ESP32_Ultra_05,""Cine"",""4532"",""-135213888888889"",""-719666666666667"""
"ESP32_Ultra_05,""Cine"",""3277"",""-135213888888889"",""-719666666666667"""
"ESP32_Ultra_05,""Cine"",""5521"",""-135213888888889"",""-719666666666667"""
"ESP32_Ultra_05,""Cine"",""48"",""-135213888888889"",""-719666666666667"""
"ESP32_Ultra_05,""Cine"",""3957"",""-135213888888889"",""-719666666666667"""
"ESP32_Ultra_05,""Cine"",""5321"",""-135213888888889"",""-719666666666667"""
"ESP32_Ultra_05,""Cine"",""4342"",""-135213888888889"",""-719666666666667"""
"ESP32_Ultra_05,""Cine"",""4396"",""-135213888888889"",""-719666666666667"""
"ESP32_Ultra_05,""Cine"",""441"",""-135213888888889"",""-719666666666667"""
"ESP32_Ultra_05,""Cine"",""3704"",""-135213888888889"",""-719666666666667"""
"ESP32_Ultra_05,""Cine"",""7233"",""-135213888888889"",""-719666666666667"""
"ESP32_Ultra_05,""Cine"",""6094"",""-135213888888889"",""-719666666666667"""
"ESP32_Ultra_05,""Cine"",""8025"",""-135213888888889"",""-719666666666667"""
"ESP32_Ultra_05,""Cine"",""4355"",""-135213888888889"",""-719666666666667"""
"ESP32_Ultra_05,""Cine"",""7126"",""-135213888888889"",""-719666666666667"""
"ESP32_Ultra_05,""Cine"",""886"",""-135213888888889"",""-719666666666667"""
"ESP32_Ultra_05,""Cine"",""1344"",""-135213888888889"",""-719666666666667"""
"ESP32_Ultra_05,""Cine"",""2629"",""-135213888888889"",""-719666666666667"""
"ESP32_Ultra_05,""Cine"",""1361"",""-135213888888889"",""-719666666666667"""
"ESP32_Ultra_05,""Cine"",""4383"",""-135213888888889"",""-719666666666667"""
"ESP32_Ultra_05,""Cine"",""7682"",""-135213888888889"",""-719666666666667"""
"ESP32_Ultra_05,""Cine"",""1703"",""-135213888888889"",""-719666666666667"""
"ESP32_Ultra_05,""Cine"",""2229"",""-135213888888889"",""-719666666666667"""
"ESP32_Ultra_05,""Cine"",""3547"",""-135213888888889"",""-719666666666667"""
"ESP32_Ultra_05,""Cine"",""1801"",""-135213888888889"",""-719666666666667"""
"ESP32_Ultra_05,""Cine"",""7432"",""-135213888888889"",""-719666666666667"""
"ESP32_Ultra_05,""Cine"",""6902"",""-135213888888889"",""-719666666666667"""
"ESP32_Ultra_05,""Cine"",""6882"",""-135213888888889"",""-719666666666667"""
"ESP32_Ultra_05,""Cine"",""1934"",""-135213888888889"",""-719666666666667"""
"ESP32_Ultra_05,""Cine"",""2896"",""-135213888888889"",""-719666666666667"""
"ESP32_Ultra_05,""Cine"",""7015"",""-135213888888889"",""-719666666666667"""
"ESP32_Ultra_05,""Cine"",""366"",""-135213888888889"",""-719666666666667"""
"ESP32_Ultra_05,""Cine"",""4984"",""-135213888888889"",""-719666666666667"""
"ESP32_Ultra_05,""Cine"",""6146"",""-135213888888889"",""-719666666666667"""
"ESP32_Ultra_05,""Cine"",""5051"",""-135213888888889"",""-719666666666667"""
"ESP32_Ultra_05,""Cine"",""6397"",""-135213888888889"",""-719666666666667"""
"ESP32_Ultra_05,""Cine"",""7587"",""-135213888888889"",""-719666666666667"""
"ESP32_Ultra_05,""Cine"",""4954"",""-135213888888889"",""-719666666666667"""
"ESP32_Ultra_05,""Cine"",""325"",""-135213888888889"",""-719666666666667"""
"ESP32_Ultra_05,""Cine"",""3508"",""-135213888888889"",""-719666666666667"""
"ESP32_Ultra_05,""Cine"",""7129"",""-135213888888889"",""-719666666666667"""
"ESP32_Ultra_05,""Cine"",""2275"",""-135213888888889"",""-719666666666667"""
"ESP32_Ultra_05,""Cine"",""728"",""-135213888888889"",""-719666666666667"""
"ESP32_Ultra_05,""Cine"",""1619"",""-135213888888889"",""-719666666666667"""
"ESP32_Ultra_05,""Cine"",""6923"",""-135213888888889"",""-719666666666667"""
"ESP32_Ultra_05,""Cine"",""7544"",""-135213888888889"",""-719666666666667"""
"ESP32_Ultra_05,""Cine"",""1107"",""-135213888888889"",""-719666666666667"""
"ESP32_Ultra_05,""Cine"",""785"",""-135213888888889"",""-719666666666667"""
"ESP32_Ultra_05,""Cine"",""1498"",""-135213888888889"",""-719666666666667"""
"ESP32_Ultra_05,""Cine"",""5428"",""-135213888888889"",""-719666666666667"""
"ESP32_Ultra_05,""Cine"",""2919"",""-135213888888889"",""-719666666666667"""
"ESP32_Ultra_05,""Cine"",""7187"",""-135213888888889"",""-719666666666667"""
"ESP32_Ultra_05,""Cine"",""4759"",""-135213888888889"",""-719666666666667"""
"ESP32_Ultra_05,""Cine"",""339"",""-135213888888889"",""-719666666666667"""
"ESP32_Ultra_05,""Cine"",""1458"",""-135213888888889"",""-719666666666667"""
"ESP32_Ultra_05,""Cine"",""5203"",""-135213888888889"",""-719666666666667"""
"ESP32_Ultra_05,""Cine"",""2921"",""-135213888888889"",""-719666666666667"""
"ESP32_Ultra_05,""Cine"",""1847"",""-135213888888889"",""-719666666666667"""
"ESP32_Ultra_05,""Cine"",""5634"",""-135213888888889"",""-719666666666667"""
"ESP32_Ultra_05,""Cine"",""6392"",""-135213888888889"",""-719666666666667"""
"ESP32_Ultra_05,""Cine"",""3571"",""-135213888888889"",""-719666666666667"""
"ESP32_Ultra_05,""Cine"",""318"",""-135213888888889"",""-719666666666667"""
"ESP32_Ultra_05,""Cine"",""7542"",""-135213888888889"",""-719666666666667"""
"ESP32_Ultra_05,""Cine"",""8067"",""-135213888888889"",""-719666666666667"""
"ESP32_Ultra_05,""Cine"",""3142"",""-135213888888889"",""-719666666666667"""
"ESP32_Ultra_05,""Cine"",""2174"",""-135213888888889"",""-719666666666667"""
"ESP32_Ultra_05,""Cine"",""1623"",""-135213888888889"",""-719666666666667"""
"ESP32_Ultra_05,""Cine"",""1673"",""-135213888888889"",""-719666666666667"""
"ESP32_Ultra_05,""Cine"",""3974"",""-135213888888889"",""-719666666666667"""
"ESP32_Ultra_05,""Cine"",""5211"",""-135213888888889"",""-719666666666667"""
"ESP32_Ultra_05,""Cine"",""3476"",""-135213888888889"",""-719666666666667"""
"ESP32_Ultra_05,""Cine"",""395"",""-135213888888889"",""-719666666666667"""
"ESP32_Ultra_05,""Cine"",""5436"",""-135213888888889"",""-719666666666667"""
"ESP32_Ultra_05,""Cine"",""2655"",""-135213888888889"",""-719666666666667"""
"ESP32_Ultra_05,""Cine"",""4194"",""-135213888888889"",""-719666666666667"""
"ESP32_Ultra_05,""Cine"",""553"",""-135213888888889"",""-719666666666667"""
"ESP32_Ultra_05,""Cine"",""7825"",""-135213888888889"",""-719666666666667"""
"ESP32_Ultra_05,""Cine"",""3621"",""-135213888888889"",""-719666666666667"""
"ESP32_Ultra_05,""Cine"",""3684"",""-135213888888889"",""-719666666666667"""
"ESP32_Ultra_05,""Cine"",""3566"",""-135213888888889"",""-719666666666667"""
"ESP32_Ultra_05,""Cine"",""985"",""-135213888888889"",""-719666666666667"""
"ESP32_Ultra_05,""Cine"",""1344"",""-135213888888889"",""-719666666666667"""
"ESP32_Ultra_05,""Cine"",""152"",""-135213888888889"",""-719666666666667"""
"ESP32_Ultra_05,""Cine"",""2084"",""-135213888888889"",""-719666666666667"""
"ESP32_Ultra_05,""Cine"",""5776"",""-135213888888889"",""-719666666666667"""
"ESP32_Ultra_05,""Cine"",""6153"",""-135213888888889"",""-719666666666667"""
"ESP32_Ultra_05,""Cine"",""4303"",""-135213888888889"",""-719666666666667"""
"ESP32_Ultra_05,""Cine"",""7515"",""-135213888888889"",""-719666666666667"""
"ESP32_Ultra_05,""Cine"",""2378"",""-135213888888889"",""-719666666666667"""
"ESP32_Ultra_05,""Cine"",""3499"",""-135213888888889"",""-719666666666667"""
"ESP32_Ultra_05,""Cine"",""84"",""-135213888888889"",""-719666666666667"""
"ESP32_Ultra_05,""Cine"",""4089"",""-135213888888889"",""-719666666666667"""
"ESP32_Ultra_05,""Cine"",""1381"",""-135213888888889"",""-719666666666667"""
"ESP32_Ultra_05,""Cine"",""3946"",""-135213888888889"",""-719666666666667"""
"ESP32_Ultra_05,""Cine"",""4418"",""-135213888888889"",""-719666666666667"""
"ESP32_Ultra_05,""Cine"",""6462"",""-135213888888889"",""-719666666666667"""
"ESP32_Ultra_05,""Cine"",""3232"",""-135213888888889"",""-719666666666667"""
"ESP32_Ultra_05,""Cine"",""8076"",""-135213888888889"",""-719666666666667"""
"ESP32_Ultra_05,""Cine"",""3934"",""-135213888888889"",""-719666666666667"""
"ESP32_Ultra_05,""Cine"",""265"",""-135213888888889"",""-719666666666667"""
"ESP32_Ultra_05,""Cine"",""319"",""-135213888888889"",""-719666666666667"""
"ESP32_Ultra_05,""Cine"",""4195"",""-135213888888889"",""-719666666666667"""
"ESP32_Ultra_05,""Cine"",""3853"",""-135213888888889"",""-719666666666667"""
"ESP32_Ultra_05,""Cine"",""4866"",""-135213888888889"",""-719666666666667"""
"ESP32_Ultra_05,""Cine"",""7446"",""-135213888888889"",""-719666666666667"""
"ESP32_Ultra_05,""Cine"",""7094"",""-135213888888889"",""-719666666666667"""
"ESP32_Ultra_05,""Cine"",""1423"",""-135213888888889"",""-719666666666667"""
"ESP32_Ultra_05,""Cine"",""1439"",""-135213888888889"",""-719666666666667"""
"ESP32_Ultra_05,""Cine"",""2647"",""-135213888888889"",""-719666666666667"""
"ESP32_Ultra_05,""Cine"",""5332"",""-135213888888889"",""-719666666666667"""
"ESP32_Ultra_05,""Cine"",""5314"",""-135213888888889"",""-719666666666667"""
"ESP32_Ultra_05,""Cine"",""976"",""-135213888888889"",""-719666666666667"""
"ESP32_Ultra_05,""Cine"",""4697"",""-135213888888889"",""-719666666666667"""
"ESP32_Ultra_05,""Cine"",""1361"",""-135213888888889"",""-719666666666667"""
"ESP32_Ultra_05,""Cine"",""5588"",""-135213888888889"",""-719666666666667"""
"ESP32_Ultra_05,""Cine"",""1305"",""-135213888888889"",""-719666666666667"""
"ESP32_Ultra_05,""Cine"",""3681"",""-135213888888889"",""-719666666666667"""
"ESP32_Ultra_05,""Cine"",""4448"",""-135213888888889"",""-719666666666667"""
"ESP32_Ultra_05,""Cine"",""2251"",""-135213888888889"",""-719666666666667"""
"ESP32_Ultra_05,""Cine"",""258"",""-135213888888889"",""-719666666666667"""
"ESP32_Ultra_05,""Cine"",""8071"",""-135213888888889"",""-719666666666667"""
"ESP32_Ultra_05,""Cine"",""6708"",""-135213888888889"",""-719666666666667"""
"ESP32_Ultra_05,""Cine"",""707"",""-135213888888889"",""-719666666666667"""
"ESP32_Ultra_05,""Cine"",""206"",""-135213888888889"",""-719666666666667"""
"ESP32_Ultra_05,""Cine"",""169"",""-135213888888889"",""-719666666666667"""
"ESP32_Ultra_05,""Cine"",""2441"",""-135213888888889"",""-719666666666667"""
"ESP32_Ultra_05,""Cine"",""4157"",""-135213888888889"",""-719666666666667"""
"ESP32_Ultra_05,""Cine"",""151"",""-135213888888889"",""-719666666666667"""
"ESP32_Ultra_05,""Cine"",""4753"",""-135213888888889"",""-719666666666667"""
"ESP32_Ultra_05,""Cine"",""3441"",""-135213888888889"",""-719666666666667"""
"ESP32_Ultra_05,""Cine"",""531"",""-135213888888889"",""-719666666666667"""
"ESP32_Ultra_05,""Cine"",""5291"",""-135213888888889"",""-719666666666667"""
"ESP32_Ultra_05,""Cine"",""4622"",""-135213888888889"",""-719666666666667"""
"ESP32_Ultra_05,""Cine"",""1225"",""-135213888888889"",""-719666666666667"""
"ESP32_Ultra_05,""Cine"",""2457"",""-135213888888889"",""-719666666666667"""
"ESP32_Ultra_05,""Cine"",""2558"",""-135213888888889"",""-719666666666667"""
"ESP32_Ultra_05,""Cine"",""2203"",""-135213888888889"",""-719666666666667"""
"ESP32_Ultra_05,""Cine"",""2885"",""-135213888888889"",""-719666666666667"""
"ESP32_Ultra_05,""Cine"",""5207"",""-135213888888889"",""-719666666666667"""
"ESP32_Ultra_05,""Cine"",""361"",""-135213888888889"",""-719666666666667"""
"ESP32_Ultra_05,""Cine"",""1149"",""-135213888888889"",""-719666666666667"""
"ESP32_Ultra_05,""Cine"",""6591"",""-135213888888889"",""-719666666666667"""
"ESP32_Ultra_05,""Cine"",""4401"",""-135213888888889"",""-719666666666667"""
"ESP32_Ultra_05,""Cine"",""5685"",""-135213888888889"",""-719666666666667"""
"ESP32_Ultra_05,""Cine"",""3185"",""-135213888888889"",""-719666666666667"""
"ESP32_Ultra_05,""Cine"",""895"",""-135213888888889"",""-719666666666667"""
"ESP32_Ultra_05,""Cine"",""624"",""-135213888888889"",""-719666666666667"""
"ESP32_Ultra_05,""Cine"",""366"",""-374805555555556"",""-732441666666667"""
"ESP32_Ultra_05,""Cine"",""3601"",""-374805555555556"",""-732441666666667"""
"ESP32_Ultra_05,""Cine"",""3434"",""-374805555555556"",""-732441666666667"""
"ESP32_Ultra_05,""Cine"",""2439"",""-374805555555556"",""-732441666666667"""
"ESP32_Ultra_05,""Cine"",""216"",""-374805555555556"",""-732441666666667"""
"ESP32_Ultra_05,""Cine"",""7491"",""-374805555555556"",""-732441666666667"""
"ESP32_Ultra_05,""Cine"",""318"",""-374805555555556"",""-732441666666667"""
"ESP32_Ultra_05,""Cine"",""4545"",""-374805555555556"",""-732441666666667"""
"ESP32_Ultra_05,""Cine"",""2654"",""-374805555555556"",""-732441666666667"""
"ESP32_Ultra_05,""Cine"",""4141"",""-374805555555556"",""-732441666666667"""
"ESP32_Ultra_05,""Cine"",""2336"",""-374805555555556"",""-732441666666667"""
"ESP32_Ultra_05,""Cine"",""2548"",""-374805555555556"",""-732441666666667"""
"ESP32_Ultra_05,""Cine"",""353"",""-374805555555556"",""-732441666666667"""
"ESP32_Ultra_05,""Cine"",""499"",""-374805555555556"",""-732441666666667"""
"ESP32_Ultra_05,""Cine"",""1786"",""-374805555555556"",""-732441666666667"""
"ESP32_Ultra_05,""Cine"",""3926"",""-374805555555556"",""-732441666666667"""
"ESP32_Ultra_05,""Cine"",""3184"",""-374805555555556"",""-732441666666667"""
"ESP32_Ultra_05,""Cine"",""602"",""-374805555555556"",""-732441666666667"""
"ESP32_Ultra_05,""Cine"",""743"",""-374805555555556"",""-732441666666667"""
"ESP32_Ultra_05,""Cine"",""636"",""-374805555555556"",""-732441666666667"""
"ESP32_Ultra_05,""Cine"",""2479"",""-374805555555556"",""-732441666666667"""
"ESP32_Ultra_05,""Cine"",""5443"",""-374805555555556"",""-732441666666667"""
"ESP32_Ultra_05,""Cine"",""1151"",""-374805555555556"",""-732441666666667"""
"ESP32_Ultra_05,""Cine"",""1011"",""-374805555555556"",""-732441666666667"""
"ESP32_Ultra_05,""Cine"",""6109"",""-374805555555556"",""-732441666666667"""
"ESP32_Ultra_05,""Cine"",""1068"",""-374805555555556"",""-732441666666667"""
"ESP32_Ultra_05,""Cine"",""805"",""-374805555555556"",""-732441666666667"""
"ESP32_Ultra_05,""Cine"",""1525"",""-374805555555556"",""-732441666666667"""
"ESP32_Ultra_05,""Cine"",""2172"",""-374805555555556"",""-732441666666667"""
"ESP32_Ultra_05,""Cine"",""44"",""-374805555555556"",""-732441666666667"""
"ESP32_Ultra_05,""Cine"",""3758"",""-374805555555556"",""-732441666666667"""
"ESP32_Ultra_05,""Cine"",""3199"",""-374805555555556"",""-732441666666667"""
"ESP32_Ultra_05,""Cine"",""3002"",""-374805555555556"",""-732441666666667"""
"ESP32_Ultra_05,""Cine"",""324"",""-374805555555556"",""-732441666666667"""
"ESP32_Ultra_05,""Cine"",""737"",""-374805555555556"",""-732441666666667"""
"ESP32_Ultra_05,""Cine"",""6336"",""-374805555555556"",""-732441666666667"""
"ESP32_Ultra_05,""Cine"",""3929"",""-374805555555556"",""-732441666666667"""
"ESP32_Ultra_05,""Cine"",""2577"",""-374805555555556"",""-732441666666667"""
"ESP32_Ultra_05,""Cine"",""7212"",""-374805555555556"",""-732441666666667"""
"ESP32_Ultra_05,""Cine"",""5239"",""-374805555555556"",""-732441666666667"""
"ESP32_Ultra_05,""Cine"",""659"",""-374805555555556"",""-732441666666667"""
"ESP32_Ultra_05,""Cine"",""2906"",""-374805555555556"",""-732441666666667"""
"ESP32_Ultra_05,""Cine"",""4732"",""-374805555555556"",""-732441666666667"""
"ESP32_Ultra_05,""Cine"",""1244"",""-374805555555556"",""-732441666666667"""
"ESP32_Ultra_05,""Cine"",""787"",""-374805555555556"",""-732441666666667"""
"ESP32_Ultra_05,""Cine"",""4333"",""-374805555555556"",""-732441666666667"""
"ESP32_Ultra_05,""Cine"",""4918"",""-374805555555556"",""-732441666666667"""
"ESP32_Ultra_05,""Cine"",""2755"",""-374805555555556"",""-732441666666667"""
"ESP32_Ultra_05,""Cine"",""1624"",""-374805555555556"",""-732441666666667"""
"ESP32_Ultra_05,""Cine"",""5019"",""-374805555555556"",""-732441666666667"""
"ESP32_Ultra_05,""Cine"",""3446"",""-374805555555556"",""-732441666666667"""
"ESP32_Ultra_05,""Cine"",""4678"",""-374805555555556"",""-732441666666667"""
"ESP32_Ultra_05,""Cine"",""1044"",""-374805555555556"",""-732441666666667"""
"ESP32_Ultra_05,""Cine"",""4137"",""-374805555555556"",""-732441666666667"""
"ESP32_Ultra_05,""Cine"",""615"",""-374805555555556"",""-732441666666667"""
"ESP32_Ultra_05,""Cine"",""8017"",""-374805555555556"",""-732441666666667"""
"ESP32_Ultra_05,""Cine"",""4614"",""-374805555555556"",""-732441666666667"""
"ESP32_Ultra_05,""Cine"",""805"",""-374805555555556"",""-732441666666667"""
"ESP32_Ultra_05,""Cine"",""4766"",""-374805555555556"",""-732441666666667"""
"ESP32_Ultra_05,""Cine"",""4784"",""-374805555555556"",""-732441666666667"""
"ESP32_Ultra_05,""Cine"",""3807"",""-374805555555556"",""-732441666666667"""
"ESP32_Ultra_05,""Cine"",""1072"",""-374805555555556"",""-732441666666667"""
"ESP32_Ultra_05,""Cine"",""891"",""-374805555555556"",""-732441666666667"""
"ESP32_Ultra_05,""Cine"",""1975"",""-374805555555556"",""-732441666666667"""
"ESP32_Ultra_05,""Cine"",""7502"",""-374805555555556"",""-732441666666667"""
"ESP32_Ultra_05,""Cine"",""6679"",""-374805555555556"",""-732441666666667"""
"ESP32_Ultra_05,""Cine"",""1701"",""-374805555555556"",""-732441666666667"""
"ESP32_Ultra_05,""Cine"",""5831"",""-374805555555556"",""-732441666666667"""
"ESP32_Ultra_05,""Cine"",""6653"",""-374805555555556"",""-732441666666667"""
"ESP32_Ultra_05,""Cine"",""6476"",""-374805555555556"",""-732441666666667"""
"ESP32_Ultra_05,""Cine"",""7051"",""-374805555555556"",""-732441666666667"""
"ESP32_Ultra_05,""Cine"",""5686"",""-374805555555556"",""-732441666666667"""
"ESP32_Ultra_05,""Cine"",""5946"",""-374805555555556"",""-732441666666667"""
"ESP32_Ultra_05,""Cine"",""1585"",""-374805555555556"",""-732441666666667"""
"ESP32_Ultra_05,""Cine"",""1441"",""-374805555555556"",""-732441666666667"""
"ESP32_Ultra_05,""Cine"",""478"",""-374805555555556"",""-732441666666667"""
"ESP32_Ultra_05,""Cine"",""708"",""-374805555555556"",""-732441666666667"""
"ESP32_Ultra_05,""Cine"",""5647"",""-374805555555556"",""-732441666666667"""
"ESP32_Ultra_05,""Cine"",""7983"",""-374805555555556"",""-732441666666667"""
"ESP32_Ultra_05,""Cine"",""1003"",""-374805555555556"",""-732441666666667"""
"ESP32_Ultra_05,""Cine"",""754"",""-374805555555556"",""-732441666666667"""
"ESP32_Ultra_05,""Cine"",""3694"",""-374805555555556"",""-732441666666667"""
"ESP32_Ultra_05,""Cine"",""25"",""-374805555555556"",""-732441666666667"""
"ESP32_Ultra_05,""Cine"",""5869"",""-374805555555556"",""-732441666666667"""
"ESP32_Ultra_05,""Cine"",""6185"",""-374805555555556"",""-732441666666667"""
"ESP32_Ultra_05,""Cine"",""219"",""-374805555555556"",""-732441666666667"""
"ESP32_Ultra_05,""Cine"",""526"",""-374805555555556"",""-732441666666667"""
"ESP32_Ultra_05,""Cine"",""4645"",""-374805555555556"",""-732441666666667"""
"ESP32_Ultra_05,""Cine"",""1216"",""-374805555555556"",""-732441666666667"""
"ESP32_Ultra_05,""Cine"",""8082"",""-374805555555556"",""-732441666666667"""
"ESP32_Ultra_05,""Cine"",""3406"",""-374805555555556"",""-732441666666667"""
"ESP32_Ultra_05,""Cine"",""135"",""-374805555555556"",""-732441666666667"""
"ESP32_Ultra_05,""Cine"",""863"",""-374805555555556"",""-732441666666667"""
"ESP32_Ultra_05,""Cine"",""702"",""-374805555555556"",""-732441666666667"""
"ESP32_Ultra_05,""Cine"",""1557"",""-374805555555556"",""-732441666666667"""
"ESP32_Ultra_05,""Cine"",""6409"",""-374805555555556"",""-732441666666667"""
"ESP32_Ultra_05,""Cine"",""4548"",""-374805555555556"",""-732441666666667"""
"ESP32_Ultra_05,""Cine"",""4996"",""-374805555555556"",""-732441666666667"""
"ESP32_Ultra_05,""Cine"",""655"",""-374805555555556"",""-732441666666667"""
"ESP32_Ultra_05,""Cine"",""4368"",""-374805555555556"",""-732441666666667"""
"ESP32_Ultra_05,""Cine"",""5604"",""-374805555555556"",""-732441666666667"""
"ESP32_Ultra_05,""Cine"",""4642"",""-374805555555556"",""-732441666666667"""
"ESP32_Ultra_05,""Cine"",""6944"",""-374805555555556"",""-732441666666667"""
"ESP32_Ultra_05,""Cine"",""6261"",""-374805555555556"",""-732441666666667"""
"ESP32_Ultra_05,""Cine"",""27"",""-374805555555556"",""-732441666666667"""
"ESP32_Ultra_05,""Cine"",""3747"",""-374805555555556"",""-732441666666667"""
"ESP32_Ultra_05,""Cine"",""5046"",""-374805555555556"",""-732441666666667"""
"ESP32_Ultra_05,""Cine"",""6138"",""-374805555555556"",""-732441666666667"""
"ESP32_Ultra_05,""Cine"",""416"",""-374805555555556"",""-732441666666667"""
"ESP32_Ultra_05,""Cine"",""5084"",""-374805555555556"",""-732441666666667"""
"ESP32_Ultra_05,""Cine"",""8065"",""-374805555555556"",""-732441666666667"""
"ESP32_Ultra_05,""Cine"",""2893"",""-374805555555556"",""-732441666666667"""
"ESP32_Ultra_05,""Cine"",""2396"",""-374805555555556"",""-732441666666667"""
"ESP32_Ultra_05,""Cine"",""6947"",""-374805555555556"",""-732441666666667"""
"ESP32_Ultra_05,""Cine"",""1003"",""-374805555555556"",""-732441666666667"""
"ESP32_Ultra_05,""Cine"",""486"",""-374805555555556"",""-732441666666667"""
"ESP32_Ultra_05,""Cine"",""3597"",""-374805555555556"",""-732441666666667"""
"ESP32_Ultra_05,""Cine"",""5666"",""-374805555555556"",""-732441666666667"""
"ESP32_Ultra_05,""Cine"",""4778"",""-374805555555556"",""-732441666666667"""
"ESP32_Ultra_05,""Cine"",""4259"",""-374805555555556"",""-732441666666667"""
"ESP32_Ultra_05,""Cine"",""1905"",""-374805555555556"",""-732441666666667"""
"ESP32_Ultra_05,""Cine"",""1388"",""-374805555555556"",""-732441666666667"""
"ESP32_Ultra_05,""Cine"",""7933"",""-374805555555556"",""-732441666666667"""
"ESP32_Ultra_05,""Cine"",""1917"",""-374805555555556"",""-732441666666667"""
"ESP32_Ultra_05,""Cine"",""7885"",""-374805555555556"",""-732441666666667"""
"ESP32_Ultra_05,""Cine"",""7053"",""-374805555555556"",""-732441666666667"""
"ESP32_Ultra_05,""Cine"",""7428"",""-374805555555556"",""-732441666666667"""
"ESP32_Ultra_05,""Cine"",""6302"",""-374805555555556"",""-732441666666667"""
"ESP32_Ultra_05,""Cine"",""566"",""-374805555555556"",""-732441666666667"""
"ESP32_Ultra_05,""Cine"",""489"",""-374805555555556"",""-732441666666667"""
"ESP32_Ultra_05,""Cine"",""4901"",""-374805555555556"",""-732441666666667"""
"ESP32_Ultra_05,""Cine"",""354"",""-374805555555556"",""-732441666666667"""
"ESP32_Ultra_05,""Cine"",""5771"",""-374805555555556"",""-732441666666667"""
"ESP32_Ultra_05,""Cine"",""496"",""-374805555555556"",""-732441666666667"""
"ESP32_Ultra_05,""Cine"",""5358"",""-374805555555556"",""-732441666666667"""
"ESP32_Ultra_05,""Cine"",""6753"",""-374805555555556"",""-732441666666667"""
"ESP32_Ultra_05,""Cine"",""5023"",""-374805555555556"",""-732441666666667"""
"ESP32_Ultra_05,""Cine"",""3003"",""-374805555555556"",""-732441666666667"""
"ESP32_Ultra_05,""Cine"",""7343"",""-374805555555556"",""-732441666666667"""
"ESP32_Ultra_05,""Cine"",""2501"",""-374805555555556"",""-732441666666667"""
"ESP32_Ultra_05,""Cine"",""838"",""-489055555555555"",""-806877777777778"""
"ESP32_Ultra_05,""Cine"",""3964"",""-489055555555555"",""-806877777777778"""
"ESP32_Ultra_05,""Cine"",""2638"",""-489055555555555"",""-806877777777778"""
"ESP32_Ultra_05,""Cine"",""6208"",""-489055555555555"",""-806877777777778"""
"ESP32_Ultra_05,""Cine"",""649"",""-489055555555555"",""-806877777777778"""
"ESP32_Ultra_05,""Cine"",""4042"",""-489055555555555"",""-806877777777778"""
"ESP32_Ultra_05,""Cine"",""4899"",""-489055555555555"",""-806877777777778"""
"ESP32_Ultra_05,""Cine"",""7542"",""-489055555555555"",""-806877777777778"""
"ESP32_Ultra_05,""Cine"",""1074"",""-489055555555555"",""-806877777777778"""
"ESP32_Ultra_05,""Cine"",""3249"",""-489055555555555"",""-806877777777778"""
"ESP32_Ultra_05,""Cine"",""2882"",""-489055555555555"",""-806877777777778"""
"ESP32_Ultra_05,""Cine"",""269"",""-489055555555555"",""-806877777777778"""
"ESP32_Ultra_05,""Cine"",""3847"",""-489055555555555"",""-806877777777778"""
"ESP32_Ultra_05,""Cine"",""2075"",""-489055555555555"",""-806877777777778"""
"ESP32_Ultra_05,""Cine"",""3772"",""-489055555555555"",""-806877777777778"""
"ESP32_Ultra_05,""Cine"",""2674"",""-489055555555555"",""-806877777777778"""
"ESP32_Ultra_05,""Cine"",""3505"",""-489055555555555"",""-806877777777778"""
"ESP32_Ultra_05,""Cine"",""53"",""-489055555555555"",""-806877777777778"""
"ESP32_Ultra_05,""Cine"",""5478"",""-489055555555555"",""-806877777777778"""
"ESP32_Ultra_05,""Cine"",""7077"",""-489055555555555"",""-806877777777778"""
"ESP32_Ultra_05,""Cine"",""472"",""-489055555555555"",""-806877777777778"""
"ESP32_Ultra_05,""Cine"",""3318"",""-489055555555555"",""-806877777777778"""
"ESP32_Ultra_05,""Cine"",""4076"",""-489055555555555"",""-806877777777778"""
"ESP32_Ultra_05,""Cine"",""3832"",""-489055555555555"",""-806877777777778"""
"ESP32_Ultra_05,""Cine"",""164"",""-489055555555555"",""-806877777777778"""
"ESP32_Ultra_05,""Cine"",""639"",""-489055555555555"",""-806877777777778"""
"ESP32_Ultra_05,""Cine"",""406"",""-489055555555555"",""-806877777777778"""
"ESP32_Ultra_05,""Cine"",""625"",""-489055555555555"",""-806877777777778"""
"ESP32_Ultra_05,""Cine"",""1675"",""-489055555555555"",""-806877777777778"""
"ESP32_Ultra_05,""Cine"",""5286"",""-489055555555555"",""-806877777777778"""
"ESP32_Ultra_05,""Cine"",""3817"",""-489055555555555"",""-806877777777778"""
"ESP32_Ultra_05,""Cine"",""2427"",""-489055555555555"",""-806877777777778"""
"ESP32_Ultra_05,""Cine"",""7983"",""-489055555555555"",""-806877777777778"""
"ESP32_Ultra_05,""Cine"",""3847"",""-489055555555555"",""-806877777777778"""
"ESP32_Ultra_05,""Cine"",""1473"",""-489055555555555"",""-806877777777778"""
"ESP32_Ultra_05,""Cine"",""4053"",""-489055555555555"",""-806877777777778"""
"ESP32_Ultra_05,""Cine"",""3853"",""-489055555555555"",""-806877777777778"""
"ESP32_Ultra_05,""Cine"",""7789"",""-489055555555555"",""-806877777777778"""
"ESP32_Ultra_05,""Cine"",""3711"",""-489055555555555"",""-806877777777778"""
"ESP32_Ultra_05,""Cine"",""558"",""-489055555555555"",""-806877777777778"""
"ESP32_Ultra_05,""Cine"",""4183"",""-489055555555555"",""-806877777777778"""
"ESP32_Ultra_05,""Cine"",""5017"",""-489055555555555"",""-806877777777778"""
"ESP32_Ultra_05,""Cine"",""1715"",""-489055555555555"",""-806877777777778"""
"ESP32_Ultra_05,""Cine"",""554"",""-489055555555555"",""-806877777777778"""
"ESP32_Ultra_05,""Cine"",""1565"",""-489055555555555"",""-806877777777778"""
"ESP32_Ultra_05,""Cine"",""4803"",""-489055555555555"",""-806877777777778"""
"ESP32_Ultra_05,""Cine"",""5843"",""-489055555555555"",""-806877777777778"""
"ESP32_Ultra_05,""Cine"",""3123"",""-489055555555555"",""-806877777777778"""
"ESP32_Ultra_05,""Cine"",""4627"",""-489055555555555"",""-806877777777778"""
"ESP32_Ultra_05,""Cine"",""1409"",""-489055555555555"",""-806877777777778"""
"ESP32_Ultra_05,""Cine"",""3828"",""-489055555555555"",""-806877777777778"""
"ESP32_Ultra_05,""Cine"",""2743"",""-489055555555555"",""-806877777777778"""
"ESP32_Ultra_05,""Cine"",""4491"",""-489055555555555"",""-806877777777778"""
"ESP32_Ultra_05,""Cine"",""1888"",""-489055555555555"",""-806877777777778"""
"ESP32_Ultra_05,""Cine"",""313"",""-489055555555555"",""-806877777777778"""
"ESP32_Ultra_05,""Cine"",""7623"",""-489055555555555"",""-806877777777778"""
"ESP32_Ultra_05,""Cine"",""2801"",""-489055555555555"",""-806877777777778"""
"ESP32_Ultra_05,""Cine"",""2624"",""-489055555555555"",""-806877777777778"""
"ESP32_Ultra_05,""Cine"",""1246"",""-489055555555555"",""-806877777777778"""
"ESP32_Ultra_05,""Cine"",""2247"",""-489055555555555"",""-806877777777778"""
"ESP32_Ultra_05,""Cine"",""7445"",""-489055555555555"",""-806877777777778"""
"ESP32_Ultra_05,""Cine"",""6962"",""-489055555555555"",""-806877777777778"""
"ESP32_Ultra_05,""Cine"",""1585"",""-489055555555555"",""-806877777777778"""
"ESP32_Ultra_05,""Cine"",""7769"",""-489055555555555"",""-806877777777778"""
"ESP32_Ultra_05,""Cine"",""245"",""-489055555555555"",""-806877777777778"""
"ESP32_Ultra_05,""Cine"",""7444"",""-489055555555555"",""-806877777777778"""
"ESP32_Ultra_05,""Cine"",""3322"",""-489055555555555"",""-806877777777778"""
"ESP32_Ultra_05,""Cine"",""1739"",""-489055555555555"",""-806877777777778"""
"ESP32_Ultra_05,""Cine"",""3619"",""-489055555555555"",""-806877777777778"""
"ESP32_Ultra_05,""Cine"",""7781"",""-489055555555555"",""-806877777777778"""
"ESP32_Ultra_05,""Cine"",""5545"",""-489055555555555"",""-806877777777778"""
"ESP32_Ultra_05,""Cine"",""4464"",""-489055555555555"",""-806877777777778"""
"ESP32_Ultra_05,""Cine"",""7577"",""-489055555555555"",""-806877777777778"""
"ESP32_Ultra_05,""Cine"",""5096"",""-489055555555555"",""-806877777777778"""
"ESP32_Ultra_05,""Cine"",""429"",""-489055555555555"",""-806877777777778"""
"ESP32_Ultra_05,""Cine"",""7489"",""-489055555555555"",""-806877777777778"""
"ESP32_Ultra_05,""Cine"",""449"",""-489055555555555"",""-806877777777778"""
"ESP32_Ultra_05,""Cine"",""2117"",""-489055555555555"",""-806877777777778"""
"ESP32_Ultra_05,""Cine"",""3465"",""-489055555555555"",""-806877777777778"""
"ESP32_Ultra_05,""Cine"",""1513"",""-489055555555555"",""-806877777777778"""
"ESP32_Ultra_05,""Cine"",""352"",""-489055555555555"",""-806877777777778"""
"ESP32_Ultra_05,""Cine"",""8062"",""-489055555555555"",""-806877777777778"""
"ESP32_Ultra_05,""Cine"",""1336"",""-489055555555555"",""-806877777777778"""
"ESP32_Ultra_05,""Cine"",""4255"",""-489055555555555"",""-806877777777778"""
"ESP32_Ultra_05,""Cine"",""648"",""-489055555555555"",""-806877777777778"""
"ESP32_Ultra_05,""Cine"",""2181"",""-489055555555555"",""-806877777777778"""
"ESP32_Ultra_05,""Cine"",""6653"",""-489055555555555"",""-806877777777778"""
"ESP32_Ultra_05,""Cine"",""1031"",""-489055555555555"",""-806877777777778"""
"ESP32_Ultra_05,""Cine"",""2514"",""-489055555555555"",""-806877777777778"""
"ESP32_Ultra_05,""Cine"",""3557"",""-489055555555555"",""-806877777777778"""
"ESP32_Ultra_05,""Cine"",""5476"",""-489055555555555"",""-806877777777778"""
"ESP32_Ultra_05,""Cine"",""7911"",""-489055555555555"",""-806877777777778"""
"ESP32_Ultra_05,""Cine"",""3662"",""-489055555555555"",""-806877777777778"""
"ESP32_Ultra_05,""Cine"",""2848"",""-489055555555555"",""-806877777777778"""
"ESP32_Ultra_05,""Cine"",""3098"",""-489055555555555"",""-806877777777778"""
"ESP32_Ultra_05,""Cine"",""3325"",""-489055555555555"",""-806877777777778"""
"ESP32_Ultra_05,""Cine"",""989"",""-489055555555555"",""-806877777777778"""
"ESP32_Ultra_05,""Cine"",""509"",""-489055555555555"",""-806877777777778"""
"ESP32_Ultra_05,""Cine"",""2759"",""-489055555555555"",""-806877777777778"""
"ESP32_Ultra_05,""Cine"",""6775"",""-489055555555555"",""-806877777777778"""
"ESP32_Ultra_05,""Cine"",""3346"",""-489055555555555"",""-806877777777778"""
"ESP32_Ultra_05,""Cine"",""3696"",""-489055555555555"",""-806877777777778"""
"ESP32_Ultra_05,""Cine"",""311"",""-489055555555555"",""-806877777777778"""
"ESP32_Ultra_05,""Cine"",""4969"",""-489055555555555"",""-806877777777778"""
"ESP32_Ultra_05,""Cine"",""2767"",""-489055555555555"",""-806877777777778"""
"ESP32_Ultra_05,""Cine"",""3693"",""-489055555555555"",""-806877777777778"""
"ESP32_Ultra_05,""Cine"",""5362"",""-489055555555555"",""-806877777777778"""
"ESP32_Ultra_05,""Cine"",""169"",""-489055555555555"",""-806877777777778"""
"ESP32_Ultra_05,""Cine"",""2117"",""-489055555555555"",""-806877777777778"""
"ESP32_Ultra_05,""Cine"",""1676"",""-489055555555555"",""-806877777777778"""
"ESP32_Ultra_05,""Cine"",""554"",""-489055555555555"",""-806877777777778"""
"ESP32_Ultra_06,""Plaza principal"",""1984"",""-51525"",""-806577777777778"""
"ESP32_Ultra_06,""Plaza principal"",""585"",""-51525"",""-806577777777778"""
"ESP32_Ultra_06,""Plaza principal"",""1272"",""-51525"",""-806577777777778"""
"ESP32_Ultra_06,""Plaza principal"",""8029"",""-51525"",""-806577777777778"""
"ESP32_Ultra_06,""Plaza principal"",""7227"",""-51525"",""-806577777777778"""
"ESP32_Ultra_06,""Plaza principal"",""6086"",""-51525"",""-806577777777778"""
"ESP32_Ultra_06,""Plaza principal"",""487"",""-51525"",""-806577777777778"""
"ESP32_Ultra_06,""Plaza principal"",""2108"",""-51525"",""-806577777777778"""
"ESP32_Ultra_06,""Plaza principal"",""4673"",""-51525"",""-806577777777778"""
"ESP32_Ultra_06,""Plaza principal"",""7269"",""-51525"",""-806577777777778"""
"ESP32_Ultra_06,""Plaza principal"",""351"",""-51525"",""-806577777777778"""
"ESP32_Ultra_06,""Plaza principal"",""2039"",""-51525"",""-806577777777778"""
"ESP32_Ultra_06,""Plaza principal"",""126"",""-51525"",""-806577777777778"""
"ESP32_Ultra_06,""Plaza principal"",""6785"",""-51525"",""-806577777777778"""
"ESP32_Ultra_06,""Plaza principal"",""7797"",""-51525"",""-806577777777778"""
"ESP32_Ultra_06,""Plaza principal"",""408"",""-51525"",""-806577777777778"""
"ESP32_Ultra_06,""Plaza principal"",""1013"",""-51525"",""-806577777777778"""
"ESP32_Ultra_06,""Plaza principal"",""6996"",""-51525"",""-806577777777778"""
"ESP32_Ultra_06,""Plaza principal"",""4853"",""-51525"",""-806577777777778"""
"ESP32_Ultra_06,""Plaza principal"",""916"",""-51525"",""-806577777777778"""
"ESP32_Ultra_06,""Plaza principal"",""1749"",""-51525"",""-806577777777778"""
"ESP32_Ultra_06,""Plaza principal"",""5083"",""-51525"",""-806577777777778"""
"ESP32_Ultra_06,""Plaza principal"",""6104"",""-51525"",""-806577777777778"""
"ESP32_Ultra_06,""Plaza principal"",""6445"",""-51525"",""-806577777777778"""
"ESP32_Ultra_06,""Plaza principal"",""238"",""-51525"",""-806577777777778"""
"ESP32_Ultra_06,""Plaza principal"",""1734"",""-51525"",""-806577777777778"""
"ESP32_Ultra_06,""Plaza principal"",""4521"",""-51525"",""-806577777777778"""
"ESP32_Ultra_06,""Plaza principal"",""4111"",""-51525"",""-806577777777778"""
"ESP32_Ultra_06,""Plaza principal"",""5589"",""-51525"",""-806577777777778"""
"ESP32_Ultra_06,""Plaza principal"",""1214"",""-51525"",""-806577777777778"""
"ESP32_Ultra_06,""Plaza principal"",""1039"",""-51525"",""-806577777777778"""
"ESP32_Ultra_06,""Plaza principal"",""7483"",""-51525"",""-806577777777778"""
"ESP32_Ultra_06,""Plaza principal"",""2863"",""-51525"",""-806577777777778"""
"ESP32_Ultra_06,""Plaza principal"",""767"",""-51525"",""-806577777777778"""
"ESP32_Ultra_06,""Plaza principal"",""3348"",""-51525"",""-806577777777778"""
"ESP32_Ultra_06,""Plaza principal"",""6567"",""-51525"",""-806577777777778"""
"ESP32_Ultra_06,""Plaza principal"",""176"",""-51525"",""-806577777777778"""
"ESP32_Ultra_06,""Plaza principal"",""1937"",""-51525"",""-806577777777778"""
"ESP32_Ultra_06,""Plaza principal"",""5202"",""-51525"",""-806577777777778"""
"ESP32_Ultra_06,""Plaza principal"",""525"",""-51525"",""-806577777777778"""
"ESP32_Ultra_06,""Plaza principal"",""6354"",""-51525"",""-806577777777778"""
"ESP32_Ultra_06,""Plaza principal"",""6081"",""-51525"",""-806577777777778"""
"ESP32_Ultra_06,""Plaza principal"",""3692"",""-51525"",""-806577777777778"""
"ESP32_Ultra_06,""Plaza principal"",""2867"",""-51525"",""-806577777777778"""
"ESP32_Ultra_06,""Plaza principal"",""3335"",""-51525"",""-806577777777778"""
"ESP32_Ultra_06,""Plaza principal"",""6458"",""-51525"",""-806577777777778"""
"ESP32_Ultra_06,""Plaza principal"",""837"",""-51525"",""-806577777777778"""
"ESP32_Ultra_06,""Plaza principal"",""1077"",""-51525"",""-806577777777778"""
"ESP32_Ultra_06,""Plaza principal"",""688"",""-51525"",""-806577777777778"""
"ESP32_Ultra_06,""Plaza principal"",""71"",""-51525"",""-806577777777778"""
"ESP32_Ultra_06,""Plaza principal"",""423"",""-51525"",""-806577777777778"""
"ESP32_Ultra_06,""Plaza principal"",""1249"",""-51525"",""-806577777777778"""
"ESP32_Ultra_06,""Plaza principal"",""2348"",""-51525"",""-806577777777778"""
"ESP32_Ultra_06,""Plaza principal"",""6938"",""-51525"",""-806577777777778"""
"ESP32_Ultra_06,""Plaza principal"",""3227"",""-51525"",""-806577777777778"""
"ESP32_Ultra_06,""Plaza principal"",""5404"",""-51525"",""-806577777777778"""
"ESP32_Ultra_06,""Plaza principal"",""2926"",""-51525"",""-806577777777778"""
"ESP32_Ultra_06,""Plaza principal"",""1511"",""-51525"",""-806577777777778"""
"ESP32_Ultra_06,""Plaza principal"",""621"",""-51525"",""-806577777777778"""
"ESP32_Ultra_06,""Plaza principal"",""2173"",""-51525"",""-806577777777778"""
"ESP32_Ultra_06,""Plaza principal"",""163"",""-51525"",""-806577777777778"""
"ESP32_Ultra_06,""Plaza principal"",""1108"",""-51525"",""-806577777777778"""
"ESP32_Ultra_06,""Plaza principal"",""5099"",""-51525"",""-806577777777778"""
"ESP32_Ultra_06,""Plaza principal"",""4492"",""-51525"",""-806577777777778"""
"ESP32_Ultra_06,""Plaza principal"",""1835"",""-51525"",""-806577777777778"""
"ESP32_Ultra_06,""Plaza principal"",""3669"",""-51525"",""-806577777777778"""
"ESP32_Ultra_06,""Plaza principal"",""6998"",""-51525"",""-806577777777778"""
"ESP32_Ultra_06,""Plaza principal"",""244"",""-51525"",""-806577777777778"""
"ESP32_Ultra_06,""Plaza principal"",""7146"",""-51525"",""-806577777777778"""
"ESP32_Ultra_06,""Plaza principal"",""3211"",""-51525"",""-806577777777778"""
"ESP32_Ultra_06,""Plaza principal"",""6594"",""-51525"",""-806577777777778"""
"ESP32_Ultra_06,""Plaza principal"",""5775"",""-51525"",""-806577777777778"""
"ESP32_Ultra_06,""Plaza principal"",""3853"",""-51525"",""-806577777777778"""
"ESP32_Ultra_06,""Plaza principal"",""438"",""-51525"",""-806577777777778"""
"ESP32_Ultra_06,""Plaza principal"",""345"",""-51525"",""-806577777777778"""
"ESP32_Ultra_06,""Plaza principal"",""4573"",""-51525"",""-806577777777778"""
"ESP32_Ultra_06,""Plaza principal"",""7753"",""-51525"",""-806577777777778"""
"ESP32_Ultra_06,""Plaza principal"",""7096"",""-51525"",""-806577777777778"""
"ESP32_Ultra_06,""Plaza principal"",""234"",""-51525"",""-806577777777778"""
"ESP32_Ultra_06,""Plaza principal"",""577"",""-51525"",""-806577777777778"""
"ESP32_Ultra_06,""Plaza principal"",""4989"",""-51525"",""-806577777777778"""
"ESP32_Ultra_06,""Plaza principal"",""4972"",""-51525"",""-806577777777778"""
"ESP32_Ultra_06,""Plaza principal"",""225"",""-51525"",""-806577777777778"""
"ESP32_Ultra_06,""Plaza principal"",""135"",""-51525"",""-806577777777778"""
"ESP32_Ultra_06,""Plaza principal"",""7546"",""-51525"",""-806577777777778"""
"ESP32_Ultra_06,""Plaza principal"",""6189"",""-51525"",""-806577777777778"""
"ESP32_Ultra_06,""Plaza principal"",""5668"",""-51525"",""-806577777777778"""
"ESP32_Ultra_06,""Plaza principal"",""692"",""-51525"",""-806577777777778"""
"ESP32_Ultra_06,""Plaza principal"",""336"",""-51525"",""-806577777777778"""
"ESP32_Ultra_06,""Plaza principal"",""6885"",""-51525"",""-806577777777778"""
"ESP32_Ultra_06,""Plaza principal"",""226"",""-51525"",""-806577777777778"""
"ESP32_Ultra_06,""Plaza principal"",""1222"",""-51525"",""-806577777777778"""
"ESP32_Ultra_06,""Plaza principal"",""3024"",""-51525"",""-806577777777778"""
"ESP32_Ultra_06,""Plaza principal"",""7125"",""-51525"",""-806577777777778"""
"ESP32_Ultra_06,""Plaza principal"",""2565"",""-51525"",""-806577777777778"""
"ESP32_Ultra_06,""Plaza principal"",""1526"",""-51525"",""-806577777777778"""
"ESP32_Ultra_06,""Plaza principal"",""533"",""-51525"",""-806577777777778"""
"ESP32_Ultra_06,""Plaza principal"",""5574"",""-51525"",""-806577777777778"""
"ESP32_Ultra_06,""Plaza principal"",""824"",""-51525"",""-806577777777778"""
"ESP32_Ultra_06,""Plaza principal"",""2102"",""-51525"",""-806577777777778"""
"ESP32_Ultra_06,""Plaza principal"",""586"",""-51525"",""-806577777777778"""
"ESP32_Ultra_06,""Plaza principal"",""6417"",""-51525"",""-806577777777778"""
"ESP32_Ultra_06,""Plaza principal"",""353"",""-51525"",""-806577777777778"""
"ESP32_Ultra_06,""Plaza principal"",""3815"",""-51525"",""-806577777777778"""
"ESP32_Ultra_06,""Plaza principal"",""7886"",""-51525"",""-806577777777778"""
"ESP32_Ultra_06,""Plaza principal"",""433"",""-51525"",""-806577777777778"""
"ESP32_Ultra_06,""Plaza principal"",""1641"",""-51525"",""-806577777777778"""
"ESP32_Ultra_06,""Plaza principal"",""2041"",""-51525"",""-806577777777778"""
"ESP32_Ultra_06,""Plaza principal"",""4411"",""-51525"",""-806577777777778"""
"ESP32_Ultra_06,""Plaza principal"",""1588"",""-51525"",""-806577777777778"""
"ESP32_Ultra_06,""Plaza principal"",""4068"",""-51525"",""-806577777777778"""
"ESP32_Ultra_06,""Plaza principal"",""2255"",""-51525"",""-806577777777778"""
"ESP32_Ultra_06,""Plaza principal"",""5332"",""-51525"",""-806577777777778"""
"ESP32_Ultra_06,""Plaza principal"",""7284"",""-51525"",""-806577777777778"""
"ESP32_Ultra_06,""Plaza principal"",""5904"",""-51525"",""-806577777777778"""
"ESP32_Ultra_06,""Plaza principal"",""7039"",""-51525"",""-806577777777778"""
"ESP32_Ultra_06,""Plaza principal"",""5343"",""-51525"",""-806577777777778"""
"ESP32_Ultra_06,""Plaza principal"",""2482"",""-51525"",""-806577777777778"""
"ESP32_Ultra_06,""Plaza principal"",""2525"",""-51525"",""-806577777777778"""
"ESP32_Ultra_06,""Plaza principal"",""6148"",""-51525"",""-806577777777778"""
"ESP32_Ultra_06,""Plaza principal"",""1639"",""-51525"",""-806577777777778"""
"ESP32_Ultra_06,""Plaza principal"",""6666"",""-51525"",""-806577777777778"""
"ESP32_Ultra_06,""Plaza principal"",""1675"",""-51525"",""-806577777777778"""
"ESP32_Ultra_06,""Plaza principal"",""2232"",""-51525"",""-806577777777778"""
"ESP32_Ultra_06,""Plaza principal"",""2295"",""-51525"",""-806577777777778"""
"ESP32_Ultra_06,""Plaza principal"",""3684"",""-51525"",""-806577777777778"""
"ESP32_Ultra_06,""Plaza principal"",""3308"",""-51525"",""-806577777777778"""
"ESP32_Ultra_06,""Plaza principal"",""8006"",""-51525"",""-806577777777778"""
"ESP32_Ultra_06,""Plaza principal"",""64"",""-51525"",""-806577777777778"""
"ESP32_Ultra_06,""Plaza principal"",""1889"",""-51525"",""-806577777777778"""
"ESP32_Ultra_06,""Plaza principal"",""3985"",""-51525"",""-806577777777778"""
"ESP32_Ultra_06,""Plaza principal"",""5832"",""-51525"",""-806577777777778"""
"ESP32_Ultra_06,""Plaza principal"",""2568"",""-51525"",""-806577777777778"""
"ESP32_Ultra_06,""Plaza principal"",""2309"",""-51525"",""-806577777777778"""
"ESP32_Ultra_06,""Plaza principal"",""4501"",""-51525"",""-806577777777778"""
"ESP32_Ultra_06,""Plaza principal"",""4923"",""-51525"",""-806577777777778"""
"ESP32_Ultra_06,""Plaza principal"",""562"",""-51525"",""-806577777777778"""
"ESP32_Ultra_06,""Plaza principal"",""1477"",""-51525"",""-806577777777778"""
"ESP32_Ultra_06,""Plaza principal"",""378"",""-51525"",""-806577777777778"""
"ESP32_Ultra_06,""Plaza principal"",""1476"",""-51525"",""-806577777777778"""
"ESP32_Ultra_06,""Plaza principal"",""277"",""-51525"",""-806577777777778"""
"ESP32_Ultra_06,""Plaza principal"",""3164"",""-51525"",""-806577777777778"""
"ESP32_Ultra_06,""Plaza principal"",""6149"",""-51525"",""-806577777777778"""
"ESP32_Ultra_06,""Plaza principal"",""2329"",""-51525"",""-806577777777778"""
"ESP32_Ultra_06,""Plaza principal"",""123"",""-51525"",""-806577777777778"""
"ESP32_Ultra_06,""Plaza principal"",""2912"",""-51525"",""-806577777777778"""
"ESP32_Ultra_06,""Plaza principal"",""3038"",""-51525"",""-806577777777778"""
"ESP32_Ultra_06,""Plaza principal"",""7164"",""-51525"",""-806577777777778"""
"ESP32_Ultra_06,""Plaza principal"",""5467"",""-51525"",""-806577777777778"""
"ESP32_Ultra_06,""Plaza principal"",""4727"",""-51525"",""-806577777777778"""
"ESP32_Ultra_06,""Plaza principal"",""7259"",""-51525"",""-806577777777778"""
"ESP32_Ultra_06,""Plaza principal"",""1363"",""-51525"",""-806577777777778"""
"ESP32_Ultra_06,""Plaza principal"",""771"",""-51525"",""-806577777777778"""
"ESP32_Ultra_06,""Plaza principal"",""2542"",""-122133333333333"",""-769372222222222"""
"ESP32_Ultra_06,""Plaza principal"",""4775"",""-122133333333333"",""-769372222222222"""
"ESP32_Ultra_06,""Plaza principal"",""5299"",""-122133333333333"",""-769372222222222"""
"ESP32_Ultra_06,""Plaza principal"",""7715"",""-122133333333333"",""-769372222222222"""
"ESP32_Ultra_06,""Plaza principal"",""5403"",""-122133333333333"",""-769372222222222"""
"ESP32_Ultra_06,""Plaza principal"",""2403"",""-122133333333333"",""-769372222222222"""
"ESP32_Ultra_06,""Plaza principal"",""3257"",""-122133333333333"",""-769372222222222"""
"ESP32_Ultra_06,""Plaza principal"",""5904"",""-122133333333333"",""-769372222222222"""
"ESP32_Ultra_06,""Plaza principal"",""793"",""-122133333333333"",""-769372222222222"""
"ESP32_Ultra_06,""Plaza principal"",""7579"",""-122133333333333"",""-769372222222222"""
"ESP32_Ultra_06,""Plaza principal"",""1215"",""-122133333333333"",""-769372222222222"""
"ESP32_Ultra_06,""Plaza principal"",""6347"",""-122133333333333"",""-769372222222222"""
"ESP32_Ultra_06,""Plaza principal"",""8066"",""-122133333333333"",""-769372222222222"""
"ESP32_Ultra_06,""Plaza principal"",""334"",""-122133333333333"",""-769372222222222"""
"ESP32_Ultra_06,""Plaza principal"",""3899"",""-122133333333333"",""-769372222222222"""
"ESP32_Ultra_06,""Plaza principal"",""107"",""-122133333333333"",""-769372222222222"""
"ESP32_Ultra_06,""Plaza principal"",""5228"",""-122133333333333"",""-769372222222222"""
"ESP32_Ultra_06,""Plaza principal"",""205"",""-122133333333333"",""-769372222222222"""
"ESP32_Ultra_06,""Plaza principal"",""5723"",""-122133333333333"",""-769372222222222"""
"ESP32_Ultra_06,""Plaza principal"",""5171"",""-122133333333333"",""-769372222222222"""
"ESP32_Ultra_06,""Plaza principal"",""7945"",""-122133333333333"",""-769372222222222"""
"ESP32_Ultra_06,""Plaza principal"",""4702"",""-122133333333333"",""-769372222222222"""
"ESP32_Ultra_06,""Plaza principal"",""8071"",""-122133333333333"",""-769372222222222"""
"ESP32_Ultra_06,""Plaza principal"",""642"",""-122133333333333"",""-769372222222222"""
"ESP32_Ultra_06,""Plaza principal"",""3747"",""-122133333333333"",""-769372222222222"""
"ESP32_Ultra_06,""Plaza principal"",""4233"",""-122133333333333"",""-769372222222222"""
"ESP32_Ultra_06,""Plaza principal"",""2611"",""-122133333333333"",""-769372222222222"""
"ESP32_Ultra_06,""Plaza principal"",""526"",""-122133333333333"",""-769372222222222"""
"ESP32_Ultra_06,""Plaza principal"",""342"",""-122133333333333"",""-769372222222222"""
"ESP32_Ultra_06,""Plaza principal"",""2652"",""-122133333333333"",""-769372222222222"""
"ESP32_Ultra_06,""Plaza principal"",""3141"",""-122133333333333"",""-769372222222222"""
"ESP32_Ultra_06,""Plaza principal"",""5947"",""-122133333333333"",""-769372222222222"""
"ESP32_Ultra_06,""Plaza principal"",""1338"",""-122133333333333"",""-769372222222222"""
"ESP32_Ultra_06,""Plaza principal"",""519"",""-122133333333333"",""-769372222222222"""
"ESP32_Ultra_06,""Plaza principal"",""6322"",""-122133333333333"",""-769372222222222"""
"ESP32_Ultra_06,""Plaza principal"",""6979"",""-122133333333333"",""-769372222222222"""
"ESP32_Ultra_06,""Plaza principal"",""2086"",""-122133333333333"",""-769372222222222"""
"ESP32_Ultra_06,""Plaza principal"",""2277"",""-122133333333333"",""-769372222222222"""
"ESP32_Ultra_06,""Plaza principal"",""7172"",""-122133333333333"",""-769372222222222"""
"ESP32_Ultra_06,""Plaza principal"",""5408"",""-122133333333333"",""-769372222222222"""
"ESP32_Ultra_06,""Plaza principal"",""1867"",""-122133333333333"",""-769372222222222"""
"ESP32_Ultra_06,""Plaza principal"",""1781"",""-122133333333333"",""-769372222222222"""
"ESP32_Ultra_06,""Plaza principal"",""2231"",""-122133333333333"",""-769372222222222"""
"ESP32_Ultra_06,""Plaza principal"",""4986"",""-122133333333333"",""-769372222222222"""
"ESP32_Ultra_06,""Plaza principal"",""1757"",""-122133333333333"",""-769372222222222"""
"ESP32_Ultra_06,""Plaza principal"",""6142"",""-122133333333333"",""-769372222222222"""
"ESP32_Ultra_06,""Plaza principal"",""5051"",""-122133333333333"",""-769372222222222"""
"ESP32_Ultra_06,""Plaza principal"",""7865"",""-122133333333333"",""-769372222222222"""
"ESP32_Ultra_06,""Plaza principal"",""3969"",""-122133333333333"",""-769372222222222"""
"ESP32_Ultra_06,""Plaza principal"",""3996"",""-122133333333333"",""-769372222222222"""
"ESP32_Ultra_06,""Plaza principal"",""1915"",""-122133333333333"",""-769372222222222"""
"ESP32_Ultra_06,""Plaza principal"",""644"",""-122133333333333"",""-769372222222222"""
"ESP32_Ultra_06,""Plaza principal"",""6877"",""-122133333333333"",""-769372222222222"""
"ESP32_Ultra_06,""Plaza principal"",""7077"",""-122133333333333"",""-769372222222222"""
"ESP32_Ultra_06,""Plaza principal"",""3941"",""-122133333333333"",""-769372222222222"""
"ESP32_Ultra_06,""Plaza principal"",""6989"",""-122133333333333"",""-769372222222222"""
"ESP32_Ultra_06,""Plaza principal"",""2086"",""-122133333333333"",""-769372222222222"""
"ESP32_Ultra_06,""Plaza principal"",""1726"",""-122133333333333"",""-769372222222222"""
"ESP32_Ultra_06,""Plaza principal"",""5059"",""-122133333333333"",""-769372222222222"""
"ESP32_Ultra_06,""Plaza principal"",""404"",""-122133333333333"",""-769372222222222"""
"ESP32_Ultra_06,""Plaza principal"",""6091"",""-122133333333333"",""-769372222222222"""
"ESP32_Ultra_06,""Plaza principal"",""2778"",""-122133333333333"",""-769372222222222"""
"ESP32_Ultra_06,""Plaza principal"",""7857"",""-122133333333333"",""-769372222222222"""
"ESP32_Ultra_06,""Plaza principal"",""4506"",""-122133333333333"",""-769372222222222"""
"ESP32_Ultra_06,""Plaza principal"",""5012"",""-122133333333333"",""-769372222222222"""
"ESP32_Ultra_06,""Plaza principal"",""532"",""-122133333333333"",""-769372222222222"""
"ESP32_Ultra_06,""Plaza principal"",""2239"",""-122133333333333"",""-769372222222222"""
"ESP32_Ultra_06,""Plaza principal"",""1731"",""-122133333333333"",""-769372222222222"""
"ESP32_Ultra_06,""Plaza principal"",""4776"",""-122133333333333"",""-769372222222222"""
"ESP32_Ultra_06,""Plaza principal"",""222"",""-122133333333333"",""-769372222222222"""
"ESP32_Ultra_06,""Plaza principal"",""7529"",""-122133333333333"",""-769372222222222"""
"ESP32_Ultra_06,""Plaza principal"",""1038"",""-122133333333333"",""-769372222222222"""
"ESP32_Ultra_06,""Plaza principal"",""7821"",""-122133333333333"",""-769372222222222"""
"ESP32_Ultra_06,""Plaza principal"",""3556"",""-122133333333333"",""-769372222222222"""
"ESP32_Ultra_06,""Plaza principal"",""4887"",""-122133333333333"",""-769372222222222"""
"ESP32_Ultra_06,""Plaza principal"",""6195"",""-122133333333333"",""-769372222222222"""
"ESP32_Ultra_06,""Plaza principal"",""7988"",""-122133333333333"",""-769372222222222"""
"ESP32_Ultra_06,""Plaza principal"",""4675"",""-122133333333333"",""-769372222222222"""
"ESP32_Ultra_06,""Plaza principal"",""511"",""-122133333333333"",""-769372222222222"""
"ESP32_Ultra_06,""Plaza principal"",""3342"",""-122133333333333"",""-769372222222222"""
"ESP32_Ultra_06,""Plaza principal"",""7588"",""-122133333333333"",""-769372222222222"""
"ESP32_Ultra_06,""Plaza principal"",""4363"",""-122133333333333"",""-769372222222222"""
"ESP32_Ultra_06,""Plaza principal"",""5239"",""-122133333333333"",""-769372222222222"""
"ESP32_Ultra_06,""Plaza principal"",""5673"",""-122133333333333"",""-769372222222222"""
"ESP32_Ultra_06,""Plaza principal"",""6966"",""-122133333333333"",""-769372222222222"""
"ESP32_Ultra_06,""Plaza principal"",""3821"",""-122133333333333"",""-769372222222222"""
"ESP32_Ultra_06,""Plaza principal"",""1788"",""-122133333333333"",""-769372222222222"""
"ESP32_Ultra_06,""Plaza principal"",""715"",""-122133333333333"",""-769372222222222"""
"ESP32_Ultra_06,""Plaza principal"",""1069"",""-122133333333333"",""-769372222222222"""
"ESP32_Ultra_06,""Plaza principal"",""274"",""-122133333333333"",""-769372222222222"""
"ESP32_Ultra_06,""Plaza principal"",""2683"",""-122133333333333"",""-769372222222222"""
"ESP32_Ultra_06,""Plaza principal"",""805"",""-122133333333333"",""-769372222222222"""
"ESP32_Ultra_06,""Plaza principal"",""207"",""-122133333333333"",""-769372222222222"""
"ESP32_Ultra_06,""Plaza principal"",""209"",""-122133333333333"",""-769372222222222"""
"ESP32_Ultra_06,""Plaza principal"",""6292"",""-122133333333333"",""-769372222222222"""
"ESP32_Ultra_06,""Plaza principal"",""4822"",""-122133333333333"",""-769372222222222"""
"ESP32_Ultra_06,""Plaza principal"",""5951"",""-122133333333333"",""-769372222222222"""
"ESP32_Ultra_06,""Plaza principal"",""3522"",""-122133333333333"",""-769372222222222"""
"ESP32_Ultra_06,""Plaza principal"",""7302"",""-122133333333333"",""-769372222222222"""
"ESP32_Ultra_06,""Plaza principal"",""462"",""-122133333333333"",""-769372222222222"""
"ESP32_Ultra_06,""Plaza principal"",""334"",""-122133333333333"",""-769372222222222"""
"ESP32_Ultra_06,""Plaza principal"",""5698"",""-122133333333333"",""-769372222222222"""
"ESP32_Ultra_06,""Plaza principal"",""4528"",""-122133333333333"",""-769372222222222"""
"ESP32_Ultra_06,""Plaza principal"",""2279"",""-122133333333333"",""-769372222222222"""
"ESP32_Ultra_06,""Plaza principal"",""4017"",""-122133333333333"",""-769372222222222"""
"ESP32_Ultra_06,""Plaza principal"",""260"",""-122133333333333"",""-769372222222222"""
"ESP32_Ultra_06,""Plaza principal"",""5581"",""-122133333333333"",""-769372222222222"""
"ESP32_Ultra_06,""Plaza principal"",""2689"",""-122133333333333"",""-769372222222222"""
"ESP32_Ultra_06,""Plaza principal"",""176"",""-122133333333333"",""-769372222222222"""
"ESP32_Ultra_06,""Plaza principal"",""125"",""-122133333333333"",""-769372222222222"""
"ESP32_Ultra_06,""Plaza principal"",""4219"",""-122133333333333"",""-769372222222222"""
"ESP32_Ultra_06,""Plaza principal"",""5787"",""-122133333333333"",""-769372222222222"""
"ESP32_Ultra_06,""Plaza principal"",""4136"",""-122133333333333"",""-769372222222222"""
"ESP32_Ultra_06,""Plaza principal"",""159"",""-122133333333333"",""-769372222222222"""
"ESP32_Ultra_06,""Plaza principal"",""6532"",""-122133333333333"",""-769372222222222"""
"ESP32_Ultra_06,""Plaza principal"",""4379"",""-122133333333333"",""-769372222222222"""
"ESP32_Ultra_06,""Plaza principal"",""6113"",""-122133333333333"",""-769372222222222"""
"ESP32_Ultra_06,""Plaza principal"",""3496"",""-122133333333333"",""-769372222222222"""
"ESP32_Ultra_06,""Plaza principal"",""2506"",""-122133333333333"",""-769372222222222"""
"ESP32_Ultra_06,""Plaza principal"",""498"",""-122133333333333"",""-769372222222222"""
"ESP32_Ultra_06,""Plaza principal"",""317"",""-122133333333333"",""-769372222222222"""
"ESP32_Ultra_06,""Plaza principal"",""3547"",""-122133333333333"",""-769372222222222"""
"ESP32_Ultra_06,""Plaza principal"",""1075"",""-122133333333333"",""-769372222222222"""
"ESP32_Ultra_06,""Plaza principal"",""2851"",""-122133333333333"",""-769372222222222"""
"ESP32_Ultra_06,""Plaza principal"",""5293"",""-122133333333333"",""-769372222222222"""
"ESP32_Ultra_06,""Plaza principal"",""3732"",""-122133333333333"",""-769372222222222"""
"ESP32_Ultra_06,""Plaza principal"",""2827"",""-122133333333333"",""-769372222222222"""
"ESP32_Ultra_06,""Plaza principal"",""5795"",""-122133333333333"",""-769372222222222"""
"ESP32_Ultra_06,""Plaza principal"",""5921"",""-122133333333333"",""-769372222222222"""
"ESP32_Ultra_06,""Plaza principal"",""8055"",""-122133333333333"",""-769372222222222"""
"ESP32_Ultra_06,""Plaza principal"",""3665"",""-122133333333333"",""-769372222222222"""
"ESP32_Ultra_06,""Plaza principal"",""4817"",""-122133333333333"",""-769372222222222"""
"ESP32_Ultra_06,""Plaza principal"",""3908"",""-122133333333333"",""-769372222222222"""
"ESP32_Ultra_06,""Plaza principal"",""3937"",""-122133333333333"",""-769372222222222"""
"ESP32_Ultra_06,""Plaza principal"",""4056"",""-122133333333333"",""-769372222222222"""
"ESP32_Ultra_06,""Plaza principal"",""5385"",""-122133333333333"",""-769372222222222"""
"ESP32_Ultra_06,""Plaza principal"",""521"",""-122133333333333"",""-769372222222222"""
"ESP32_Ultra_06,""Plaza principal"",""729"",""-122133333333333"",""-769372222222222"""
"ESP32_Ultra_06,""Plaza principal"",""991"",""-122133333333333"",""-769372222222222"""
"ESP32_Ultra_06,""Plaza principal"",""491"",""-122133333333333"",""-769372222222222"""
"ESP32_Ultra_06,""Plaza principal"",""6178"",""-122133333333333"",""-769372222222222"""
"ESP32_Ultra_06,""Plaza principal"",""5995"",""-122133333333333"",""-769372222222222"""
"ESP32_Ultra_06,""Plaza principal"",""3377"",""-122133333333333"",""-769372222222222"""
"ESP32_Ultra_06,""Plaza principal"",""3574"",""-122133333333333"",""-769372222222222"""
"ESP32_Ultra_06,""Plaza principal"",""2069"",""-122133333333333"",""-769372222222222"""
"ESP32_Ultra_06,""Plaza principal"",""1403"",""-122133333333333"",""-769372222222222"""
"ESP32_Ultra_06,""Plaza principal"",""2318"",""-122133333333333"",""-769372222222222"""
"ESP32_Ultra_06,""Plaza principal"",""7378"",""-122133333333333"",""-769372222222222"""
"ESP32_Ultra_06,""Plaza principal"",""195"",""-122133333333333"",""-769372222222222"""
"ESP32_Ultra_06,""Plaza principal"",""674"",""-122133333333333"",""-769372222222222"""
"ESP32_Ultra_06,""Plaza principal"",""4154"",""-122133333333333"",""-769372222222222"""
"ESP32_Ultra_06,""Plaza principal"",""5082"",""-122133333333333"",""-769372222222222"""
"ESP32_Ultra_06,""Plaza principal"",""2565"",""-122133333333333"",""-769372222222222"""
"ESP32_Ultra_06,""Plaza principal"",""516"",""-122133333333333"",""-769372222222222"""
"ESP32_Ultra_06,""Plaza principal"",""2733"",""-122133333333333"",""-769372222222222"""
"ESP32_Ultra_06,""Plaza principal"",""2947"",""-122133333333333"",""-769372222222222"""
"ESP32_Ultra_06,""Plaza principal"",""89"",""-122133333333333"",""-769372222222222"""
"ESP32_Ultra_06,""Plaza principal"",""5162"",""-122133333333333"",""-769372222222222"""
"ESP32_Ultra_06,""Plaza principal"",""622"",""-122133333333333"",""-769372222222222"""
"ESP32_Ultra_06,""Plaza principal"",""7786"",""-122133333333333"",""-769372222222222"""
"ESP32_Ultra_06,""Plaza principal"",""4556"",""-122133333333333"",""-769372222222222"""
"ESP32_Ultra_06,""Plaza principal"",""579"",""-122133333333333"",""-769372222222222"""
"ESP32_Ultra_06,""Plaza principal"",""4886"",""-122133333333333"",""-769372222222222"""
"ESP32_Ultra_06,""Plaza principal"",""7228"",""-122133333333333"",""-769372222222222"""
"ESP32_Ultra_06,""Plaza principal"",""5305"",""-122133333333333"",""-769372222222222"""
"ESP32_Ultra_06,""Plaza principal"",""2691"",""-122133333333333"",""-769372222222222"""
"ESP32_Ultra_07,""Centro comercial"",""6706"",""-993"",""-762397222222222"""
"ESP32_Ultra_07,""Centro comercial"",""2095"",""-993"",""-762397222222222"""
"ESP32_Ultra_07,""Centro comercial"",""2006"",""-993"",""-762397222222222"""
"ESP32_Ultra_07,""Centro comercial"",""3929"",""-993"",""-762397222222222"""
"ESP32_Ultra_07,""Centro comercial"",""3443"",""-993"",""-762397222222222"""
"ESP32_Ultra_07,""Centro comercial"",""1974"",""-993"",""-762397222222222"""
"ESP32_Ultra_07,""Centro comercial"",""7581"",""-993"",""-762397222222222"""
"ESP32_Ultra_07,""Centro comercial"",""6339"",""-993"",""-762397222222222"""
"ESP32_Ultra_07,""Centro comercial"",""5778"",""-993"",""-762397222222222"""
"ESP32_Ultra_07,""Centro comercial"",""7932"",""-993"",""-762397222222222"""
"ESP32_Ultra_07,""Centro comercial"",""4994"",""-993"",""-762397222222222"""
"ESP32_Ultra_07,""Centro comercial"",""6831"",""-993"",""-762397222222222"""
"ESP32_Ultra_07,""Centro comercial"",""563"",""-993"",""-762397222222222"""
"ESP32_Ultra_07,""Centro comercial"",""583"",""-993"",""-762397222222222"""
"ESP32_Ultra_07,""Centro comercial"",""3042"",""-993"",""-762397222222222"""
"ESP32_Ultra_07,""Centro comercial"",""442"",""-993"",""-762397222222222"""
"ESP32_Ultra_07,""Centro comercial"",""2817"",""-993"",""-762397222222222"""
"ESP32_Ultra_07,""Centro comercial"",""685"",""-993"",""-762397222222222"""
"ESP32_Ultra_07,""Centro comercial"",""7018"",""-993"",""-762397222222222"""
"ESP32_Ultra_07,""Centro comercial"",""6503"",""-993"",""-762397222222222"""
"ESP32_Ultra_07,""Centro comercial"",""51"",""-993"",""-762397222222222"""
"ESP32_Ultra_07,""Centro comercial"",""7088"",""-993"",""-762397222222222"""
"ESP32_Ultra_07,""Centro comercial"",""4824"",""-993"",""-762397222222222"""
"ESP32_Ultra_07,""Centro comercial"",""689"",""-993"",""-762397222222222"""
"ESP32_Ultra_07,""Centro comercial"",""4638"",""-993"",""-762397222222222"""
"ESP32_Ultra_07,""Centro comercial"",""6165"",""-993"",""-762397222222222"""
"ESP32_Ultra_07,""Centro comercial"",""7958"",""-993"",""-762397222222222"""
"ESP32_Ultra_07,""Centro comercial"",""2469"",""-993"",""-762397222222222"""
"ESP32_Ultra_07,""Centro comercial"",""117"",""-993"",""-762397222222222"""
"ESP32_Ultra_07,""Centro comercial"",""2531"",""-993"",""-762397222222222"""
"ESP32_Ultra_07,""Centro comercial"",""7672"",""-993"",""-762397222222222"""
"ESP32_Ultra_07,""Centro comercial"",""304"",""-993"",""-762397222222222"""
"ESP32_Ultra_07,""Centro comercial"",""5159"",""-993"",""-762397222222222"""
"ESP32_Ultra_07,""Centro comercial"",""2783"",""-993"",""-762397222222222"""
"ESP32_Ultra_07,""Centro comercial"",""541"",""-993"",""-762397222222222"""
"ESP32_Ultra_07,""Centro comercial"",""124"",""-993"",""-762397222222222"""
"ESP32_Ultra_07,""Centro comercial"",""3597"",""-993"",""-762397222222222"""
"ESP32_Ultra_07,""Centro comercial"",""5513"",""-993"",""-762397222222222"""
"ESP32_Ultra_07,""Centro comercial"",""647"",""-993"",""-762397222222222"""
"ESP32_Ultra_07,""Centro comercial"",""129"",""-993"",""-762397222222222"""
"ESP32_Ultra_07,""Centro comercial"",""1812"",""-993"",""-762397222222222"""
"ESP32_Ultra_07,""Centro comercial"",""3559"",""-993"",""-762397222222222"""
"ESP32_Ultra_07,""Centro comercial"",""5166"",""-993"",""-762397222222222"""
"ESP32_Ultra_07,""Centro comercial"",""7506"",""-993"",""-762397222222222"""
"ESP32_Ultra_07,""Centro comercial"",""7554"",""-993"",""-762397222222222"""
"ESP32_Ultra_07,""Centro comercial"",""4856"",""-993"",""-762397222222222"""
"ESP32_Ultra_07,""Centro comercial"",""4643"",""-993"",""-762397222222222"""
"ESP32_Ultra_07,""Centro comercial"",""3286"",""-993"",""-762397222222222"""
"ESP32_Ultra_07,""Centro comercial"",""3667"",""-993"",""-762397222222222"""
"ESP32_Ultra_07,""Centro comercial"",""842"",""-993"",""-762397222222222"""
"ESP32_Ultra_07,""Centro comercial"",""1921"",""-993"",""-762397222222222"""
"ESP32_Ultra_07,""Centro comercial"",""5116"",""-993"",""-762397222222222"""
"ESP32_Ultra_07,""Centro comercial"",""6076"",""-993"",""-762397222222222"""
"ESP32_Ultra_07,""Centro comercial"",""4089"",""-993"",""-762397222222222"""
"ESP32_Ultra_07,""Centro comercial"",""5245"",""-993"",""-762397222222222"""
"ESP32_Ultra_07,""Centro comercial"",""5053"",""-993"",""-762397222222222"""
"ESP32_Ultra_07,""Centro comercial"",""526"",""-993"",""-762397222222222"""
"ESP32_Ultra_07,""Centro comercial"",""6095"",""-993"",""-762397222222222"""
"ESP32_Ultra_07,""Centro comercial"",""5648"",""-993"",""-762397222222222"""
"ESP32_Ultra_07,""Centro comercial"",""8081"",""-993"",""-762397222222222"""
"ESP32_Ultra_07,""Centro comercial"",""1905"",""-993"",""-762397222222222"""
"ESP32_Ultra_07,""Centro comercial"",""2407"",""-993"",""-762397222222222"""
"ESP32_Ultra_07,""Centro comercial"",""486"",""-993"",""-762397222222222"""
"ESP32_Ultra_07,""Centro comercial"",""5643"",""-993"",""-762397222222222"""
"ESP32_Ultra_07,""Centro comercial"",""7989"",""-993"",""-762397222222222"""
"ESP32_Ultra_07,""Centro comercial"",""132"",""-993"",""-762397222222222"""
"ESP32_Ultra_07,""Centro comercial"",""7243"",""-993"",""-762397222222222"""
"ESP32_Ultra_07,""Centro comercial"",""5741"",""-993"",""-762397222222222"""
"ESP32_Ultra_07,""Centro comercial"",""655"",""-993"",""-762397222222222"""
"ESP32_Ultra_07,""Centro comercial"",""429"",""-993"",""-762397222222222"""
"ESP32_Ultra_07,""Centro comercial"",""533"",""-993"",""-762397222222222"""
"ESP32_Ultra_07,""Centro comercial"",""2822"",""-993"",""-762397222222222"""
"ESP32_Ultra_07,""Centro comercial"",""5344"",""-993"",""-762397222222222"""
"ESP32_Ultra_07,""Centro comercial"",""1749"",""-993"",""-762397222222222"""
"ESP32_Ultra_07,""Centro comercial"",""449"",""-993"",""-762397222222222"""
"ESP32_Ultra_07,""Centro comercial"",""893"",""-993"",""-762397222222222"""
"ESP32_Ultra_07,""Centro comercial"",""7295"",""-993"",""-762397222222222"""
"ESP32_Ultra_07,""Centro comercial"",""5904"",""-993"",""-762397222222222"""
"ESP32_Ultra_07,""Centro comercial"",""5154"",""-993"",""-762397222222222"""
"ESP32_Ultra_07,""Centro comercial"",""1658"",""-993"",""-762397222222222"""
"ESP32_Ultra_07,""Centro comercial"",""4099"",""-993"",""-762397222222222"""
"ESP32_Ultra_07,""Centro comercial"",""5251"",""-993"",""-762397222222222"""
"ESP32_Ultra_07,""Centro comercial"",""628"",""-993"",""-762397222222222"""
"ESP32_Ultra_07,""Centro comercial"",""2281"",""-993"",""-762397222222222"""
"ESP32_Ultra_07,""Centro comercial"",""4059"",""-993"",""-762397222222222"""
"ESP32_Ultra_07,""Centro comercial"",""6638"",""-993"",""-762397222222222"""
"ESP32_Ultra_07,""Centro comercial"",""6063"",""-993"",""-762397222222222"""
"ESP32_Ultra_07,""Centro comercial"",""2841"",""-993"",""-762397222222222"""
"ESP32_Ultra_07,""Centro comercial"",""6501"",""-993"",""-762397222222222"""
"ESP32_Ultra_07,""Centro comercial"",""6374"",""-993"",""-762397222222222"""
"ESP32_Ultra_07,""Centro comercial"",""1209"",""-993"",""-762397222222222"""
"ESP32_Ultra_07,""Centro comercial"",""3256"",""-993"",""-762397222222222"""
"ESP32_Ultra_07,""Centro comercial"",""4417"",""-993"",""-762397222222222"""
"ESP32_Ultra_07,""Centro comercial"",""2075"",""-993"",""-762397222222222"""
"ESP32_Ultra_07,""Centro comercial"",""1973"",""-993"",""-762397222222222"""
"ESP32_Ultra_07,""Centro comercial"",""7834"",""-993"",""-762397222222222"""
"ESP32_Ultra_07,""Centro comercial"",""579"",""-993"",""-762397222222222"""
"ESP32_Ultra_07,""Centro comercial"",""7475"",""-993"",""-762397222222222"""
"ESP32_Ultra_07,""Centro comercial"",""4645"",""-993"",""-762397222222222"""
"ESP32_Ultra_07,""Centro comercial"",""7095"",""-993"",""-762397222222222"""
"ESP32_Ultra_07,""Centro comercial"",""501"",""-993"",""-762397222222222"""
"ESP32_Ultra_07,""Centro comercial"",""2337"",""-993"",""-762397222222222"""
"ESP32_Ultra_07,""Centro comercial"",""3146"",""-993"",""-762397222222222"""
"ESP32_Ultra_07,""Centro comercial"",""7487"",""-993"",""-762397222222222"""
"ESP32_Ultra_07,""Centro comercial"",""7766"",""-993"",""-762397222222222"""
"ESP32_Ultra_07,""Centro comercial"",""3622"",""-993"",""-762397222222222"""
"ESP32_Ultra_07,""Centro comercial"",""1014"",""-993"",""-762397222222222"""
"ESP32_Ultra_07,""Centro comercial"",""4735"",""-993"",""-762397222222222"""
"ESP32_Ultra_07,""Centro comercial"",""3566"",""-993"",""-762397222222222"""
"ESP32_Ultra_07,""Centro comercial"",""6709"",""-993"",""-762397222222222"""
"ESP32_Ultra_07,""Centro comercial"",""7365"",""-993"",""-762397222222222"""
"ESP32_Ultra_07,""Centro comercial"",""7549"",""-993"",""-762397222222222"""
"ESP32_Ultra_07,""Centro comercial"",""4617"",""-993"",""-762397222222222"""
"ESP32_Ultra_07,""Centro comercial"",""3644"",""-993"",""-762397222222222"""
"ESP32_Ultra_07,""Centro comercial"",""6796"",""-993"",""-762397222222222"""
"ESP32_Ultra_07,""Centro comercial"",""3981"",""-993"",""-762397222222222"""
"ESP32_Ultra_07,""Centro comercial"",""508"",""-993"",""-762397222222222"""
"ESP32_Ultra_07,""Centro comercial"",""251"",""-993"",""-762397222222222"""
"ESP32_Ultra_07,""Centro comercial"",""3894"",""-993"",""-762397222222222"""
"ESP32_Ultra_07,""Centro comercial"",""6422"",""-993"",""-762397222222222"""
"ESP32_Ultra_07,""Centro comercial"",""712"",""-993"",""-762397222222222"""
"ESP32_Ultra_07,""Centro comercial"",""2687"",""-993"",""-762397222222222"""
"ESP32_Ultra_07,""Centro comercial"",""4675"",""-993"",""-762397222222222"""
"ESP32_Ultra_07,""Centro comercial"",""7582"",""-993"",""-762397222222222"""
"ESP32_Ultra_07,""Centro comercial"",""7348"",""-993"",""-762397222222222"""
"ESP32_Ultra_07,""Centro comercial"",""4691"",""-993"",""-762397222222222"""
"ESP32_Ultra_07,""Centro comercial"",""7773"",""-993"",""-762397222222222"""
"ESP32_Ultra_07,""Centro comercial"",""3236"",""-993"",""-762397222222222"""
"ESP32_Ultra_07,""Centro comercial"",""448"",""-993"",""-762397222222222"""
"ESP32_Ultra_07,""Centro comercial"",""1262"",""-993"",""-762397222222222"""
"ESP32_Ultra_07,""Centro comercial"",""7722"",""-993"",""-762397222222222"""
"ESP32_Ultra_07,""Centro comercial"",""1276"",""-993"",""-762397222222222"""
"ESP32_Ultra_07,""Centro comercial"",""4279"",""-993"",""-762397222222222"""
"ESP32_Ultra_07,""Centro comercial"",""169"",""-993"",""-762397222222222"""
"ESP32_Ultra_07,""Centro comercial"",""4192"",""-993"",""-762397222222222"""
"ESP32_Ultra_07,""Centro comercial"",""295"",""-993"",""-762397222222222"""
"ESP32_Ultra_07,""Centro comercial"",""5038"",""-993"",""-762397222222222"""
"ESP32_Ultra_07,""Centro comercial"",""704"",""-993"",""-762397222222222"""
"ESP32_Ultra_07,""Centro comercial"",""3901"",""-993"",""-762397222222222"""
"ESP32_Ultra_07,""Centro comercial"",""2154"",""-993"",""-762397222222222"""
"ESP32_Ultra_07,""Centro comercial"",""5623"",""-993"",""-762397222222222"""
"ESP32_Ultra_07,""Centro comercial"",""3588"",""-993"",""-762397222222222"""
"ESP32_Ultra_07,""Centro comercial"",""6106"",""-993"",""-762397222222222"""
"ESP32_Ultra_07,""Centro comercial"",""6551"",""-993"",""-762397222222222"""
"ESP32_Ultra_07,""Centro comercial"",""537"",""-993"",""-762397222222222"""
"ESP32_Ultra_07,""Centro comercial"",""1997"",""-993"",""-762397222222222"""
"ESP32_Ultra_07,""Centro comercial"",""7338"",""-993"",""-762397222222222"""
"ESP32_Ultra_07,""Centro comercial"",""838"",""-993"",""-762397222222222"""
"ESP32_Ultra_07,""Centro comercial"",""543"",""-993"",""-762397222222222"""
"ESP32_Ultra_07,""Centro comercial"",""5698"",""-993"",""-762397222222222"""
"ESP32_Ultra_07,""Centro comercial"",""2685"",""-993"",""-762397222222222"""
"ESP32_Ultra_07,""Centro comercial"",""6952"",""-993"",""-762397222222222"""
"ESP32_Ultra_07,""Centro comercial"",""782"",""-993"",""-762397222222222"""
"ESP32_Ultra_07,""Centro comercial"",""2803"",""-993"",""-762397222222222"""
"ESP32_Ultra_07,""Centro comercial"",""2186"",""-993"",""-762397222222222"""
"ESP32_Ultra_07,""Centro comercial"",""4943"",""-993"",""-762397222222222"""
"ESP32_Ultra_07,""Centro comercial"",""4785"",""-993"",""-762397222222222"""
"ESP32_Ultra_07,""Centro comercial"",""7827"",""-993"",""-762397222222222"""
"ESP32_Ultra_07,""Centro comercial"",""7038"",""-993"",""-762397222222222"""
"ESP32_Ultra_07,""Centro comercial"",""110"",""-993"",""-762397222222222"""
"ESP32_Ultra_07,""Centro comercial"",""1363"",""-993"",""-762397222222222"""
"ESP32_Ultra_07,""Centro comercial"",""7125"",""-993"",""-762397222222222"""
"ESP32_Ultra_07,""Centro comercial"",""109"",""-993"",""-762397222222222"""
"ESP32_Ultra_07,""Centro comercial"",""5559"",""-993"",""-762397222222222"""
"ESP32_Ultra_07,""Centro comercial"",""1847"",""-993"",""-762397222222222"""
"ESP32_Ultra_07,""Centro comercial"",""2057"",""-993"",""-762397222222222"""
"ESP32_Ultra_07,""Centro comercial"",""2996"",""-993"",""-762397222222222"""
"ESP32_Ultra_07,""Centro comercial"",""5816"",""-993"",""-762397222222222"""
"ESP32_Ultra_07,""Centro comercial"",""1385"",""-993"",""-762397222222222"""
"ESP32_Ultra_07,""Centro comercial"",""4909"",""-993"",""-762397222222222"""
"ESP32_Ultra_07,""Centro comercial"",""3606"",""-993"",""-762397222222222"""
"ESP32_Ultra_07,""Centro comercial"",""7557"",""-993"",""-762397222222222"""
"ESP32_Ultra_07,""Centro comercial"",""3416"",""-993"",""-762397222222222"""
"ESP32_Ultra_07,""Centro comercial"",""6368"",""-993"",""-762397222222222"""
"ESP32_Ultra_07,""Centro comercial"",""3438"",""-993"",""-762397222222222"""
"ESP32_Ultra_07,""Centro comercial"",""2435"",""-993"",""-762397222222222"""
"ESP32_Ultra_07,""Centro comercial"",""6168"",""-993"",""-762397222222222"""
"ESP32_Ultra_07,""Centro comercial"",""5966"",""-993"",""-762397222222222"""
"ESP32_Ultra_07,""Centro comercial"",""304"",""-993"",""-762397222222222"""
"ESP32_Ultra_07,""Centro comercial"",""6068"",""-993"",""-762397222222222"""
"ESP32_Ultra_07,""Centro comercial"",""418"",""-993"",""-762397222222222"""
"ESP32_Ultra_07,""Centro comercial"",""1726"",""-993"",""-762397222222222"""
"ESP32_Ultra_07,""Centro comercial"",""94"",""-993"",""-762397222222222"""
"ESP32_Ultra_07,""Centro comercial"",""667"",""-993"",""-762397222222222"""
"ESP32_Ultra_07,""Centro comercial"",""2157"",""-993"",""-762397222222222"""
"ESP32_Ultra_07,""Centro comercial"",""5871"",""-993"",""-762397222222222"""
"ESP32_Ultra_07,""Centro comercial"",""1845"",""-993"",""-762397222222222"""
"ESP32_Ultra_07,""Centro comercial"",""6727"",""-993"",""-762397222222222"""
"ESP32_Ultra_07,""Centro comercial"",""6008"",""-993"",""-762397222222222"""
"ESP32_Ultra_07,""Centro comercial"",""998"",""-993"",""-762397222222222"""
"ESP32_Ultra_07,""Centro comercial"",""2705"",""-993"",""-762397222222222"""
"ESP32_Ultra_07,""Centro comercial"",""324"",""-993"",""-762397222222222"""
"ESP32_Ultra_07,""Centro comercial"",""6472"",""-993"",""-762397222222222"""
"ESP32_Ultra_07,""Centro comercial"",""6166"",""-993"",""-762397222222222"""
"ESP32_Ultra_07,""Centro comercial"",""4394"",""-993"",""-762397222222222"""
"ESP32_Ultra_07,""Centro comercial"",""819"",""-130777777777778"",""-763877777777778"""
"ESP32_Ultra_07,""Centro comercial"",""1061"",""-130777777777778"",""-763877777777778"""
"ESP32_Ultra_07,""Centro comercial"",""7786"",""-130777777777778"",""-763877777777778"""
"ESP32_Ultra_07,""Centro comercial"",""2248"",""-130777777777778"",""-763877777777778"""
"ESP32_Ultra_07,""Centro comercial"",""6316"",""-130777777777778"",""-763877777777778"""
"ESP32_Ultra_07,""Centro comercial"",""5316"",""-130777777777778"",""-763877777777778"""
"ESP32_Ultra_07,""Centro comercial"",""7034"",""-130777777777778"",""-763877777777778"""
"ESP32_Ultra_07,""Centro comercial"",""3809"",""-130777777777778"",""-763877777777778"""
"ESP32_Ultra_07,""Centro comercial"",""1298"",""-130777777777778"",""-763877777777778"""
"ESP32_Ultra_07,""Centro comercial"",""6495"",""-130777777777778"",""-763877777777778"""
"ESP32_Ultra_07,""Centro comercial"",""6843"",""-130777777777778"",""-763877777777778"""
"ESP32_Ultra_07,""Centro comercial"",""5202"",""-130777777777778"",""-763877777777778"""
"ESP32_Ultra_07,""Centro comercial"",""6036"",""-130777777777778"",""-763877777777778"""
"ESP32_Ultra_07,""Centro comercial"",""4828"",""-130777777777778"",""-763877777777778"""
"ESP32_Ultra_07,""Centro comercial"",""194"",""-130777777777778"",""-763877777777778"""
"ESP32_Ultra_07,""Centro comercial"",""1621"",""-130777777777778"",""-763877777777778"""
"ESP32_Ultra_07,""Centro comercial"",""7085"",""-130777777777778"",""-763877777777778"""
"ESP32_Ultra_07,""Centro comercial"",""2142"",""-130777777777778"",""-763877777777778"""
"ESP32_Ultra_07,""Centro comercial"",""3853"",""-130777777777778"",""-763877777777778"""
"ESP32_Ultra_07,""Centro comercial"",""2188"",""-130777777777778"",""-763877777777778"""
"ESP32_Ultra_07,""Centro comercial"",""5524"",""-130777777777778"",""-763877777777778"""
"ESP32_Ultra_07,""Centro comercial"",""6863"",""-130777777777778"",""-763877777777778"""
"ESP32_Ultra_07,""Centro comercial"",""6926"",""-130777777777778"",""-763877777777778"""
"ESP32_Ultra_07,""Centro comercial"",""2688"",""-130777777777778"",""-763877777777778"""
"ESP32_Ultra_07,""Centro comercial"",""446"",""-130777777777778"",""-763877777777778"""
"ESP32_Ultra_07,""Centro comercial"",""4817"",""-130777777777778"",""-763877777777778"""
"ESP32_Ultra_07,""Centro comercial"",""780"",""-130777777777778"",""-763877777777778"""
"ESP32_Ultra_07,""Centro comercial"",""6773"",""-130777777777778"",""-763877777777778"""
"ESP32_Ultra_07,""Centro comercial"",""1165"",""-130777777777778"",""-763877777777778"""
"ESP32_Ultra_07,""Centro comercial"",""6202"",""-130777777777778"",""-763877777777778"""
"ESP32_Ultra_07,""Centro comercial"",""4611"",""-130777777777778"",""-763877777777778"""
"ESP32_Ultra_07,""Centro comercial"",""56"",""-130777777777778"",""-763877777777778"""
"ESP32_Ultra_07,""Centro comercial"",""5076"",""-130777777777778"",""-763877777777778"""
"ESP32_Ultra_07,""Centro comercial"",""7339"",""-130777777777778"",""-763877777777778"""
"ESP32_Ultra_07,""Centro comercial"",""4107"",""-130777777777778"",""-763877777777778"""
"ESP32_Ultra_07,""Centro comercial"",""1835"",""-130777777777778"",""-763877777777778"""
"ESP32_Ultra_07,""Centro comercial"",""6971"",""-130777777777778"",""-763877777777778"""
"ESP32_Ultra_07,""Centro comercial"",""3134"",""-130777777777778"",""-763877777777778"""
"ESP32_Ultra_07,""Centro comercial"",""6908"",""-130777777777778"",""-763877777777778"""
"ESP32_Ultra_07,""Centro comercial"",""2046"",""-130777777777778"",""-763877777777778"""
"ESP32_Ultra_07,""Centro comercial"",""6208"",""-130777777777778"",""-763877777777778"""
"ESP32_Ultra_07,""Centro comercial"",""239"",""-130777777777778"",""-763877777777778"""
"ESP32_Ultra_07,""Centro comercial"",""6551"",""-130777777777778"",""-763877777777778"""
"ESP32_Ultra_07,""Centro comercial"",""3692"",""-130777777777778"",""-763877777777778"""
"ESP32_Ultra_07,""Centro comercial"",""3437"",""-130777777777778"",""-763877777777778"""
"ESP32_Ultra_07,""Centro comercial"",""1635"",""-130777777777778"",""-763877777777778"""
"ESP32_Ultra_07,""Centro comercial"",""1844"",""-130777777777778"",""-763877777777778"""
"ESP32_Ultra_07,""Centro comercial"",""6977"",""-130777777777778"",""-763877777777778"""
"ESP32_Ultra_07,""Centro comercial"",""3469"",""-130777777777778"",""-763877777777778"""
"ESP32_Ultra_07,""Centro comercial"",""6779"",""-130777777777778"",""-763877777777778"""
"ESP32_Ultra_07,""Centro comercial"",""829"",""-130777777777778"",""-763877777777778"""
"ESP32_Ultra_07,""Centro comercial"",""309"",""-130777777777778"",""-763877777777778"""
"ESP32_Ultra_07,""Centro comercial"",""569"",""-130777777777778"",""-763877777777778"""
"ESP32_Ultra_07,""Centro comercial"",""657"",""-130777777777778"",""-763877777777778"""
"ESP32_Ultra_07,""Centro comercial"",""2111"",""-130777777777778"",""-763877777777778"""
"ESP32_Ultra_07,""Centro comercial"",""4325"",""-130777777777778"",""-763877777777778"""
"ESP32_Ultra_07,""Centro comercial"",""2952"",""-130777777777778"",""-763877777777778"""
"ESP32_Ultra_07,""Centro comercial"",""1052"",""-130777777777778"",""-763877777777778"""
"ESP32_Ultra_07,""Centro comercial"",""943"",""-130777777777778"",""-763877777777778"""
"ESP32_Ultra_07,""Centro comercial"",""2276"",""-130777777777778"",""-763877777777778"""
"ESP32_Ultra_07,""Centro comercial"",""3083"",""-130777777777778"",""-763877777777778"""
"ESP32_Ultra_07,""Centro comercial"",""484"",""-130777777777778"",""-763877777777778"""
"ESP32_Ultra_07,""Centro comercial"",""5086"",""-130777777777778"",""-763877777777778"""
"ESP32_Ultra_07,""Centro comercial"",""6652"",""-130777777777778"",""-763877777777778"""
"ESP32_Ultra_07,""Centro comercial"",""1589"",""-130777777777778"",""-763877777777778"""
"ESP32_Ultra_07,""Centro comercial"",""5185"",""-130777777777778"",""-763877777777778"""
"ESP32_Ultra_07,""Centro comercial"",""498"",""-130777777777778"",""-763877777777778"""
"ESP32_Ultra_07,""Centro comercial"",""3231"",""-130777777777778"",""-763877777777778"""
"ESP32_Ultra_07,""Centro comercial"",""5517"",""-130777777777778"",""-763877777777778"""
"ESP32_Ultra_07,""Centro comercial"",""164"",""-130777777777778"",""-763877777777778"""
"ESP32_Ultra_07,""Centro comercial"",""4588"",""-130777777777778"",""-763877777777778"""
"ESP32_Ultra_07,""Centro comercial"",""2521"",""-130777777777778"",""-763877777777778"""
"ESP32_Ultra_07,""Centro comercial"",""2594"",""-130777777777778"",""-763877777777778"""
"ESP32_Ultra_07,""Centro comercial"",""1156"",""-130777777777778"",""-763877777777778"""
"ESP32_Ultra_07,""Centro comercial"",""4115"",""-130777777777778"",""-763877777777778"""
"ESP32_Ultra_07,""Centro comercial"",""1874"",""-130777777777778"",""-763877777777778"""
"ESP32_Ultra_07,""Centro comercial"",""2989"",""-130777777777778"",""-763877777777778"""
"ESP32_Ultra_07,""Centro comercial"",""4988"",""-130777777777778"",""-763877777777778"""
"ESP32_Ultra_07,""Centro comercial"",""2481"",""-130777777777778"",""-763877777777778"""
"ESP32_Ultra_07,""Centro comercial"",""2876"",""-130777777777778"",""-763877777777778"""
"ESP32_Ultra_07,""Centro comercial"",""2104"",""-130777777777778"",""-763877777777778"""
"ESP32_Ultra_07,""Centro comercial"",""7556"",""-130777777777778"",""-763877777777778"""
"ESP32_Ultra_07,""Centro comercial"",""1923"",""-130777777777778"",""-763877777777778"""
"ESP32_Ultra_07,""Centro comercial"",""5448"",""-130777777777778"",""-763877777777778"""
"ESP32_Ultra_07,""Centro comercial"",""6599"",""-130777777777778"",""-763877777777778"""
"ESP32_Ultra_07,""Centro comercial"",""2869"",""-130777777777778"",""-763877777777778"""
"ESP32_Ultra_07,""Centro comercial"",""5773"",""-130777777777778"",""-763877777777778"""
"ESP32_Ultra_07,""Centro comercial"",""5017"",""-130777777777778"",""-763877777777778"""
"ESP32_Ultra_07,""Centro comercial"",""662"",""-130777777777778"",""-763877777777778"""
"ESP32_Ultra_07,""Centro comercial"",""6441"",""-130777777777778"",""-763877777777778"""
"ESP32_Ultra_07,""Centro comercial"",""2297"",""-130777777777778"",""-763877777777778"""
"ESP32_Ultra_07,""Centro comercial"",""1326"",""-130777777777778"",""-763877777777778"""
"ESP32_Ultra_07,""Centro comercial"",""451"",""-130777777777778"",""-763877777777778"""
"ESP32_Ultra_07,""Centro comercial"",""6262"",""-130777777777778"",""-763877777777778"""
"ESP32_Ultra_07,""Centro comercial"",""7476"",""-130777777777778"",""-763877777777778"""
"ESP32_Ultra_07,""Centro comercial"",""7983"",""-130777777777778"",""-763877777777778"""
"ESP32_Ultra_07,""Centro comercial"",""7055"",""-130777777777778"",""-763877777777778"""
"ESP32_Ultra_07,""Centro comercial"",""773"",""-130777777777778"",""-763877777777778"""
"ESP32_Ultra_07,""Centro comercial"",""2768"",""-130777777777778"",""-763877777777778"""
"ESP32_Ultra_07,""Centro comercial"",""2419"",""-130777777777778"",""-763877777777778"""
"ESP32_Ultra_07,""Centro comercial"",""1554"",""-130777777777778"",""-763877777777778"""
"ESP32_Ultra_07,""Centro comercial"",""2006"",""-130777777777778"",""-763877777777778"""
"ESP32_Ultra_07,""Centro comercial"",""6964"",""-130777777777778"",""-763877777777778"""
"ESP32_Ultra_07,""Centro comercial"",""3331"",""-130777777777778"",""-763877777777778"""
"ESP32_Ultra_07,""Centro comercial"",""1993"",""-130777777777778"",""-763877777777778"""
"ESP32_Ultra_07,""Centro comercial"",""4358"",""-130777777777778"",""-763877777777778"""
"ESP32_Ultra_07,""Centro comercial"",""1749"",""-130777777777778"",""-763877777777778"""
"ESP32_Ultra_07,""Centro comercial"",""5908"",""-130777777777778"",""-763877777777778"""
"ESP32_Ultra_07,""Centro comercial"",""2909"",""-130777777777778"",""-763877777777778"""
"ESP32_Ultra_07,""Centro comercial"",""5837"",""-130777777777778"",""-763877777777778"""
"ESP32_Ultra_07,""Centro comercial"",""7608"",""-130777777777778"",""-763877777777778"""
"ESP32_Ultra_07,""Centro comercial"",""978"",""-130777777777778"",""-763877777777778"""
"ESP32_Ultra_07,""Centro comercial"",""3608"",""-130777777777778"",""-763877777777778"""
"ESP32_Ultra_07,""Centro comercial"",""2366"",""-130777777777778"",""-763877777777778"""
"ESP32_Ultra_07,""Centro comercial"",""7706"",""-130777777777778"",""-763877777777778"""
"ESP32_Ultra_07,""Centro comercial"",""353"",""-130777777777778"",""-763877777777778"""
"ESP32_Ultra_07,""Centro comercial"",""2636"",""-130777777777778"",""-763877777777778"""
"ESP32_Ultra_07,""Centro comercial"",""1278"",""-130777777777778"",""-763877777777778"""
"ESP32_Ultra_07,""Centro comercial"",""8066"",""-130777777777778"",""-763877777777778"""
"ESP32_Ultra_07,""Centro comercial"",""7643"",""-130777777777778"",""-763877777777778"""
"ESP32_Ultra_07,""Centro comercial"",""136"",""-130777777777778"",""-763877777777778"""
"ESP32_Ultra_07,""Centro comercial"",""926"",""-130777777777778"",""-763877777777778"""
"ESP32_Ultra_07,""Centro comercial"",""5514"",""-130777777777778"",""-763877777777778"""
"ESP32_Ultra_08,""Hospital"",""5395"",""-603472222222222"",""-769741666666667"""
"ESP32_Ultra_08,""Hospital"",""456"",""-603472222222222"",""-769741666666667"""
"ESP32_Ultra_08,""Hospital"",""6368"",""-603472222222222"",""-769741666666667"""
"ESP32_Ultra_08,""Hospital"",""722"",""-603472222222222"",""-769741666666667"""
"ESP32_Ultra_08,""Hospital"",""513"",""-603472222222222"",""-769741666666667"""
"ESP32_Ultra_08,""Hospital"",""4823"",""-603472222222222"",""-769741666666667"""
"ESP32_Ultra_08,""Hospital"",""878"",""-603472222222222"",""-769741666666667"""
"ESP32_Ultra_08,""Hospital"",""535"",""-603472222222222"",""-769741666666667"""
"ESP32_Ultra_08,""Hospital"",""1191"",""-603472222222222"",""-769741666666667"""
"ESP32_Ultra_08,""Hospital"",""2775"",""-603472222222222"",""-769741666666667"""
"ESP32_Ultra_08,""Hospital"",""3558"",""-603472222222222"",""-769741666666667"""
"ESP32_Ultra_08,""Hospital"",""8024"",""-603472222222222"",""-769741666666667"""
"ESP32_Ultra_08,""Hospital"",""3126"",""-603472222222222"",""-769741666666667"""
"ESP32_Ultra_08,""Hospital"",""5853"",""-603472222222222"",""-769741666666667"""
"ESP32_Ultra_08,""Hospital"",""7194"",""-603472222222222"",""-769741666666667"""
"ESP32_Ultra_08,""Hospital"",""3611"",""-603472222222222"",""-769741666666667"""
"ESP32_Ultra_08,""Hospital"",""5213"",""-603472222222222"",""-769741666666667"""
"ESP32_Ultra_08,""Hospital"",""4982"",""-603472222222222"",""-769741666666667"""
"ESP32_Ultra_08,""Hospital"",""4236"",""-603472222222222"",""-769741666666667"""
"ESP32_Ultra_08,""Hospital"",""879"",""-603472222222222"",""-769741666666667"""
"ESP32_Ultra_08,""Hospital"",""5921"",""-603472222222222"",""-769741666666667"""
"ESP32_Ultra_08,""Hospital"",""7581"",""-603472222222222"",""-769741666666667"""
"ESP32_Ultra_08,""Hospital"",""666"",""-603472222222222"",""-769741666666667"""
"ESP32_Ultra_08,""Hospital"",""2039"",""-603472222222222"",""-769741666666667"""
"ESP32_Ultra_08,""Hospital"",""582"",""-603472222222222"",""-769741666666667"""
"ESP32_Ultra_08,""Hospital"",""7686"",""-603472222222222"",""-769741666666667"""
"ESP32_Ultra_08,""Hospital"",""5937"",""-603472222222222"",""-769741666666667"""
"ESP32_Ultra_08,""Hospital"",""6134"",""-603472222222222"",""-769741666666667"""
"ESP32_Ultra_08,""Hospital"",""5873"",""-603472222222222"",""-769741666666667"""
"ESP32_Ultra_08,""Hospital"",""4745"",""-603472222222222"",""-769741666666667"""
"ESP32_Ultra_08,""Hospital"",""6292"",""-603472222222222"",""-769741666666667"""
"ESP32_Ultra_08,""Hospital"",""5936"",""-603472222222222"",""-769741666666667"""
"ESP32_Ultra_08,""Hospital"",""498"",""-603472222222222"",""-769741666666667"""
"ESP32_Ultra_08,""Hospital"",""7588"",""-603472222222222"",""-769741666666667"""
"ESP32_Ultra_08,""Hospital"",""654"",""-603472222222222"",""-769741666666667"""
"ESP32_Ultra_08,""Hospital"",""3334"",""-603472222222222"",""-769741666666667"""
"ESP32_Ultra_08,""Hospital"",""76"",""-603472222222222"",""-769741666666667"""
"ESP32_Ultra_08,""Hospital"",""4874"",""-603472222222222"",""-769741666666667"""
"ESP32_Ultra_08,""Hospital"",""6434"",""-603472222222222"",""-769741666666667"""
"ESP32_Ultra_08,""Hospital"",""3054"",""-603472222222222"",""-769741666666667"""
"ESP32_Ultra_08,""Hospital"",""511"",""-603472222222222"",""-769741666666667"""
"ESP32_Ultra_08,""Hospital"",""3715"",""-603472222222222"",""-769741666666667"""
"ESP32_Ultra_08,""Hospital"",""6865"",""-603472222222222"",""-769741666666667"""
"ESP32_Ultra_08,""Hospital"",""1478"",""-603472222222222"",""-769741666666667"""
"ESP32_Ultra_08,""Hospital"",""5243"",""-603472222222222"",""-769741666666667"""
"ESP32_Ultra_08,""Hospital"",""7867"",""-603472222222222"",""-769741666666667"""
"ESP32_Ultra_08,""Hospital"",""2091"",""-603472222222222"",""-769741666666667"""
"ESP32_Ultra_08,""Hospital"",""3669"",""-603472222222222"",""-769741666666667"""
"ESP32_Ultra_08,""Hospital"",""7479"",""-603472222222222"",""-769741666666667"""
"ESP32_Ultra_08,""Hospital"",""2414"",""-603472222222222"",""-769741666666667"""
"ESP32_Ultra_08,""Hospital"",""4336"",""-603472222222222"",""-769741666666667"""
"ESP32_Ultra_08,""Hospital"",""128"",""-603472222222222"",""-769741666666667"""
"ESP32_Ultra_08,""Hospital"",""631"",""-603472222222222"",""-769741666666667"""
"ESP32_Ultra_08,""Hospital"",""6344"",""-603472222222222"",""-769741666666667"""
"ESP32_Ultra_08,""Hospital"",""627"",""-603472222222222"",""-769741666666667"""
"ESP32_Ultra_08,""Hospital"",""6711"",""-603472222222222"",""-769741666666667"""
"ESP32_Ultra_08,""Hospital"",""7518"",""-603472222222222"",""-769741666666667"""
"ESP32_Ultra_08,""Hospital"",""1938"",""-603472222222222"",""-769741666666667"""
"ESP32_Ultra_08,""Hospital"",""1625"",""-603472222222222"",""-769741666666667"""
"ESP32_Ultra_08,""Hospital"",""6204"",""-603472222222222"",""-769741666666667"""
"ESP32_Ultra_08,""Hospital"",""2054"",""-603472222222222"",""-769741666666667"""
"ESP32_Ultra_08,""Hospital"",""3042"",""-603472222222222"",""-769741666666667"""
"ESP32_Ultra_08,""Hospital"",""292"",""-603472222222222"",""-769741666666667"""
"ESP32_Ultra_08,""Hospital"",""5532"",""-603472222222222"",""-769741666666667"""
"ESP32_Ultra_08,""Hospital"",""6193"",""-603472222222222"",""-769741666666667"""
"ESP32_Ultra_08,""Hospital"",""1239"",""-603472222222222"",""-769741666666667"""
"ESP32_Ultra_08,""Hospital"",""2567"",""-603472222222222"",""-769741666666667"""
"ESP32_Ultra_08,""Hospital"",""3672"",""-603472222222222"",""-769741666666667"""
"ESP32_Ultra_08,""Hospital"",""2689"",""-603472222222222"",""-769741666666667"""
"ESP32_Ultra_08,""Hospital"",""2089"",""-603472222222222"",""-769741666666667"""
"ESP32_Ultra_08,""Hospital"",""6968"",""-603472222222222"",""-769741666666667"""
"ESP32_Ultra_08,""Hospital"",""249"",""-603472222222222"",""-769741666666667"""
"ESP32_Ultra_08,""Hospital"",""1795"",""-603472222222222"",""-769741666666667"""
"ESP32_Ultra_08,""Hospital"",""5397"",""-603472222222222"",""-769741666666667"""
"ESP32_Ultra_08,""Hospital"",""4411"",""-603472222222222"",""-769741666666667"""
"ESP32_Ultra_08,""Hospital"",""368"",""-603472222222222"",""-769741666666667"""
"ESP32_Ultra_08,""Hospital"",""846"",""-603472222222222"",""-769741666666667"""
"ESP32_Ultra_08,""Hospital"",""710"",""-603472222222222"",""-769741666666667"""
"ESP32_Ultra_08,""Hospital"",""2474"",""-603472222222222"",""-769741666666667"""
"ESP32_Ultra_08,""Hospital"",""3511"",""-603472222222222"",""-769741666666667"""
"ESP32_Ultra_08,""Hospital"",""4999"",""-603472222222222"",""-769741666666667"""
"ESP32_Ultra_08,""Hospital"",""1494"",""-603472222222222"",""-769741666666667"""
"ESP32_Ultra_08,""Hospital"",""4792"",""-603472222222222"",""-769741666666667"""
"ESP32_Ultra_08,""Hospital"",""1067"",""-603472222222222"",""-769741666666667"""
"ESP32_Ultra_08,""Hospital"",""6409"",""-603472222222222"",""-769741666666667"""
"ESP32_Ultra_08,""Hospital"",""770"",""-603472222222222"",""-769741666666667"""
"ESP32_Ultra_08,""Hospital"",""6482"",""-603472222222222"",""-769741666666667"""
"ESP32_Ultra_08,""Hospital"",""5694"",""-603472222222222"",""-769741666666667"""
"ESP32_Ultra_08,""Hospital"",""1121"",""-603472222222222"",""-769741666666667"""
"ESP32_Ultra_08,""Hospital"",""7263"",""-603472222222222"",""-769741666666667"""
"ESP32_Ultra_08,""Hospital"",""329"",""-603472222222222"",""-769741666666667"""
"ESP32_Ultra_08,""Hospital"",""2671"",""-603472222222222"",""-769741666666667"""
"ESP32_Ultra_08,""Hospital"",""1914"",""-603472222222222"",""-769741666666667"""
"ESP32_Ultra_08,""Hospital"",""2628"",""-603472222222222"",""-769741666666667"""
"ESP32_Ultra_08,""Hospital"",""7389"",""-603472222222222"",""-769741666666667"""
"ESP32_Ultra_08,""Hospital"",""994"",""-603472222222222"",""-769741666666667"""
"ESP32_Ultra_08,""Hospital"",""72"",""-603472222222222"",""-769741666666667"""
"ESP32_Ultra_08,""Hospital"",""5523"",""-603472222222222"",""-769741666666667"""
"ESP32_Ultra_08,""Hospital"",""2718"",""-603472222222222"",""-769741666666667"""
"ESP32_Ultra_08,""Hospital"",""5289"",""-603472222222222"",""-769741666666667"""
"ESP32_Ultra_08,""Hospital"",""331"",""-603472222222222"",""-769741666666667"""
"ESP32_Ultra_08,""Hospital"",""3934"",""-603472222222222"",""-769741666666667"""
"ESP32_Ultra_08,""Hospital"",""7549"",""-603472222222222"",""-769741666666667"""
"ESP32_Ultra_08,""Hospital"",""4118"",""-603472222222222"",""-769741666666667"""
"ESP32_Ultra_08,""Hospital"",""411"",""-603472222222222"",""-769741666666667"""
"ESP32_Ultra_08,""Hospital"",""4428"",""-603472222222222"",""-769741666666667"""
"ESP32_Ultra_08,""Hospital"",""4523"",""-603472222222222"",""-769741666666667"""
"ESP32_Ultra_08,""Hospital"",""5815"",""-603472222222222"",""-769741666666667"""
"ESP32_Ultra_08,""Hospital"",""1313"",""-603472222222222"",""-769741666666667"""
"ESP32_Ultra_08,""Hospital"",""212"",""-603472222222222"",""-769741666666667"""
"ESP32_Ultra_08,""Hospital"",""5149"",""-603472222222222"",""-769741666666667"""
"ESP32_Ultra_08,""Hospital"",""1345"",""-603472222222222"",""-769741666666667"""
"ESP32_Ultra_08,""Hospital"",""1631"",""-603472222222222"",""-769741666666667"""
"ESP32_Ultra_08,""Hospital"",""1464"",""-603472222222222"",""-769741666666667"""
"ESP32_Ultra_08,""Hospital"",""1405"",""-603472222222222"",""-769741666666667"""
"ESP32_Ultra_08,""Hospital"",""2527"",""-603472222222222"",""-769741666666667"""
"ESP32_Ultra_08,""Hospital"",""1275"",""-603472222222222"",""-769741666666667"""
"ESP32_Ultra_08,""Hospital"",""702"",""-603472222222222"",""-769741666666667"""
"ESP32_Ultra_08,""Hospital"",""703"",""-603472222222222"",""-769741666666667"""
"ESP32_Ultra_08,""Hospital"",""3716"",""-603472222222222"",""-769741666666667"""
"ESP32_Ultra_08,""Hospital"",""2532"",""-603472222222222"",""-769741666666667"""
"ESP32_Ultra_08,""Hospital"",""798"",""-603472222222222"",""-769741666666667"""
"ESP32_Ultra_08,""Hospital"",""3136"",""-603472222222222"",""-769741666666667"""
"ESP32_Ultra_08,""Hospital"",""1712"",""-603472222222222"",""-769741666666667"""
"ESP32_Ultra_08,""Hospital"",""4762"",""-603472222222222"",""-769741666666667"""
"ESP32_Ultra_08,""Hospital"",""2496"",""-603472222222222"",""-769741666666667"""
"ESP32_Ultra_08,""Hospital"",""369"",""-603472222222222"",""-769741666666667"""
"ESP32_Ultra_08,""Hospital"",""7771"",""-603472222222222"",""-769741666666667"""
"ESP32_Ultra_08,""Hospital"",""1298"",""-603472222222222"",""-769741666666667"""
"ESP32_Ultra_08,""Hospital"",""1261"",""-603472222222222"",""-769741666666667"""
"ESP32_Ultra_08,""Hospital"",""7126"",""-603472222222222"",""-769741666666667"""
"ESP32_Ultra_08,""Hospital"",""668"",""-603472222222222"",""-769741666666667"""
"ESP32_Ultra_08,""Hospital"",""365"",""-603472222222222"",""-769741666666667"""
"ESP32_Ultra_08,""Hospital"",""2605"",""-603472222222222"",""-769741666666667"""
"ESP32_Ultra_08,""Hospital"",""7035"",""-603472222222222"",""-769741666666667"""
"ESP32_Ultra_08,""Hospital"",""3093"",""-603472222222222"",""-769741666666667"""
"ESP32_Ultra_08,""Hospital"",""1501"",""-603472222222222"",""-769741666666667"""
"ESP32_Ultra_08,""Hospital"",""5004"",""-603472222222222"",""-769741666666667"""
"ESP32_Ultra_08,""Hospital"",""5444"",""-603472222222222"",""-769741666666667"""
"ESP32_Ultra_08,""Hospital"",""7405"",""-603472222222222"",""-769741666666667"""
"ESP32_Ultra_08,""Hospital"",""3155"",""-603472222222222"",""-769741666666667"""
"ESP32_Ultra_08,""Hospital"",""5855"",""-603472222222222"",""-769741666666667"""
"ESP32_Ultra_08,""Hospital"",""5224"",""-603472222222222"",""-769741666666667"""
"ESP32_Ultra_08,""Hospital"",""567"",""-131666666666667"",""-742236111111111"""
"ESP32_Ultra_08,""Hospital"",""3157"",""-131666666666667"",""-742236111111111"""
"ESP32_Ultra_08,""Hospital"",""4031"",""-131666666666667"",""-742236111111111"""
"ESP32_Ultra_08,""Hospital"",""7594"",""-131666666666667"",""-742236111111111"""
"ESP32_Ultra_08,""Hospital"",""4677"",""-131666666666667"",""-742236111111111"""
"ESP32_Ultra_08,""Hospital"",""1342"",""-131666666666667"",""-742236111111111"""
"ESP32_Ultra_08,""Hospital"",""1549"",""-131666666666667"",""-742236111111111"""
"ESP32_Ultra_08,""Hospital"",""4897"",""-131666666666667"",""-742236111111111"""
"ESP32_Ultra_08,""Hospital"",""6332"",""-131666666666667"",""-742236111111111"""
"ESP32_Ultra_08,""Hospital"",""5241"",""-131666666666667"",""-742236111111111"""
"ESP32_Ultra_08,""Hospital"",""728"",""-131666666666667"",""-742236111111111"""
"ESP32_Ultra_08,""Hospital"",""5992"",""-131666666666667"",""-742236111111111"""
"ESP32_Ultra_08,""Hospital"",""7185"",""-131666666666667"",""-742236111111111"""
"ESP32_Ultra_08,""Hospital"",""2448"",""-131666666666667"",""-742236111111111"""
"ESP32_Ultra_08,""Hospital"",""796"",""-131666666666667"",""-742236111111111"""
"ESP32_Ultra_08,""Hospital"",""4547"",""-131666666666667"",""-742236111111111"""
"ESP32_Ultra_08,""Hospital"",""2388"",""-131666666666667"",""-742236111111111"""
"ESP32_Ultra_08,""Hospital"",""3792"",""-131666666666667"",""-742236111111111"""
"ESP32_Ultra_08,""Hospital"",""5409"",""-131666666666667"",""-742236111111111"""
"ESP32_Ultra_08,""Hospital"",""6785"",""-131666666666667"",""-742236111111111"""
"ESP32_Ultra_08,""Hospital"",""265"",""-131666666666667"",""-742236111111111"""
"ESP32_Ultra_08,""Hospital"",""908"",""-131666666666667"",""-742236111111111"""
"ESP32_Ultra_08,""Hospital"",""6125"",""-131666666666667"",""-742236111111111"""
"ESP32_Ultra_08,""Hospital"",""210"",""-131666666666667"",""-742236111111111"""
"ESP32_Ultra_08,""Hospital"",""1405"",""-131666666666667"",""-742236111111111"""
"ESP32_Ultra_08,""Hospital"",""490"",""-131666666666667"",""-742236111111111"""
"ESP32_Ultra_08,""Hospital"",""514"",""-131666666666667"",""-742236111111111"""
"ESP32_Ultra_08,""Hospital"",""4914"",""-131666666666667"",""-742236111111111"""
"ESP32_Ultra_08,""Hospital"",""1141"",""-131666666666667"",""-742236111111111"""
"ESP32_Ultra_08,""Hospital"",""6296"",""-131666666666667"",""-742236111111111"""
"ESP32_Ultra_08,""Hospital"",""48"",""-131666666666667"",""-742236111111111"""
"ESP32_Ultra_08,""Hospital"",""7579"",""-131666666666667"",""-742236111111111"""
"ESP32_Ultra_08,""Hospital"",""1729"",""-131666666666667"",""-742236111111111"""
"ESP32_Ultra_08,""Hospital"",""3508"",""-131666666666667"",""-742236111111111"""
"ESP32_Ultra_08,""Hospital"",""6593"",""-131666666666667"",""-742236111111111"""
"ESP32_Ultra_08,""Hospital"",""4151"",""-131666666666667"",""-742236111111111"""
"ESP32_Ultra_08,""Hospital"",""599"",""-131666666666667"",""-742236111111111"""
"ESP32_Ultra_08,""Hospital"",""2535"",""-131666666666667"",""-742236111111111"""
"ESP32_Ultra_08,""Hospital"",""3063"",""-131666666666667"",""-742236111111111"""
"ESP32_Ultra_08,""Hospital"",""40"",""-131666666666667"",""-742236111111111"""
"ESP32_Ultra_08,""Hospital"",""1411"",""-131666666666667"",""-742236111111111"""
"ESP32_Ultra_08,""Hospital"",""5215"",""-131666666666667"",""-742236111111111"""
"ESP32_Ultra_08,""Hospital"",""5368"",""-131666666666667"",""-742236111111111"""
"ESP32_Ultra_08,""Hospital"",""6732"",""-131666666666667"",""-742236111111111"""
"ESP32_Ultra_08,""Hospital"",""6217"",""-131666666666667"",""-742236111111111"""
"ESP32_Ultra_08,""Hospital"",""762"",""-131666666666667"",""-742236111111111"""
"ESP32_Ultra_08,""Hospital"",""5114"",""-131666666666667"",""-742236111111111"""
"ESP32_Ultra_08,""Hospital"",""1736"",""-131666666666667"",""-742236111111111"""
"ESP32_Ultra_08,""Hospital"",""538"",""-131666666666667"",""-742236111111111"""
"ESP32_Ultra_08,""Hospital"",""5897"",""-131666666666667"",""-742236111111111"""
"ESP32_Ultra_08,""Hospital"",""4897"",""-131666666666667"",""-742236111111111"""
"ESP32_Ultra_08,""Hospital"",""7717"",""-131666666666667"",""-742236111111111"""
"ESP32_Ultra_08,""Hospital"",""3061"",""-131666666666667"",""-742236111111111"""
"ESP32_Ultra_08,""Hospital"",""1513"",""-131666666666667"",""-742236111111111"""
"ESP32_Ultra_08,""Hospital"",""187"",""-131666666666667"",""-742236111111111"""
"ESP32_Ultra_08,""Hospital"",""1824"",""-131666666666667"",""-742236111111111"""
"ESP32_Ultra_08,""Hospital"",""7294"",""-131666666666667"",""-742236111111111"""
"ESP32_Ultra_08,""Hospital"",""2851"",""-131666666666667"",""-742236111111111"""
"ESP32_Ultra_08,""Hospital"",""649"",""-131666666666667"",""-742236111111111"""
"ESP32_Ultra_08,""Hospital"",""5001"",""-131666666666667"",""-742236111111111"""
"ESP32_Ultra_08,""Hospital"",""6134"",""-131666666666667"",""-742236111111111"""
"ESP32_Ultra_08,""Hospital"",""1477"",""-131666666666667"",""-742236111111111"""
"ESP32_Ultra_08,""Hospital"",""671"",""-131666666666667"",""-742236111111111"""
"ESP32_Ultra_08,""Hospital"",""7887"",""-131666666666667"",""-742236111111111"""
"ESP32_Ultra_08,""Hospital"",""3443"",""-131666666666667"",""-742236111111111"""
"ESP32_Ultra_08,""Hospital"",""4403"",""-131666666666667"",""-742236111111111"""
"ESP32_Ultra_08,""Hospital"",""4002"",""-131666666666667"",""-742236111111111"""
"ESP32_Ultra_08,""Hospital"",""3677"",""-131666666666667"",""-742236111111111"""
"ESP32_Ultra_08,""Hospital"",""4787"",""-131666666666667"",""-742236111111111"""
"ESP32_Ultra_08,""Hospital"",""6348"",""-131666666666667"",""-742236111111111"""
"ESP32_Ultra_08,""Hospital"",""3127"",""-131666666666667"",""-742236111111111"""
"ESP32_Ultra_08,""Hospital"",""376"",""-131666666666667"",""-742236111111111"""
"ESP32_Ultra_08,""Hospital"",""7254"",""-131666666666667"",""-742236111111111"""
"ESP32_Ultra_08,""Hospital"",""679"",""-131666666666667"",""-742236111111111"""
"ESP32_Ultra_08,""Hospital"",""8017"",""-131666666666667"",""-742236111111111"""
"ESP32_Ultra_08,""Hospital"",""217"",""-131666666666667"",""-742236111111111"""
"ESP32_Ultra_08,""Hospital"",""4555"",""-131666666666667"",""-742236111111111"""
"ESP32_Ultra_08,""Hospital"",""4217"",""-131666666666667"",""-742236111111111"""
"ESP32_Ultra_08,""Hospital"",""219"",""-131666666666667"",""-742236111111111"""
"ESP32_Ultra_08,""Hospital"",""557"",""-131666666666667"",""-742236111111111"""
"ESP32_Ultra_08,""Hospital"",""5246"",""-131666666666667"",""-742236111111111"""
"ESP32_Ultra_08,""Hospital"",""7984"",""-131666666666667"",""-742236111111111"""
"ESP32_Ultra_08,""Hospital"",""825"",""-131666666666667"",""-742236111111111"""
"ESP32_Ultra_08,""Hospital"",""2379"",""-131666666666667"",""-742236111111111"""
"ESP32_Ultra_08,""Hospital"",""4694"",""-131666666666667"",""-742236111111111"""
"ESP32_Ultra_08,""Hospital"",""7808"",""-131666666666667"",""-742236111111111"""
"ESP32_Ultra_08,""Hospital"",""1256"",""-131666666666667"",""-742236111111111"""
"ESP32_Ultra_08,""Hospital"",""959"",""-131666666666667"",""-742236111111111"""
"ESP32_Ultra_08,""Hospital"",""5417"",""-131666666666667"",""-742236111111111"""
"ESP32_Ultra_08,""Hospital"",""429"",""-131666666666667"",""-742236111111111"""
"ESP32_Ultra_08,""Hospital"",""2742"",""-131666666666667"",""-742236111111111"""
"ESP32_Ultra_08,""Hospital"",""6596"",""-131666666666667"",""-742236111111111"""
"ESP32_Ultra_08,""Hospital"",""4232"",""-131666666666667"",""-742236111111111"""
"ESP32_Ultra_08,""Hospital"",""2126"",""-131666666666667"",""-742236111111111"""
"ESP32_Ultra_08,""Hospital"",""4271"",""-131666666666667"",""-742236111111111"""
"ESP32_Ultra_08,""Hospital"",""704"",""-131666666666667"",""-742236111111111"""
"ESP32_Ultra_08,""Hospital"",""474"",""-131666666666667"",""-742236111111111"""
"ESP32_Ultra_08,""Hospital"",""8071"",""-131666666666667"",""-742236111111111"""
"ESP32_Ultra_08,""Hospital"",""2037"",""-131666666666667"",""-742236111111111"""
"ESP32_Ultra_08,""Hospital"",""3466"",""-131666666666667"",""-742236111111111"""
"ESP32_Ultra_08,""Hospital"",""1803"",""-131666666666667"",""-742236111111111"""
"ESP32_Ultra_08,""Hospital"",""594"",""-131666666666667"",""-742236111111111"""
"ESP32_Ultra_08,""Hospital"",""651"",""-131666666666667"",""-742236111111111"""
"ESP32_Ultra_08,""Hospital"",""7569"",""-131666666666667"",""-742236111111111"""
"ESP32_Ultra_08,""Hospital"",""3907"",""-131666666666667"",""-742236111111111"""
"ESP32_Ultra_08,""Hospital"",""5735"",""-131666666666667"",""-742236111111111"""
"ESP32_Ultra_08,""Hospital"",""744"",""-131666666666667"",""-742236111111111"""
"ESP32_Ultra_08,""Hospital"",""2375"",""-131666666666667"",""-742236111111111"""
"ESP32_Ultra_08,""Hospital"",""5243"",""-131666666666667"",""-742236111111111"""
"ESP32_Ultra_08,""Hospital"",""5321"",""-131666666666667"",""-742236111111111"""
"ESP32_Ultra_08,""Hospital"",""1184"",""-131666666666667"",""-742236111111111"""
"ESP32_Ultra_08,""Hospital"",""2635"",""-131666666666667"",""-742236111111111"""
"ESP32_Ultra_08,""Hospital"",""2305"",""-131666666666667"",""-742236111111111"""
"ESP32_Ultra_08,""Hospital"",""5932"",""-131666666666667"",""-742236111111111"""
"ESP32_Ultra_08,""Hospital"",""4179"",""-131666666666667"",""-742236111111111"""
"ESP32_Ultra_08,""Hospital"",""282"",""-131666666666667"",""-742236111111111"""
"ESP32_Ultra_08,""Hospital"",""1056"",""-131666666666667"",""-742236111111111"""
"ESP32_Ultra_08,""Hospital"",""1515"",""-131666666666667"",""-742236111111111"""
"ESP32_Ultra_08,""Hospital"",""7195"",""-131666666666667"",""-742236111111111"""
"ESP32_Ultra_08,""Hospital"",""589"",""-131666666666667"",""-742236111111111"""
"ESP32_Ultra_08,""Hospital"",""6029"",""-131666666666667"",""-742236111111111"""
"ESP32_Ultra_08,""Hospital"",""6815"",""-131666666666667"",""-742236111111111"""
"ESP32_Ultra_08,""Hospital"",""478"",""-131666666666667"",""-742236111111111"""
"ESP32_Ultra_08,""Hospital"",""6691"",""-131666666666667"",""-742236111111111"""
"ESP32_Ultra_08,""Hospital"",""3475"",""-131666666666667"",""-742236111111111"""
"ESP32_Ultra_08,""Hospital"",""6899"",""-131666666666667"",""-742236111111111"""
"ESP32_Ultra_08,""Hospital"",""3584"",""-131666666666667"",""-742236111111111"""
"ESP32_Ultra_08,""Hospital"",""1569"",""-131666666666667"",""-742236111111111"""
"ESP32_Ultra_08,""Hospital"",""1834"",""-131666666666667"",""-742236111111111"""
"ESP32_Ultra_08,""Hospital"",""2591"",""-131666666666667"",""-742236111111111"""
"ESP32_Ultra_08,""Hospital"",""3816"",""-131666666666667"",""-742236111111111"""
"ESP32_Ultra_08,""Hospital"",""208"",""-131666666666667"",""-742236111111111"""
"ESP32_Ultra_08,""Hospital"",""7302"",""-131666666666667"",""-742236111111111"""
"ESP32_Ultra_08,""Hospital"",""155"",""-131666666666667"",""-742236111111111"""
"ESP32_Ultra_08,""Hospital"",""3679"",""-131666666666667"",""-742236111111111"""
"ESP32_Ultra_08,""Hospital"",""2506"",""-131666666666667"",""-742236111111111"""
"ESP32_Ultra_08,""Hospital"",""5635"",""-131666666666667"",""-742236111111111"""
"ESP32_Ultra_08,""Hospital"",""6361"",""-131666666666667"",""-742236111111111"""
"ESP32_Ultra_08,""Hospital"",""3624"",""-131666666666667"",""-742236111111111"""
"ESP32_Ultra_08,""Hospital"",""7965"",""-131666666666667"",""-742236111111111"""
"ESP32_Ultra_08,""Hospital"",""190"",""-131666666666667"",""-742236111111111"""
"ESP32_Ultra_08,""Hospital"",""62"",""-131666666666667"",""-742236111111111"""
"ESP32_Ultra_08,""Hospital"",""15"",""-131666666666667"",""-742236111111111"""
"ESP32_Ultra_08,""Hospital"",""2708"",""-131666666666667"",""-742236111111111"""
"ESP32_Ultra_08,""Hospital"",""200"",""-131666666666667"",""-742236111111111"""
"ESP32_Ultra_08,""Hospital"",""6498"",""-131666666666667"",""-742236111111111"""
"ESP32_Ultra_08,""Hospital"",""808"",""-131666666666667"",""-742236111111111"""
"ESP32_Ultra_08,""Hospital"",""2468"",""-131666666666667"",""-742236111111111"""
"ESP32_Ultra_08,""Hospital"",""736"",""-131666666666667"",""-742236111111111"""
"ESP32_Ultra_08,""Hospital"",""4159"",""-131666666666667"",""-742236111111111"""
"ESP32_Ultra_08,""Hospital"",""1018"",""-131666666666667"",""-742236111111111"""
"ESP32_Ultra_08,""Hospital"",""511"",""-131666666666667"",""-742236111111111"""
"ESP32_Ultra_08,""Hospital"",""1667"",""-131666666666667"",""-742236111111111"""
"ESP32_Ultra_08,""Hospital"",""1553"",""-131666666666667"",""-742236111111111"""
"ESP32_Ultra_08,""Hospital"",""1107"",""-131666666666667"",""-742236111111111"""
"ESP32_Ultra_08,""Hospital"",""7298"",""-131666666666667"",""-742236111111111"""
"ESP32_Ultra_08,""Hospital"",""6927"",""-131666666666667"",""-742236111111111"""
"ESP32_Ultra_09,""Biblioteca"",""452"",""-171941666666667"",""-709333333333333"""
"ESP32_Ultra_09,""Biblioteca"",""1432"",""-171941666666667"",""-709333333333333"""
"ESP32_Ultra_09,""Biblioteca"",""1239"",""-171941666666667"",""-709333333333333"""
"ESP32_Ultra_09,""Biblioteca"",""466"",""-171941666666667"",""-709333333333333"""
"ESP32_Ultra_09,""Biblioteca"",""6503"",""-171941666666667"",""-709333333333333"""
"ESP32_Ultra_09,""Biblioteca"",""8083"",""-171941666666667"",""-709333333333333"""
"ESP32_Ultra_09,""Biblioteca"",""5426"",""-171941666666667"",""-709333333333333"""
"ESP32_Ultra_09,""Biblioteca"",""3378"",""-171941666666667"",""-709333333333333"""
"ESP32_Ultra_09,""Biblioteca"",""1854"",""-171941666666667"",""-709333333333333"""
"ESP32_Ultra_09,""Biblioteca"",""4305"",""-171941666666667"",""-709333333333333"""
"ESP32_Ultra_09,""Biblioteca"",""1425"",""-171941666666667"",""-709333333333333"""
"ESP32_Ultra_09,""Biblioteca"",""7415"",""-171941666666667"",""-709333333333333"""
"ESP32_Ultra_09,""Biblioteca"",""3261"",""-171941666666667"",""-709333333333333"""
"ESP32_Ultra_09,""Biblioteca"",""344"",""-171941666666667"",""-709333333333333"""
"ESP32_Ultra_09,""Biblioteca"",""6006"",""-171941666666667"",""-709333333333333"""
"ESP32_Ultra_09,""Biblioteca"",""2648"",""-171941666666667"",""-709333333333333"""
"ESP32_Ultra_09,""Biblioteca"",""7325"",""-171941666666667"",""-709333333333333"""
"ESP32_Ultra_09,""Biblioteca"",""3347"",""-171941666666667"",""-709333333333333"""
"ESP32_Ultra_09,""Biblioteca"",""2313"",""-171941666666667"",""-709333333333333"""
"ESP32_Ultra_09,""Biblioteca"",""3495"",""-171941666666667"",""-709333333333333"""
"ESP32_Ultra_09,""Biblioteca"",""668"",""-171941666666667"",""-709333333333333"""
"ESP32_Ultra_09,""Biblioteca"",""3296"",""-171941666666667"",""-709333333333333"""
"ESP32_Ultra_09,""Biblioteca"",""8013"",""-171941666666667"",""-709333333333333"""
"ESP32_Ultra_09,""Biblioteca"",""916"",""-171941666666667"",""-709333333333333"""
"ESP32_Ultra_09,""Biblioteca"",""539"",""-171941666666667"",""-709333333333333"""
"ESP32_Ultra_09,""Biblioteca"",""7538"",""-171941666666667"",""-709333333333333"""
"ESP32_Ultra_09,""Biblioteca"",""4999"",""-171941666666667"",""-709333333333333"""
"ESP32_Ultra_09,""Biblioteca"",""5739"",""-171941666666667"",""-709333333333333"""
"ESP32_Ultra_09,""Biblioteca"",""677"",""-171941666666667"",""-709333333333333"""
"ESP32_Ultra_09,""Biblioteca"",""2257"",""-171941666666667"",""-709333333333333"""
"ESP32_Ultra_09,""Biblioteca"",""4952"",""-171941666666667"",""-709333333333333"""
"ESP32_Ultra_09,""Biblioteca"",""5523"",""-171941666666667"",""-709333333333333"""
"ESP32_Ultra_09,""Biblioteca"",""1936"",""-171941666666667"",""-709333333333333"""
"ESP32_Ultra_09,""Biblioteca"",""1344"",""-171941666666667"",""-709333333333333"""
"ESP32_Ultra_09,""Biblioteca"",""2183"",""-171941666666667"",""-709333333333333"""
"ESP32_Ultra_09,""Biblioteca"",""4141"",""-171941666666667"",""-709333333333333"""
"ESP32_Ultra_09,""Biblioteca"",""4139"",""-171941666666667"",""-709333333333333"""
"ESP32_Ultra_09,""Biblioteca"",""4359"",""-171941666666667"",""-709333333333333"""
"ESP32_Ultra_09,""Biblioteca"",""5867"",""-171941666666667"",""-709333333333333"""
"ESP32_Ultra_09,""Biblioteca"",""589"",""-171941666666667"",""-709333333333333"""
"ESP32_Ultra_09,""Biblioteca"",""7371"",""-171941666666667"",""-709333333333333"""
"ESP32_Ultra_09,""Biblioteca"",""6146"",""-171941666666667"",""-709333333333333"""
"ESP32_Ultra_09,""Biblioteca"",""5233"",""-171941666666667"",""-709333333333333"""
"ESP32_Ultra_09,""Biblioteca"",""1282"",""-171941666666667"",""-709333333333333"""
"ESP32_Ultra_09,""Biblioteca"",""732"",""-171941666666667"",""-709333333333333"""
"ESP32_Ultra_09,""Biblioteca"",""1671"",""-171941666666667"",""-709333333333333"""
"ESP32_Ultra_09,""Biblioteca"",""4702"",""-171941666666667"",""-709333333333333"""
"ESP32_Ultra_09,""Biblioteca"",""5609"",""-171941666666667"",""-709333333333333"""
"ESP32_Ultra_09,""Biblioteca"",""5323"",""-171941666666667"",""-709333333333333"""
"ESP32_Ultra_09,""Biblioteca"",""1464"",""-171941666666667"",""-709333333333333"""
"ESP32_Ultra_09,""Biblioteca"",""238"",""-171941666666667"",""-709333333333333"""
"ESP32_Ultra_09,""Biblioteca"",""7047"",""-171941666666667"",""-709333333333333"""
"ESP32_Ultra_09,""Biblioteca"",""7347"",""-171941666666667"",""-709333333333333"""
"ESP32_Ultra_09,""Biblioteca"",""3121"",""-171941666666667"",""-709333333333333"""
"ESP32_Ultra_09,""Biblioteca"",""2538"",""-171941666666667"",""-709333333333333"""
"ESP32_Ultra_09,""Biblioteca"",""5284"",""-171941666666667"",""-709333333333333"""
"ESP32_Ultra_09,""Biblioteca"",""463"",""-171941666666667"",""-709333333333333"""
"ESP32_Ultra_09,""Biblioteca"",""6507"",""-171941666666667"",""-709333333333333"""
"ESP32_Ultra_09,""Biblioteca"",""4936"",""-171941666666667"",""-709333333333333"""
"ESP32_Ultra_09,""Biblioteca"",""7648"",""-171941666666667"",""-709333333333333"""
"ESP32_Ultra_09,""Biblioteca"",""442"",""-171941666666667"",""-709333333333333"""
"ESP32_Ultra_09,""Biblioteca"",""464"",""-171941666666667"",""-709333333333333"""
"ESP32_Ultra_09,""Biblioteca"",""4078"",""-171941666666667"",""-709333333333333"""
"ESP32_Ultra_09,""Biblioteca"",""2324"",""-171941666666667"",""-709333333333333"""
"ESP32_Ultra_09,""Biblioteca"",""7515"",""-171941666666667"",""-709333333333333"""
"ESP32_Ultra_09,""Biblioteca"",""1436"",""-171941666666667"",""-709333333333333"""
"ESP32_Ultra_09,""Biblioteca"",""3456"",""-171941666666667"",""-709333333333333"""
"ESP32_Ultra_09,""Biblioteca"",""5838"",""-171941666666667"",""-709333333333333"""
"ESP32_Ultra_09,""Biblioteca"",""7409"",""-171941666666667"",""-709333333333333"""
"ESP32_Ultra_09,""Biblioteca"",""2966"",""-171941666666667"",""-709333333333333"""
"ESP32_Ultra_09,""Biblioteca"",""3269"",""-171941666666667"",""-709333333333333"""
"ESP32_Ultra_09,""Biblioteca"",""2683"",""-171941666666667"",""-709333333333333"""
"ESP32_Ultra_09,""Biblioteca"",""6717"",""-171941666666667"",""-709333333333333"""
"ESP32_Ultra_09,""Biblioteca"",""6263"",""-171941666666667"",""-709333333333333"""
"ESP32_Ultra_09,""Biblioteca"",""7977"",""-171941666666667"",""-709333333333333"""
"ESP32_Ultra_09,""Biblioteca"",""3183"",""-171941666666667"",""-709333333333333"""
"ESP32_Ultra_09,""Biblioteca"",""144"",""-171941666666667"",""-709333333333333"""
"ESP32_Ultra_09,""Biblioteca"",""6725"",""-171941666666667"",""-709333333333333"""
"ESP32_Ultra_09,""Biblioteca"",""3288"",""-171941666666667"",""-709333333333333"""
"ESP32_Ultra_09,""Biblioteca"",""3401"",""-171941666666667"",""-709333333333333"""
"ESP32_Ultra_09,""Biblioteca"",""1616"",""-171941666666667"",""-709333333333333"""
"ESP32_Ultra_09,""Biblioteca"",""3023"",""-171941666666667"",""-709333333333333"""
"ESP32_Ultra_09,""Biblioteca"",""689"",""-171941666666667"",""-709333333333333"""
"ESP32_Ultra_09,""Biblioteca"",""3879"",""-171941666666667"",""-709333333333333"""
"ESP32_Ultra_09,""Biblioteca"",""2069"",""-171941666666667"",""-709333333333333"""
"ESP32_Ultra_09,""Biblioteca"",""3022"",""-171941666666667"",""-709333333333333"""
"ESP32_Ultra_09,""Biblioteca"",""4245"",""-171941666666667"",""-709333333333333"""
"ESP32_Ultra_09,""Biblioteca"",""5547"",""-171941666666667"",""-709333333333333"""
"ESP32_Ultra_09,""Biblioteca"",""4166"",""-171941666666667"",""-709333333333333"""
"ESP32_Ultra_09,""Biblioteca"",""2841"",""-171941666666667"",""-709333333333333"""
"ESP32_Ultra_09,""Biblioteca"",""140"",""-171941666666667"",""-709333333333333"""
"ESP32_Ultra_09,""Biblioteca"",""6124"",""-171941666666667"",""-709333333333333"""
"ESP32_Ultra_09,""Biblioteca"",""5563"",""-171941666666667"",""-709333333333333"""
"ESP32_Ultra_09,""Biblioteca"",""1142"",""-171941666666667"",""-709333333333333"""
"ESP32_Ultra_09,""Biblioteca"",""4509"",""-171941666666667"",""-709333333333333"""
"ESP32_Ultra_09,""Biblioteca"",""2432"",""-171941666666667"",""-709333333333333"""
"ESP32_Ultra_09,""Biblioteca"",""5314"",""-171941666666667"",""-709333333333333"""
"ESP32_Ultra_09,""Biblioteca"",""4232"",""-171941666666667"",""-709333333333333"""
"ESP32_Ultra_09,""Biblioteca"",""1234"",""-127869444444444"",""-749713888888889"""
"ESP32_Ultra_09,""Biblioteca"",""1713"",""-127869444444444"",""-749713888888889"""
"ESP32_Ultra_09,""Biblioteca"",""292"",""-127869444444444"",""-749713888888889"""
"ESP32_Ultra_09,""Biblioteca"",""2244"",""-127869444444444"",""-749713888888889"""
"ESP32_Ultra_09,""Biblioteca"",""5936"",""-127869444444444"",""-749713888888889"""
"ESP32_Ultra_09,""Biblioteca"",""4527"",""-127869444444444"",""-749713888888889"""
"ESP32_Ultra_09,""Biblioteca"",""2278"",""-127869444444444"",""-749713888888889"""
"ESP32_Ultra_09,""Biblioteca"",""5462"",""-127869444444444"",""-749713888888889"""
"ESP32_Ultra_09,""Biblioteca"",""5502"",""-127869444444444"",""-749713888888889"""
"ESP32_Ultra_09,""Biblioteca"",""5805"",""-127869444444444"",""-749713888888889"""
"ESP32_Ultra_09,""Biblioteca"",""1359"",""-127869444444444"",""-749713888888889"""
"ESP32_Ultra_09,""Biblioteca"",""5904"",""-127869444444444"",""-749713888888889"""
"ESP32_Ultra_09,""Biblioteca"",""4069"",""-127869444444444"",""-749713888888889"""
"ESP32_Ultra_09,""Biblioteca"",""1002"",""-127869444444444"",""-749713888888889"""
"ESP32_Ultra_09,""Biblioteca"",""2132"",""-127869444444444"",""-749713888888889"""
"ESP32_Ultra_09,""Biblioteca"",""3583"",""-127869444444444"",""-749713888888889"""
"ESP32_Ultra_09,""Biblioteca"",""538"",""-127869444444444"",""-749713888888889"""
"ESP32_Ultra_09,""Biblioteca"",""4024"",""-127869444444444"",""-749713888888889"""
"ESP32_Ultra_09,""Biblioteca"",""4616"",""-127869444444444"",""-749713888888889"""
"ESP32_Ultra_09,""Biblioteca"",""2979"",""-127869444444444"",""-749713888888889"""
"ESP32_Ultra_09,""Biblioteca"",""3377"",""-127869444444444"",""-749713888888889"""
"ESP32_Ultra_09,""Biblioteca"",""6939"",""-127869444444444"",""-749713888888889"""
"ESP32_Ultra_09,""Biblioteca"",""7418"",""-127869444444444"",""-749713888888889"""
"ESP32_Ultra_09,""Biblioteca"",""3567"",""-127869444444444"",""-749713888888889"""
"ESP32_Ultra_09,""Biblioteca"",""523"",""-127869444444444"",""-749713888888889"""
"ESP32_Ultra_09,""Biblioteca"",""7033"",""-127869444444444"",""-749713888888889"""
"ESP32_Ultra_09,""Biblioteca"",""2557"",""-127869444444444"",""-749713888888889"""
"ESP32_Ultra_09,""Biblioteca"",""328"",""-127869444444444"",""-749713888888889"""
"ESP32_Ultra_09,""Biblioteca"",""1197"",""-127869444444444"",""-749713888888889"""
"ESP32_Ultra_09,""Biblioteca"",""1909"",""-127869444444444"",""-749713888888889"""
"ESP32_Ultra_09,""Biblioteca"",""2175"",""-127869444444444"",""-749713888888889"""
"ESP32_Ultra_09,""Biblioteca"",""5807"",""-127869444444444"",""-749713888888889"""
"ESP32_Ultra_09,""Biblioteca"",""2139"",""-127869444444444"",""-749713888888889"""
"ESP32_Ultra_09,""Biblioteca"",""2822"",""-127869444444444"",""-749713888888889"""
"ESP32_Ultra_09,""Biblioteca"",""5729"",""-127869444444444"",""-749713888888889"""
"ESP32_Ultra_09,""Biblioteca"",""1991"",""-127869444444444"",""-749713888888889"""
"ESP32_Ultra_09,""Biblioteca"",""1698"",""-127869444444444"",""-749713888888889"""
"ESP32_Ultra_09,""Biblioteca"",""622"",""-127869444444444"",""-749713888888889"""
"ESP32_Ultra_09,""Biblioteca"",""126"",""-127869444444444"",""-749713888888889"""
"ESP32_Ultra_09,""Biblioteca"",""2668"",""-127869444444444"",""-749713888888889"""
"ESP32_Ultra_09,""Biblioteca"",""2463"",""-127869444444444"",""-749713888888889"""
"ESP32_Ultra_09,""Biblioteca"",""445"",""-127869444444444"",""-749713888888889"""
"ESP32_Ultra_09,""Biblioteca"",""4113"",""-127869444444444"",""-749713888888889"""
"ESP32_Ultra_09,""Biblioteca"",""6024"",""-127869444444444"",""-749713888888889"""
"ESP32_Ultra_09,""Biblioteca"",""5594"",""-127869444444444"",""-749713888888889"""
"ESP32_Ultra_09,""Biblioteca"",""3613"",""-127869444444444"",""-749713888888889"""
"ESP32_Ultra_09,""Biblioteca"",""5291"",""-127869444444444"",""-749713888888889"""
"ESP32_Ultra_09,""Biblioteca"",""5779"",""-127869444444444"",""-749713888888889"""
"ESP32_Ultra_09,""Biblioteca"",""5828"",""-127869444444444"",""-749713888888889"""
"ESP32_Ultra_09,""Biblioteca"",""1474"",""-127869444444444"",""-749713888888889"""
"ESP32_Ultra_09,""Biblioteca"",""7983"",""-127869444444444"",""-749713888888889"""
"ESP32_Ultra_09,""Biblioteca"",""5476"",""-127869444444444"",""-749713888888889"""
"ESP32_Ultra_09,""Biblioteca"",""3574"",""-127869444444444"",""-749713888888889"""
"ESP32_Ultra_09,""Biblioteca"",""2931"",""-127869444444444"",""-749713888888889"""
"ESP32_Ultra_09,""Biblioteca"",""5862"",""-127869444444444"",""-749713888888889"""
"ESP32_Ultra_09,""Biblioteca"",""2879"",""-127869444444444"",""-749713888888889"""
"ESP32_Ultra_09,""Biblioteca"",""4784"",""-127869444444444"",""-749713888888889"""
"ESP32_Ultra_09,""Biblioteca"",""197"",""-127869444444444"",""-749713888888889"""
"ESP32_Ultra_09,""Biblioteca"",""5062"",""-127869444444444"",""-749713888888889"""
"ESP32_Ultra_09,""Biblioteca"",""6391"",""-127869444444444"",""-749713888888889"""
"ESP32_Ultra_09,""Biblioteca"",""577"",""-127869444444444"",""-749713888888889"""
"ESP32_Ultra_09,""Biblioteca"",""6897"",""-127869444444444"",""-749713888888889"""
"ESP32_Ultra_09,""Biblioteca"",""4522"",""-127869444444444"",""-749713888888889"""
"ESP32_Ultra_09,""Biblioteca"",""3384"",""-127869444444444"",""-749713888888889"""
"ESP32_Ultra_09,""Biblioteca"",""1919"",""-127869444444444"",""-749713888888889"""
"ESP32_Ultra_09,""Biblioteca"",""273"",""-127869444444444"",""-749713888888889"""
"ESP32_Ultra_09,""Biblioteca"",""2333"",""-127869444444444"",""-749713888888889"""
"ESP32_Ultra_09,""Biblioteca"",""7143"",""-127869444444444"",""-749713888888889"""
"ESP32_Ultra_09,""Biblioteca"",""3564"",""-127869444444444"",""-749713888888889"""
"ESP32_Ultra_09,""Biblioteca"",""7334"",""-127869444444444"",""-749713888888889"""
"ESP32_Ultra_09,""Biblioteca"",""4336"",""-127869444444444"",""-749713888888889"""
"ESP32_Ultra_09,""Biblioteca"",""387"",""-127869444444444"",""-749713888888889"""
"ESP32_Ultra_09,""Biblioteca"",""6067"",""-127869444444444"",""-749713888888889"""
"ESP32_Ultra_09,""Biblioteca"",""3079"",""-127869444444444"",""-749713888888889"""
"ESP32_Ultra_09,""Biblioteca"",""8025"",""-127869444444444"",""-749713888888889"""
"ESP32_Ultra_09,""Biblioteca"",""3957"",""-127869444444444"",""-749713888888889"""
"ESP32_Ultra_09,""Biblioteca"",""413"",""-127869444444444"",""-749713888888889"""
"ESP32_Ultra_09,""Biblioteca"",""7424"",""-127869444444444"",""-749713888888889"""
"ESP32_Ultra_09,""Biblioteca"",""5001"",""-127869444444444"",""-749713888888889"""
"ESP32_Ultra_09,""Biblioteca"",""679"",""-127869444444444"",""-749713888888889"""
"ESP32_Ultra_09,""Biblioteca"",""7423"",""-127869444444444"",""-749713888888889"""
"ESP32_Ultra_09,""Biblioteca"",""468"",""-127869444444444"",""-749713888888889"""
"ESP32_Ultra_09,""Biblioteca"",""3999"",""-127869444444444"",""-749713888888889"""
"ESP32_Ultra_09,""Biblioteca"",""5325"",""-127869444444444"",""-749713888888889"""
"ESP32_Ultra_09,""Biblioteca"",""287"",""-127869444444444"",""-749713888888889"""
"ESP32_Ultra_09,""Biblioteca"",""3277"",""-127869444444444"",""-749713888888889"""
"ESP32_Ultra_09,""Biblioteca"",""4881"",""-127869444444444"",""-749713888888889"""
"ESP32_Ultra_09,""Biblioteca"",""5302"",""-127869444444444"",""-749713888888889"""
"ESP32_Ultra_09,""Biblioteca"",""5554"",""-127869444444444"",""-749713888888889"""
"ESP32_Ultra_09,""Biblioteca"",""2727"",""-127869444444444"",""-749713888888889"""
"ESP32_Ultra_09,""Biblioteca"",""4605"",""-127869444444444"",""-749713888888889"""
"ESP32_Ultra_09,""Biblioteca"",""1918"",""-180019444444444"",""-702519444444444"""
"ESP32_Ultra_09,""Biblioteca"",""4381"",""-180019444444444"",""-702519444444444"""
"ESP32_Ultra_09,""Biblioteca"",""6351"",""-180019444444444"",""-702519444444444"""
"ESP32_Ultra_09,""Biblioteca"",""5498"",""-180019444444444"",""-702519444444444"""
"ESP32_Ultra_10,""Zona residencial"",""6392"",""-111080555555556"",""-776102777777778"""
"ESP32_Ultra_10,""Zona residencial"",""7262"",""-111080555555556"",""-776102777777778"""
"ESP32_Ultra_10,""Zona residencial"",""1238"",""-111080555555556"",""-776102777777778"""
"ESP32_Ultra_10,""Zona residencial"",""985"",""-111080555555556"",""-776102777777778"""
"ESP32_Ultra_10,""Zona residencial"",""1171"",""-111080555555556"",""-776102777777778"""
"ESP32_Ultra_10,""Zona residencial"",""5521"",""-111080555555556"",""-776102777777778"""
"ESP32_Ultra_10,""Zona residencial"",""6066"",""-111080555555556"",""-776102777777778"""
"ESP32_Ultra_10,""Zona residencial"",""6628"",""-111080555555556"",""-776102777777778"""
"ESP32_Ultra_10,""Zona residencial"",""959"",""-111080555555556"",""-776102777777778"""
"ESP32_Ultra_10,""Zona residencial"",""3049"",""-111080555555556"",""-776102777777778"""
"ESP32_Ultra_10,""Zona residencial"",""273"",""-111080555555556"",""-776102777777778"""
"ESP32_Ultra_10,""Zona residencial"",""3144"",""-111080555555556"",""-776102777777778"""
"ESP32_Ultra_10,""Zona residencial"",""3941"",""-111080555555556"",""-776102777777778"""
"ESP32_Ultra_10,""Zona residencial"",""312"",""-111080555555556"",""-776102777777778"""
"ESP32_Ultra_10,""Zona residencial"",""7983"",""-111080555555556"",""-776102777777778"""
"ESP32_Ultra_10,""Zona residencial"",""2356"",""-111080555555556"",""-776102777777778"""
"ESP32_Ultra_10,""Zona residencial"",""2783"",""-111080555555556"",""-776102777777778"""
"ESP32_Ultra_10,""Zona residencial"",""1989"",""-111080555555556"",""-776102777777778"""
"ESP32_Ultra_10,""Zona residencial"",""5077"",""-111080555555556"",""-776102777777778"""
"ESP32_Ultra_10,""Zona residencial"",""158"",""-111080555555556"",""-776102777777778"""
"ESP32_Ultra_10,""Zona residencial"",""3462"",""-111080555555556"",""-776102777777778"""
"ESP32_Ultra_10,""Zona residencial"",""6215"",""-111080555555556"",""-776102777777778"""
"ESP32_Ultra_10,""Zona residencial"",""7107"",""-111080555555556"",""-776102777777778"""
"ESP32_Ultra_10,""Zona residencial"",""1122"",""-111080555555556"",""-776102777777778"""
"ESP32_Ultra_10,""Zona residencial"",""7709"",""-111080555555556"",""-776102777777778"""
"ESP32_Ultra_10,""Zona residencial"",""2066"",""-111080555555556"",""-776102777777778"""
"ESP32_Ultra_10,""Zona residencial"",""7394"",""-111080555555556"",""-776102777777778"""
"ESP32_Ultra_10,""Zona residencial"",""6841"",""-111080555555556"",""-776102777777778"""
"ESP32_Ultra_10,""Zona residencial"",""398"",""-111080555555556"",""-776102777777778"""
"ESP32_Ultra_10,""Zona residencial"",""5318"",""-111080555555556"",""-776102777777778"""
"ESP32_Ultra_10,""Zona residencial"",""1491"",""-111080555555556"",""-776102777777778"""
"ESP32_Ultra_10,""Zona residencial"",""623"",""-111080555555556"",""-776102777777778"""
"ESP32_Ultra_10,""Zona residencial"",""361"",""-111080555555556"",""-776102777777778"""
"ESP32_Ultra_10,""Zona residencial"",""7031"",""-111080555555556"",""-776102777777778"""
"ESP32_Ultra_10,""Zona residencial"",""8081"",""-111080555555556"",""-776102777777778"""
"ESP32_Ultra_10,""Zona residencial"",""6177"",""-111080555555556"",""-776102777777778"""
"ESP32_Ultra_10,""Zona residencial"",""2173"",""-111080555555556"",""-776102777777778"""
"ESP32_Ultra_10,""Zona residencial"",""2116"",""-111080555555556"",""-776102777777778"""
"ESP32_Ultra_10,""Zona residencial"",""2215"",""-111080555555556"",""-776102777777778"""
"ESP32_Ultra_10,""Zona residencial"",""4762"",""-111080555555556"",""-776102777777778"""
"ESP32_Ultra_10,""Zona residencial"",""8038"",""-111080555555556"",""-776102777777778"""
"ESP32_Ultra_10,""Zona residencial"",""8013"",""-111080555555556"",""-776102777777778"""
"ESP32_Ultra_10,""Zona residencial"",""4318"",""-111080555555556"",""-776102777777778"""
"ESP32_Ultra_10,""Zona residencial"",""825"",""-111080555555556"",""-776102777777778"""
"ESP32_Ultra_10,""Zona residencial"",""5493"",""-111080555555556"",""-776102777777778"""
"ESP32_Ultra_10,""Zona residencial"",""2828"",""-111080555555556"",""-776102777777778"""
"ESP32_Ultra_10,""Zona residencial"",""2842"",""-111080555555556"",""-776102777777778"""
"ESP32_Ultra_10,""Zona residencial"",""869"",""-111080555555556"",""-776102777777778"""
"ESP32_Ultra_10,""Zona residencial"",""769"",""-111080555555556"",""-776102777777778"""
"ESP32_Ultra_10,""Zona residencial"",""6086"",""-111080555555556"",""-776102777777778"""
"ESP32_Ultra_10,""Zona residencial"",""866"",""-111080555555556"",""-776102777777778"""
"ESP32_Ultra_10,""Zona residencial"",""7198"",""-111080555555556"",""-776102777777778"""
"ESP32_Ultra_10,""Zona residencial"",""3517"",""-111080555555556"",""-776102777777778"""
"ESP32_Ultra_10,""Zona residencial"",""6156"",""-111080555555556"",""-776102777777778"""
"ESP32_Ultra_10,""Zona residencial"",""3096"",""-111080555555556"",""-776102777777778"""
"ESP32_Ultra_10,""Zona residencial"",""7645"",""-111080555555556"",""-776102777777778"""
"ESP32_Ultra_10,""Zona residencial"",""1694"",""-111080555555556"",""-776102777777778"""
"ESP32_Ultra_10,""Zona residencial"",""7572"",""-111080555555556"",""-776102777777778"""
"ESP32_Ultra_10,""Zona residencial"",""3192"",""-111080555555556"",""-776102777777778"""
"ESP32_Ultra_10,""Zona residencial"",""719"",""-111080555555556"",""-776102777777778"""
"ESP32_Ultra_10,""Zona residencial"",""632"",""-111080555555556"",""-776102777777778"""
"ESP32_Ultra_10,""Zona residencial"",""5734"",""-111080555555556"",""-776102777777778"""
"ESP32_Ultra_10,""Zona residencial"",""1309"",""-111080555555556"",""-776102777777778"""
"ESP32_Ultra_10,""Zona residencial"",""4371"",""-111080555555556"",""-776102777777778"""
"ESP32_Ultra_10,""Zona residencial"",""5488"",""-111080555555556"",""-776102777777778"""
"ESP32_Ultra_10,""Zona residencial"",""3686"",""-111080555555556"",""-776102777777778"""
"ESP32_Ultra_10,""Zona residencial"",""6094"",""-111080555555556"",""-776102777777778"""
"ESP32_Ultra_10,""Zona residencial"",""7894"",""-111080555555556"",""-776102777777778"""
"ESP32_Ultra_10,""Zona residencial"",""3794"",""-111080555555556"",""-776102777777778"""
"ESP32_Ultra_10,""Zona residencial"",""6184"",""-111080555555556"",""-776102777777778"""
"ESP32_Ultra_10,""Zona residencial"",""5228"",""-111080555555556"",""-776102777777778"""
"ESP32_Ultra_10,""Zona residencial"",""7967"",""-111080555555556"",""-776102777777778"""
"ESP32_Ultra_10,""Zona residencial"",""4038"",""-111080555555556"",""-776102777777778"""
"ESP32_Ultra_10,""Zona residencial"",""7821"",""-111080555555556"",""-776102777777778"""
"ESP32_Ultra_10,""Zona residencial"",""2628"",""-111080555555556"",""-776102777777778"""
"ESP32_Ultra_10,""Zona residencial"",""2753"",""-111080555555556"",""-776102777777778"""
"ESP32_Ultra_10,""Zona residencial"",""2848"",""-111080555555556"",""-776102777777778"""
"ESP32_Ultra_10,""Zona residencial"",""5741"",""-111080555555556"",""-776102777777778"""
"ESP32_Ultra_10,""Zona residencial"",""6459"",""-111080555555556"",""-776102777777778"""
"ESP32_Ultra_10,""Zona residencial"",""5022"",""-111080555555556"",""-776102777777778"""
"ESP32_Ultra_10,""Zona residencial"",""7215"",""-111080555555556"",""-776102777777778"""
"ESP32_Ultra_10,""Zona residencial"",""2337"",""-111080555555556"",""-776102777777778"""
"ESP32_Ultra_10,""Zona residencial"",""4736"",""-111080555555556"",""-776102777777778"""
"ESP32_Ultra_10,""Zona residencial"",""1453"",""-111080555555556"",""-776102777777778"""
"ESP32_Ultra_10,""Zona residencial"",""789"",""-111080555555556"",""-776102777777778"""
"ESP32_Ultra_10,""Zona residencial"",""2152"",""-111080555555556"",""-776102777777778"""
"ESP32_Ultra_10,""Zona residencial"",""6654"",""-111080555555556"",""-776102777777778"""
"ESP32_Ultra_10,""Zona residencial"",""1732"",""-111080555555556"",""-776102777777778"""
"ESP32_Ultra_10,""Zona residencial"",""557"",""-111080555555556"",""-776102777777778"""
"ESP32_Ultra_10,""Zona residencial"",""1231"",""-111080555555556"",""-776102777777778"""
"ESP32_Ultra_10,""Zona residencial"",""1108"",""-111080555555556"",""-776102777777778"""
"ESP32_Ultra_10,""Zona residencial"",""325"",""-111080555555556"",""-776102777777778"""
"ESP32_Ultra_10,""Zona residencial"",""154"",""-111080555555556"",""-776102777777778"""
"ESP32_Ultra_10,""Zona residencial"",""3433"",""-111080555555556"",""-776102777777778"""
"ESP32_Ultra_10,""Zona residencial"",""4407"",""-111080555555556"",""-776102777777778"""
"ESP32_Ultra_10,""Zona residencial"",""1635"",""-111080555555556"",""-776102777777778"""
"ESP32_Ultra_10,""Zona residencial"",""6994"",""-111080555555556"",""-776102777777778"""
"ESP32_Ultra_10,""Zona residencial"",""455"",""-111080555555556"",""-776102777777778"""
"ESP32_Ultra_10,""Zona residencial"",""1113"",""-111080555555556"",""-776102777777778"""
"ESP32_Ultra_10,""Zona residencial"",""4651"",""-111080555555556"",""-776102777777778"""
"ESP32_Ultra_10,""Zona residencial"",""702"",""-111080555555556"",""-776102777777778"""
"ESP32_Ultra_10,""Zona residencial"",""1247"",""-111080555555556"",""-776102777777778"""
"ESP32_Ultra_10,""Zona residencial"",""3388"",""-111080555555556"",""-776102777777778"""
"ESP32_Ultra_10,""Zona residencial"",""6094"",""-111080555555556"",""-776102777777778"""
"ESP32_Ultra_10,""Zona residencial"",""3507"",""-111080555555556"",""-776102777777778"""
"ESP32_Ultra_10,""Zona residencial"",""2311"",""-111080555555556"",""-776102777777778"""
"ESP32_Ultra_10,""Zona residencial"",""1081"",""-111080555555556"",""-776102777777778"""
"ESP32_Ultra_10,""Zona residencial"",""1388"",""-111080555555556"",""-776102777777778"""
"ESP32_Ultra_10,""Zona residencial"",""3996"",""-111080555555556"",""-776102777777778"""
"ESP32_Ultra_10,""Zona residencial"",""7448"",""-111080555555556"",""-776102777777778"""
"ESP32_Ultra_10,""Zona residencial"",""6814"",""-111080555555556"",""-776102777777778"""
"ESP32_Ultra_10,""Zona residencial"",""3024"",""-111080555555556"",""-776102777777778"""
"ESP32_Ultra_10,""Zona residencial"",""1109"",""-111080555555556"",""-776102777777778"""
"ESP32_Ultra_10,""Zona residencial"",""2765"",""-111080555555556"",""-776102777777778"""
"ESP32_Ultra_10,""Zona residencial"",""394"",""-111080555555556"",""-776102777777778"""
"ESP32_Ultra_10,""Zona residencial"",""3363"",""-111080555555556"",""-776102777777778"""
"ESP32_Ultra_10,""Zona residencial"",""2735"",""-111080555555556"",""-776102777777778"""
"ESP32_Ultra_10,""Zona residencial"",""2276"",""-111080555555556"",""-776102777777778"""
"ESP32_Ultra_10,""Zona residencial"",""5832"",""-111080555555556"",""-776102777777778"""
"ESP32_Ultra_10,""Zona residencial"",""7696"",""-111080555555556"",""-776102777777778"""
"ESP32_Ultra_10,""Zona residencial"",""6368"",""-111080555555556"",""-776102777777778"""
"ESP32_Ultra_10,""Zona residencial"",""3424"",""-111080555555556"",""-776102777777778"""
"ESP32_Ultra_10,""Zona residencial"",""7324"",""-111080555555556"",""-776102777777778"""
"ESP32_Ultra_10,""Zona residencial"",""6809"",""-111080555555556"",""-776102777777778"""
"ESP32_Ultra_11,""Mercado"",""163"",""-952972222222222"",""-775291666666667"""
"ESP32_Ultra_11,""Mercado"",""1155"",""-952972222222222"",""-775291666666667"""
"ESP32_Ultra_11,""Mercado"",""3911"",""-952972222222222"",""-775291666666667"""
"ESP32_Ultra_11,""Mercado"",""1928"",""-952972222222222"",""-775291666666667"""
"ESP32_Ultra_11,""Mercado"",""5877"",""-952972222222222"",""-775291666666667"""
"ESP32_Ultra_11,""Mercado"",""3801"",""-952972222222222"",""-775291666666667"""
"ESP32_Ultra_11,""Mercado"",""6358"",""-952972222222222"",""-775291666666667"""
"ESP32_Ultra_11,""Mercado"",""779"",""-952972222222222"",""-775291666666667"""
"ESP32_Ultra_11,""Mercado"",""1974"",""-952972222222222"",""-775291666666667"""
"ESP32_Ultra_11,""Mercado"",""819"",""-952972222222222"",""-775291666666667"""
"ESP32_Ultra_11,""Mercado"",""5363"",""-952972222222222"",""-775291666666667"""
"ESP32_Ultra_11,""Mercado"",""6504"",""-952972222222222"",""-775291666666667"""
"ESP32_Ultra_11,""Mercado"",""7515"",""-952972222222222"",""-775291666666667"""
"ESP32_Ultra_11,""Mercado"",""6274"",""-952972222222222"",""-775291666666667"""
"ESP32_Ultra_11,""Mercado"",""5684"",""-952972222222222"",""-775291666666667"""
"ESP32_Ultra_11,""Mercado"",""5284"",""-952972222222222"",""-775291666666667"""
"ESP32_Ultra_11,""Mercado"",""264"",""-952972222222222"",""-775291666666667"""
"ESP32_Ultra_11,""Mercado"",""3577"",""-952972222222222"",""-775291666666667"""
"ESP32_Ultra_11,""Mercado"",""3861"",""-952972222222222"",""-775291666666667"""
"ESP32_Ultra_11,""Mercado"",""6315"",""-952972222222222"",""-775291666666667"""
"ESP32_Ultra_11,""Mercado"",""4023"",""-952972222222222"",""-775291666666667"""
"ESP32_Ultra_11,""Mercado"",""347"",""-952972222222222"",""-775291666666667"""
"ESP32_Ultra_11,""Mercado"",""5566"",""-952972222222222"",""-775291666666667"""
"ESP32_Ultra_11,""Mercado"",""1939"",""-952972222222222"",""-775291666666667"""
"ESP32_Ultra_11,""Mercado"",""2756"",""-952972222222222"",""-775291666666667"""
"ESP32_Ultra_11,""Mercado"",""7535"",""-952972222222222"",""-775291666666667"""
"ESP32_Ultra_11,""Mercado"",""7271"",""-952972222222222"",""-775291666666667"""
"ESP32_Ultra_11,""Mercado"",""7137"",""-952972222222222"",""-775291666666667"""
"ESP32_Ultra_11,""Mercado"",""3261"",""-952972222222222"",""-775291666666667"""
"ESP32_Ultra_11,""Mercado"",""1165"",""-952972222222222"",""-775291666666667"""
"ESP32_Ultra_11,""Mercado"",""1418"",""-952972222222222"",""-775291666666667"""
"ESP32_Ultra_11,""Mercado"",""6905"",""-952972222222222"",""-775291666666667"""
"ESP32_Ultra_11,""Mercado"",""1148"",""-952972222222222"",""-775291666666667"""
"ESP32_Ultra_11,""Mercado"",""1334"",""-952972222222222"",""-775291666666667"""
"ESP32_Ultra_11,""Mercado"",""305"",""-952972222222222"",""-775291666666667"""
"ESP32_Ultra_11,""Mercado"",""2424"",""-952972222222222"",""-775291666666667"""
"ESP32_Ultra_11,""Mercado"",""1478"",""-952972222222222"",""-775291666666667"""
"ESP32_Ultra_11,""Mercado"",""792"",""-952972222222222"",""-775291666666667"""
"ESP32_Ultra_11,""Mercado"",""7124"",""-952972222222222"",""-775291666666667"""
"ESP32_Ultra_11,""Mercado"",""3093"",""-952972222222222"",""-775291666666667"""
"ESP32_Ultra_11,""Mercado"",""4624"",""-952972222222222"",""-775291666666667"""
"ESP32_Ultra_11,""Mercado"",""8039"",""-952972222222222"",""-775291666666667"""
"ESP32_Ultra_11,""Mercado"",""4652"",""-952972222222222"",""-775291666666667"""
"ESP32_Ultra_11,""Mercado"",""5204"",""-952972222222222"",""-775291666666667"""
"ESP32_Ultra_11,""Mercado"",""6944"",""-952972222222222"",""-775291666666667"""
"ESP32_Ultra_11,""Mercado"",""515"",""-952972222222222"",""-775291666666667"""
"ESP32_Ultra_11,""Mercado"",""6112"",""-952972222222222"",""-775291666666667"""
"ESP32_Ultra_11,""Mercado"",""2621"",""-952972222222222"",""-775291666666667"""
"ESP32_Ultra_11,""Mercado"",""2305"",""-952972222222222"",""-775291666666667"""
"ESP32_Ultra_11,""Mercado"",""215"",""-952972222222222"",""-775291666666667"""
"ESP32_Ultra_11,""Mercado"",""1196"",""-952972222222222"",""-775291666666667"""
"ESP32_Ultra_11,""Mercado"",""6399"",""-952972222222222"",""-775291666666667"""
"ESP32_Ultra_11,""Mercado"",""3171"",""-952972222222222"",""-775291666666667"""
"ESP32_Ultra_11,""Mercado"",""2752"",""-952972222222222"",""-775291666666667"""
"ESP32_Ultra_11,""Mercado"",""5588"",""-952972222222222"",""-775291666666667"""
"ESP32_Ultra_11,""Mercado"",""1562"",""-952972222222222"",""-775291666666667"""
"ESP32_Ultra_11,""Mercado"",""1849"",""-952972222222222"",""-775291666666667"""
"ESP32_Ultra_11,""Mercado"",""125"",""-952972222222222"",""-775291666666667"""
"ESP32_Ultra_11,""Mercado"",""1359"",""-952972222222222"",""-775291666666667"""
"ESP32_Ultra_11,""Mercado"",""3664"",""-952972222222222"",""-775291666666667"""
"ESP32_Ultra_11,""Mercado"",""365"",""-952972222222222"",""-775291666666667"""
"ESP32_Ultra_11,""Mercado"",""2608"",""-952972222222222"",""-775291666666667"""
"ESP32_Ultra_11,""Mercado"",""23"",""-952972222222222"",""-775291666666667"""
"ESP32_Ultra_11,""Mercado"",""2099"",""-952972222222222"",""-775291666666667"""
"ESP32_Ultra_11,""Mercado"",""3759"",""-952972222222222"",""-775291666666667"""
"ESP32_Ultra_11,""Mercado"",""5833"",""-952972222222222"",""-775291666666667"""
"ESP32_Ultra_11,""Mercado"",""872"",""-952972222222222"",""-775291666666667"""
"ESP32_Ultra_11,""Mercado"",""5886"",""-952972222222222"",""-775291666666667"""
"ESP32_Ultra_11,""Mercado"",""6709"",""-952972222222222"",""-775291666666667"""
"ESP32_Ultra_11,""Mercado"",""2091"",""-952972222222222"",""-775291666666667"""
"ESP32_Ultra_11,""Mercado"",""455"",""-952972222222222"",""-775291666666667"""
"ESP32_Ultra_11,""Mercado"",""5215"",""-952972222222222"",""-775291666666667"""
"ESP32_Ultra_11,""Mercado"",""1112"",""-952972222222222"",""-775291666666667"""
"ESP32_Ultra_11,""Mercado"",""682"",""-952972222222222"",""-775291666666667"""
"ESP32_Ultra_11,""Mercado"",""3281"",""-952972222222222"",""-775291666666667"""
"ESP32_Ultra_11,""Mercado"",""3261"",""-952972222222222"",""-775291666666667"""
"ESP32_Ultra_11,""Mercado"",""3716"",""-952972222222222"",""-775291666666667"""
"ESP32_Ultra_11,""Mercado"",""1288"",""-952972222222222"",""-775291666666667"""
"ESP32_Ultra_11,""Mercado"",""7849"",""-952972222222222"",""-775291666666667"""
"ESP32_Ultra_11,""Mercado"",""4921"",""-952972222222222"",""-775291666666667"""
"ESP32_Ultra_11,""Mercado"",""294"",""-952972222222222"",""-775291666666667"""
"ESP32_Ultra_11,""Mercado"",""1107"",""-952972222222222"",""-775291666666667"""
"ESP32_Ultra_11,""Mercado"",""1604"",""-952972222222222"",""-775291666666667"""
"ESP32_Ultra_11,""Mercado"",""2923"",""-952972222222222"",""-775291666666667"""
"ESP32_Ultra_11,""Mercado"",""5709"",""-952972222222222"",""-775291666666667"""
"ESP32_Ultra_11,""Mercado"",""945"",""-952972222222222"",""-775291666666667"""
"ESP32_Ultra_11,""Mercado"",""716"",""-952972222222222"",""-775291666666667"""
"ESP32_Ultra_11,""Mercado"",""998"",""-952972222222222"",""-775291666666667"""
"ESP32_Ultra_11,""Mercado"",""5634"",""-952972222222222"",""-775291666666667"""
"ESP32_Ultra_11,""Mercado"",""4577"",""-952972222222222"",""-775291666666667"""
"ESP32_Ultra_11,""Mercado"",""4977"",""-952972222222222"",""-775291666666667"""
"ESP32_Ultra_11,""Mercado"",""1492"",""-952972222222222"",""-775291666666667"""
"ESP32_Ultra_11,""Mercado"",""3232"",""-952972222222222"",""-775291666666667"""
"ESP32_Ultra_11,""Mercado"",""3979"",""-952972222222222"",""-775291666666667"""
"ESP32_Ultra_11,""Mercado"",""781"",""-952972222222222"",""-775291666666667"""
"ESP32_Ultra_11,""Mercado"",""1383"",""-952972222222222"",""-775291666666667"""
"ESP32_Ultra_11,""Mercado"",""3444"",""-952972222222222"",""-775291666666667"""
"ESP32_Ultra_11,""Mercado"",""5972"",""-952972222222222"",""-775291666666667"""
"ESP32_Ultra_11,""Mercado"",""6638"",""-952972222222222"",""-775291666666667"""
"ESP32_Ultra_11,""Mercado"",""3913"",""-952972222222222"",""-775291666666667"""
"ESP32_Ultra_11,""Mercado"",""5069"",""-952972222222222"",""-775291666666667"""
"ESP32_Ultra_11,""Mercado"",""3418"",""-952972222222222"",""-775291666666667"""
"ESP32_Ultra_11,""Mercado"",""3867"",""-952972222222222"",""-775291666666667"""
"ESP32_Ultra_11,""Mercado"",""7647"",""-952972222222222"",""-775291666666667"""
"ESP32_Ultra_11,""Mercado"",""5818"",""-952972222222222"",""-775291666666667"""
"ESP32_Ultra_11,""Mercado"",""669"",""-952972222222222"",""-775291666666667"""
"ESP32_Ultra_11,""Mercado"",""5869"",""-952972222222222"",""-775291666666667"""
"ESP32_Ultra_11,""Mercado"",""5294"",""-952972222222222"",""-775291666666667"""
"ESP32_Ultra_11,""Mercado"",""6484"",""-952972222222222"",""-775291666666667"""
"ESP32_Ultra_11,""Mercado"",""7362"",""-952972222222222"",""-775291666666667"""
"ESP32_Ultra_11,""Mercado"",""5947"",""-952972222222222"",""-775291666666667"""
"ESP32_Ultra_11,""Mercado"",""675"",""-952972222222222"",""-775291666666667"""
"ESP32_Ultra_11,""Mercado"",""4051"",""-952972222222222"",""-775291666666667"""
"ESP32_Ultra_11,""Mercado"",""764"",""-952972222222222"",""-775291666666667"""
"ESP32_Ultra_11,""Mercado"",""1314"",""-952972222222222"",""-775291666666667"""
"ESP32_Ultra_11,""Mercado"",""1608"",""-952972222222222"",""-775291666666667"""
"ESP32_Ultra_11,""Mercado"",""6864"",""-952972222222222"",""-775291666666667"""
"ESP32_Ultra_11,""Mercado"",""5059"",""-952972222222222"",""-775291666666667"""
"ESP32_Ultra_11,""Mercado"",""757"",""-952972222222222"",""-775291666666667"""
"ESP32_Ultra_11,""Mercado"",""6399"",""-952972222222222"",""-775291666666667"""
"ESP32_Ultra_11,""Mercado"",""5328"",""-952972222222222"",""-775291666666667"""
"ESP32_Ultra_11,""Mercado"",""2295"",""-952972222222222"",""-775291666666667"""
"ESP32_Ultra_11,""Mercado"",""8049"",""-952972222222222"",""-775291666666667"""
"ESP32_Ultra_11,""Mercado"",""809"",""-952972222222222"",""-775291666666667"""
"ESP32_Ultra_11,""Mercado"",""5371"",""-952972222222222"",""-775291666666667"""
"ESP32_Ultra_11,""Mercado"",""466"",""-952972222222222"",""-775291666666667"""
"ESP32_Ultra_11,""Mercado"",""7961"",""-952972222222222"",""-775291666666667"""
"ESP32_Ultra_11,""Mercado"",""4356"",""-952972222222222"",""-775291666666667"""
"ESP32_Ultra_11,""Mercado"",""5023"",""-952972222222222"",""-775291666666667"""
"ESP32_Ultra_11,""Mercado"",""413"",""-952972222222222"",""-775291666666667"""
"ESP32_Ultra_11,""Mercado"",""2466"",""-952972222222222"",""-775291666666667"""
"ESP32_Ultra_11,""Mercado"",""7247"",""-952972222222222"",""-775291666666667"""
"ESP32_Ultra_11,""Mercado"",""2326"",""-952972222222222"",""-775291666666667"""
"ESP32_Ultra_11,""Mercado"",""5368"",""-952972222222222"",""-775291666666667"""
"ESP32_Ultra_11,""Mercado"",""1098"",""-952972222222222"",""-775291666666667"""
"ESP32_Ultra_11,""Mercado"",""936"",""-952972222222222"",""-775291666666667"""
"ESP32_Ultra_11,""Mercado"",""5445"",""-952972222222222"",""-775291666666667"""
"ESP32_Ultra_11,""Mercado"",""6196"",""-952972222222222"",""-775291666666667"""
"ESP32_Ultra_11,""Mercado"",""7328"",""-952972222222222"",""-775291666666667"""
"ESP32_Ultra_11,""Mercado"",""6635"",""-952972222222222"",""-775291666666667"""
"ESP32_Ultra_11,""Mercado"",""7515"",""-952972222222222"",""-775291666666667"""
"ESP32_Ultra_11,""Mercado"",""2561"",""-952972222222222"",""-775291666666667"""
"ESP32_Ultra_11,""Mercado"",""5977"",""-952972222222222"",""-775291666666667"""
"ESP32_Ultra_11,""Mercado"",""4469"",""-952972222222222"",""-775291666666667"""
"ESP32_Ultra_12,""Parque"",""3753"",""-120438888888889"",""-769713888888889"""
"ESP32_Ultra_12,""Parque"",""6733"",""-120438888888889"",""-769713888888889"""
"ESP32_Ultra_12,""Parque"",""1165"",""-120438888888889"",""-769713888888889"""
"ESP32_Ultra_12,""Parque"",""1106"",""-120438888888889"",""-769713888888889"""
"ESP32_Ultra_12,""Parque"",""1512"",""-120438888888889"",""-769713888888889"""
"ESP32_Ultra_12,""Parque"",""5977"",""-120438888888889"",""-769713888888889"""
"ESP32_Ultra_12,""Parque"",""1733"",""-120438888888889"",""-769713888888889"""
"ESP32_Ultra_12,""Parque"",""3028"",""-120438888888889"",""-769713888888889"""
"ESP32_Ultra_12,""Parque"",""8054"",""-120438888888889"",""-769713888888889"""
"ESP32_Ultra_12,""Parque"",""1615"",""-120438888888889"",""-769713888888889"""
"ESP32_Ultra_12,""Parque"",""796"",""-120438888888889"",""-769713888888889"""
"ESP32_Ultra_12,""Parque"",""3001"",""-120438888888889"",""-769713888888889"""
"ESP32_Ultra_12,""Parque"",""6601"",""-120438888888889"",""-769713888888889"""
"ESP32_Ultra_12,""Parque"",""7784"",""-120438888888889"",""-769713888888889"""
"ESP32_Ultra_12,""Parque"",""1542"",""-120438888888889"",""-769713888888889"""
"ESP32_Ultra_12,""Parque"",""171"",""-120438888888889"",""-769713888888889"""
"ESP32_Ultra_12,""Parque"",""6966"",""-120438888888889"",""-769713888888889"""
"ESP32_Ultra_12,""Parque"",""7393"",""-120438888888889"",""-769713888888889"""
"ESP32_Ultra_12,""Parque"",""4527"",""-120438888888889"",""-769713888888889"""
"ESP32_Ultra_12,""Parque"",""893"",""-120438888888889"",""-769713888888889"""
"ESP32_Ultra_12,""Parque"",""6861"",""-120438888888889"",""-769713888888889"""
"ESP32_Ultra_12,""Parque"",""4443"",""-120438888888889"",""-769713888888889"""
"ESP32_Ultra_12,""Parque"",""1438"",""-120438888888889"",""-769713888888889"""
"ESP32_Ultra_12,""Parque"",""3826"",""-120438888888889"",""-769713888888889"""
"ESP32_Ultra_12,""Parque"",""1042"",""-120438888888889"",""-769713888888889"""
"ESP32_Ultra_12,""Parque"",""3229"",""-120438888888889"",""-769713888888889"""
"ESP32_Ultra_12,""Parque"",""8079"",""-120438888888889"",""-769713888888889"""
"ESP32_Ultra_12,""Parque"",""6116"",""-120438888888889"",""-769713888888889"""
"ESP32_Ultra_12,""Parque"",""4138"",""-120438888888889"",""-769713888888889"""
"ESP32_Ultra_12,""Parque"",""1193"",""-120438888888889"",""-769713888888889"""
"ESP32_Ultra_12,""Parque"",""6976"",""-120438888888889"",""-769713888888889"""
"ESP32_Ultra_12,""Parque"",""1444"",""-120438888888889"",""-769713888888889"""
"ESP32_Ultra_12,""Parque"",""6454"",""-120438888888889"",""-769713888888889"""
"ESP32_Ultra_12,""Parque"",""6797"",""-120438888888889"",""-769713888888889"""
"ESP32_Ultra_12,""Parque"",""1132"",""-120438888888889"",""-769713888888889"""
"ESP32_Ultra_12,""Parque"",""6462"",""-120438888888889"",""-769713888888889"""
"ESP32_Ultra_12,""Parque"",""1618"",""-120438888888889"",""-769713888888889"""
"ESP32_Ultra_12,""Parque"",""417"",""-120438888888889"",""-769713888888889"""
"ESP32_Ultra_12,""Parque"",""360"",""-120438888888889"",""-769713888888889"""
"ESP32_Ultra_12,""Parque"",""4648"",""-120438888888889"",""-769713888888889"""
"ESP32_Ultra_12,""Parque"",""6575"",""-120438888888889"",""-769713888888889"""
"ESP32_Ultra_12,""Parque"",""5185"",""-120438888888889"",""-769713888888889"""
"ESP32_Ultra_12,""Parque"",""605"",""-120438888888889"",""-769713888888889"""
"ESP32_Ultra_12,""Parque"",""2677"",""-120438888888889"",""-769713888888889"""
"ESP32_Ultra_12,""Parque"",""4482"",""-120438888888889"",""-769713888888889"""
"ESP32_Ultra_12,""Parque"",""7498"",""-120438888888889"",""-769713888888889"""
"ESP32_Ultra_12,""Parque"",""1725"",""-120438888888889"",""-769713888888889"""
"ESP32_Ultra_12,""Parque"",""3678"",""-120438888888889"",""-769713888888889"""
"ESP32_Ultra_12,""Parque"",""3726"",""-120438888888889"",""-769713888888889"""
"ESP32_Ultra_12,""Parque"",""6836"",""-120438888888889"",""-769713888888889"""
"ESP32_Ultra_12,""Parque"",""2166"",""-120438888888889"",""-769713888888889"""
"ESP32_Ultra_12,""Parque"",""6149"",""-120438888888889"",""-769713888888889"""
"ESP32_Ultra_12,""Parque"",""3879"",""-120438888888889"",""-769713888888889"""
"ESP32_Ultra_12,""Parque"",""1186"",""-120438888888889"",""-769713888888889"""
"ESP32_Ultra_12,""Parque"",""565"",""-120438888888889"",""-769713888888889"""
"ESP32_Ultra_12,""Parque"",""6876"",""-120438888888889"",""-769713888888889"""
"ESP32_Ultra_12,""Parque"",""6146"",""-120438888888889"",""-769713888888889"""
"ESP32_Ultra_12,""Parque"",""4094"",""-120438888888889"",""-769713888888889"""
"ESP32_Ultra_12,""Parque"",""39"",""-120438888888889"",""-769713888888889"""
"ESP32_Ultra_12,""Parque"",""5564"",""-120438888888889"",""-769713888888889"""
"ESP32_Ultra_12,""Parque"",""534"",""-120438888888889"",""-769713888888889"""
"ESP32_Ultra_12,""Parque"",""8055"",""-120438888888889"",""-769713888888889"""
"ESP32_Ultra_12,""Parque"",""5142"",""-120438888888889"",""-769713888888889"""
"ESP32_Ultra_12,""Parque"",""4272"",""-120438888888889"",""-769713888888889"""
"ESP32_Ultra_12,""Parque"",""710"",""-120438888888889"",""-769713888888889"""
"ESP32_Ultra_12,""Parque"",""2994"",""-120438888888889"",""-769713888888889"""
"ESP32_Ultra_12,""Parque"",""6359"",""-120438888888889"",""-769713888888889"""
"ESP32_Ultra_12,""Parque"",""1764"",""-120438888888889"",""-769713888888889"""
"ESP32_Ultra_12,""Parque"",""1608"",""-120438888888889"",""-769713888888889"""
"ESP32_Ultra_12,""Parque"",""8076"",""-120438888888889"",""-769713888888889"""
"ESP32_Ultra_12,""Parque"",""4045"",""-120438888888889"",""-769713888888889"""
"ESP32_Ultra_12,""Parque"",""3426"",""-120438888888889"",""-769713888888889"""
"ESP32_Ultra_12,""Parque"",""1107"",""-120438888888889"",""-769713888888889"""
"ESP32_Ultra_12,""Parque"",""3031"",""-120438888888889"",""-769713888888889"""
"ESP32_Ultra_12,""Parque"",""5677"",""-120438888888889"",""-769713888888889"""
"ESP32_Ultra_12,""Parque"",""4855"",""-120438888888889"",""-769713888888889"""
"ESP32_Ultra_12,""Parque"",""2071"",""-120438888888889"",""-769713888888889"""
"ESP32_Ultra_12,""Parque"",""2271"",""-120438888888889"",""-769713888888889"""
"ESP32_Ultra_12,""Parque"",""4884"",""-120438888888889"",""-769713888888889"""
"ESP32_Ultra_12,""Parque"",""3642"",""-120438888888889"",""-769713888888889"""
"ESP32_Ultra_12,""Parque"",""1413"",""-120438888888889"",""-769713888888889"""
"ESP32_Ultra_12,""Parque"",""2769"",""-120438888888889"",""-769713888888889"""
"ESP32_Ultra_12,""Parque"",""374"",""-120438888888889"",""-769713888888889"""
"ESP32_Ultra_12,""Parque"",""5914"",""-120438888888889"",""-769713888888889"""
"ESP32_Ultra_12,""Parque"",""7007"",""-120438888888889"",""-769713888888889"""
"ESP32_Ultra_12,""Parque"",""6511"",""-120438888888889"",""-769713888888889"""
"ESP32_Ultra_12,""Parque"",""7559"",""-120438888888889"",""-769713888888889"""
"ESP32_Ultra_12,""Parque"",""7587"",""-120438888888889"",""-769713888888889"""
"ESP32_Ultra_12,""Parque"",""4472"",""-120438888888889"",""-769713888888889"""
"ESP32_Ultra_12,""Parque"",""6936"",""-120438888888889"",""-769713888888889"""
"ESP32_Ultra_12,""Parque"",""1421"",""-120438888888889"",""-769713888888889"""
"ESP32_Ultra_12,""Parque"",""2096"",""-120438888888889"",""-769713888888889"""
"ESP32_Ultra_12,""Parque"",""4982"",""-120438888888889"",""-769713888888889"""
"ESP32_Ultra_12,""Parque"",""1149"",""-120438888888889"",""-769713888888889"""
"ESP32_Ultra_12,""Parque"",""2862"",""-120438888888889"",""-769713888888889"""
"ESP32_Ultra_12,""Parque"",""4258"",""-120438888888889"",""-769713888888889"""
"ESP32_Ultra_12,""Parque"",""2451"",""-120438888888889"",""-769713888888889"""
"ESP32_Ultra_12,""Parque"",""4091"",""-120438888888889"",""-769713888888889"""
"ESP32_Ultra_12,""Parque"",""5243"",""-120438888888889"",""-769713888888889"""
"ESP32_Ultra_12,""Parque"",""1632"",""-120438888888889"",""-769713888888889"""
"ESP32_Ultra_12,""Parque"",""968"",""-120438888888889"",""-769713888888889"""
"ESP32_Ultra_12,""Parque"",""4904"",""-120438888888889"",""-769713888888889"""
"ESP32_Ultra_12,""Parque"",""855"",""-120438888888889"",""-769713888888889"""
"ESP32_Ultra_12,""Parque"",""4444"",""-120438888888889"",""-769713888888889"""
"ESP32_Ultra_12,""Parque"",""281"",""-120438888888889"",""-769713888888889"""
"ESP32_Ultra_12,""Parque"",""1375"",""-120438888888889"",""-769713888888889"""
"ESP32_Ultra_12,""Parque"",""5429"",""-120438888888889"",""-769713888888889"""
"ESP32_Ultra_12,""Parque"",""7686"",""-120438888888889"",""-769713888888889"""
"ESP32_Ultra_12,""Parque"",""2703"",""-120438888888889"",""-769713888888889"""
"ESP32_Ultra_12,""Parque"",""6724"",""-120438888888889"",""-769713888888889"""
"ESP32_Ultra_12,""Parque"",""763"",""-120438888888889"",""-769713888888889"""
"ESP32_Ultra_12,""Parque"",""3043"",""-120438888888889"",""-769713888888889"""
"ESP32_Ultra_12,""Parque"",""5839"",""-120438888888889"",""-769713888888889"""
"ESP32_Ultra_12,""Parque"",""7334"",""-120438888888889"",""-769713888888889"""
"ESP32_Ultra_12,""Parque"",""2471"",""-120438888888889"",""-769713888888889"""
"ESP32_Ultra_12,""Parque"",""537"",""-120438888888889"",""-769713888888889"""
"ESP32_Ultra_12,""Parque"",""4396"",""-120438888888889"",""-769713888888889"""
"ESP32_Ultra_12,""Parque"",""2786"",""-120438888888889"",""-769713888888889"""
"ESP32_Ultra_12,""Parque"",""1338"",""-120438888888889"",""-769713888888889"""
"ESP32_Ultra_12,""Parque"",""1861"",""-120438888888889"",""-769713888888889"""
"ESP32_Ultra_12,""Parque"",""7076"",""-120438888888889"",""-769713888888889"""
"ESP32_Ultra_12,""Parque"",""792"",""-120438888888889"",""-769713888888889"""
"ESP32_Ultra_12,""Parque"",""64"",""-120438888888889"",""-769713888888889"""
"ESP32_Ultra_12,""Parque"",""2055"",""-120438888888889"",""-769713888888889"""
"ESP32_Ultra_12,""Parque"",""2576"",""-120438888888889"",""-769713888888889"""
"ESP32_Ultra_12,""Parque"",""7309"",""-120438888888889"",""-769713888888889"""
"ESP32_Ultra_12,""Parque"",""1013"",""-120438888888889"",""-769713888888889"""
"ESP32_Ultra_12,""Parque"",""2418"",""-120438888888889"",""-769713888888889"""
"ESP32_Ultra_12,""Parque"",""6066"",""-120438888888889"",""-769713888888889"""
"ESP32_Ultra_12,""Parque"",""6255"",""-120438888888889"",""-769713888888889"""
"ESP32_Ultra_12,""Parque"",""5891"",""-120438888888889"",""-769713888888889"""
"ESP32_Ultra_12,""Parque"",""4202"",""-120438888888889"",""-769713888888889"""
"ESP32_Ultra_12,""Parque"",""1836"",""-120438888888889"",""-769713888888889"""
"ESP32_Ultra_12,""Parque"",""2563"",""-120438888888889"",""-769713888888889"""
"ESP32_Ultra_12,""Parque"",""398"",""-120438888888889"",""-769713888888889"""
"ESP32_Ultra_12,""Parque"",""5381"",""-120438888888889"",""-769713888888889"""
"ESP32_Ultra_12,""Parque"",""1254"",""-120438888888889"",""-769713888888889"""
"ESP32_Ultra_12,""Parque"",""1918"",""-120438888888889"",""-769713888888889"""
"ESP32_Ultra_12,""Parque"",""633"",""-120438888888889"",""-769713888888889"""
"ESP32_Ultra_12,""Parque"",""2399"",""-120438888888889"",""-769713888888889"""
"ESP32_Ultra_12,""Parque"",""691"",""-120438888888889"",""-769713888888889"""
"ESP32_Ultra_12,""Parque"",""4148"",""-120438888888889"",""-769713888888889"""
"ESP32_Ultra_12,""Parque"",""2283"",""-120438888888889"",""-769713888888889"""
"ESP32_Ultra_12,""Parque"",""6298"",""-120438888888889"",""-769713888888889"""
"ESP32_Ultra_12,""Parque"",""3371"",""-120438888888889"",""-769713888888889"""
"ESP32_Ultra_12,""Parque"",""3226"",""-120438888888889"",""-769713888888889"""
"ESP32_Ultra_12,""Parque"",""7259"",""-120438888888889"",""-769713888888889"""
"ESP32_Ultra_12,""Parque"",""1635"",""-120438888888889"",""-769713888888889"""
"ESP32_Ultra_12,""Parque"",""6201"",""-120438888888889"",""-769713888888889"""
"ESP32_Ultra_12,""Parque"",""2039"",""-120438888888889"",""-769713888888889"""
"ESP32_Ultra_12,""Parque"",""1489"",""-120438888888889"",""-769713888888889"""
"ESP32_Ultra_12,""Parque"",""758"",""-120438888888889"",""-769713888888889"""
"ESP32_Ultra_12,""Parque"",""105"",""-120438888888889"",""-769713888888889"""
"ESP32_Ultra_12,""Parque"",""5307"",""-120438888888889"",""-769713888888889"""
"ESP32_Ultra_12,""Parque"",""4783"",""-120438888888889"",""-769713888888889"""
"ESP32_Ultra_12,""Parque"",""6224"",""-120438888888889"",""-769713888888889"""
"ESP32_Ultra_12,""Parque"",""6038"",""-120438888888889"",""-769713888888889"""
"ESP32_Ultra_12,""Parque"",""2608"",""-120438888888889"",""-769713888888889"""
"ESP32_Ultra_12,""Parque"",""2716"",""-120438888888889"",""-769713888888889"""
"ESP32_Ultra_12,""Parque"",""5602"",""-120438888888889"",""-769713888888889"""
"ESP32_Ultra_12,""Parque"",""445"",""-120438888888889"",""-769713888888889"""
"ESP32_Ultra_12,""Parque"",""5554"",""-120438888888889"",""-769713888888889"""
"ESP32_Ultra_12,""Parque"",""1724"",""-120438888888889"",""-769713888888889"""
"ESP32_Ultra_12,""Parque"",""967"",""-120438888888889"",""-769713888888889"""
"ESP32_Ultra_12,""Parque"",""658"",""-120438888888889"",""-769713888888889"""
"ESP32_Ultra_12,""Parque"",""2855"",""-120438888888889"",""-769713888888889"""
"ESP32_Ultra_12,""Parque"",""6826"",""-120438888888889"",""-769713888888889"""
"ESP32_Ultra_12,""Parque"",""4255"",""-120438888888889"",""-769713888888889"""
"ESP32_Ultra_12,""Parque"",""2884"",""-120438888888889"",""-769713888888889"""
"ESP32_Ultra_12,""Parque"",""6812"",""-120438888888889"",""-769713888888889"""
"ESP32_Ultra_12,""Parque"",""7415"",""-120438888888889"",""-769713888888889"""
"ESP32_Ultra_12,""Parque"",""3417"",""-120438888888889"",""-769713888888889"""
"ESP32_Ultra_12,""Parque"",""6492"",""-120438888888889"",""-769713888888889"""
"ESP32_Ultra_12,""Parque"",""1182"",""-120438888888889"",""-769713888888889"""
"ESP32_Ultra_12,""Parque"",""3456"",""-120438888888889"",""-769713888888889"""
"ESP32_Ultra_12,""Parque"",""243"",""-120438888888889"",""-769713888888889"""
"ESP32_Ultra_12,""Parque"",""633"",""-120438888888889"",""-769713888888889"""
